{"type":"FeatureCollection","features":[{"type":"Feature","properties":{"id":"ID_00000","name":"APA Rio Preto","descriptio":"<html xmlns:fo=\"http://www.w3.org/1999/XSL/Format\" xmlns:msxsl=\"urn:schemas-microsoft-com:xslt\">\n\n<head>\n\n<META http-equiv=\"Content-Type\" content=\"text/html\">\n\n<meta http-equiv=\"content-type\" content=\"text/html; charset=UTF-8\">\n\n</head>\n\n<body style=\"mar","timestamp":"","begin":"","end":"","altitudemo":"clampToGround","tessellate":-1,"extrude":0,"visibility":-1,"draworder":null,"icon":"","snippet":""},"geometry":{"type":"Polygon","coordinates":[[[-45.56954765518906,-10.22161674481545],[-45.56926727494083,-10.22152137738387],[-45.60849380678418,-10.37493324262692],[-45.60958671754747,-10.37715721113298],[-45.60990524476822,-10.37766265852081],[-45.61135673707379,-10.37869071943421],[-45.61394500916168,-10.37960815412724],[-45.61785888854602,-10.38000678999251],[-45.62010383788108,-10.38046455366492],[-45.62422752561455,-10.38086318953013],[-45.63491439997723,-10.38095092756992],[-45.63797378717657,-10.38123512251684],[-45.64144516167954,-10.38176918013492],[-45.64507484611853,-10.38302040083882],[-45.64653396781898,-10.38321685774843],[-45.65073204214954,-10.38301658614301],[-45.65358162099989,-10.38315582259386],[-45.65423011953349,-10.3832283018422],[-45.65635681325374,-10.38396453841492],[-45.65848732167135,-10.38415908797588],[-45.66144752674207,-10.38501167281535],[-45.66396522693106,-10.38600158675654],[-45.66555595568683,-10.38702964766995],[-45.66862487962936,-10.38856887801734],[-45.67003059556812,-10.38959693893067],[-45.67159843614036,-10.39052581771522],[-45.6721267717103,-10.3909950254791],[-45.67355346848355,-10.39466476424892],[-45.67370224167623,-10.39622879012776],[-45.67370414902383,-10.40102195724195],[-45.67385292221662,-10.40242195113855],[-45.67429161240053,-10.40520668014249],[-45.67538643051233,-10.40957260116324],[-45.67572593856799,-10.41040420516715],[-45.67714691329569,-10.41231918319474],[-45.67972946333759,-10.4163475035079],[-45.67990112471382,-10.41780281051482],[-45.67963028120825,-10.41950416549518],[-45.67796707320352,-10.42392921432289],[-45.6772098557978,-10.42546844466926],[-45.67685318160402,-10.42654609664679],[-45.67663002181423,-10.42803764327769],[-45.67655182051981,-10.43153762801886],[-45.67666626143702,-10.43411445602163],[-45.67719841170322,-10.4392967222572],[-45.67792320418115,-10.44367218002106],[-45.67886543440284,-10.44701576217447],[-45.67913818525663,-10.44762039169109],[-45.68083381818671,-10.44984245284868],[-45.68172264264716,-10.45133781417709],[-45.6819496171339,-10.45197868331766],[-45.68290901349374,-10.45310783370865],[-45.68345070050396,-10.454103469695],[-45.68400573895466,-10.45482254012966],[-45.68663406536404,-10.45741462692222],[-45.68758011028346,-10.45874214157086],[-45.68836403056944,-10.46023178085331],[-45.68932533427761,-10.46276664718659],[-45.6908836381065,-10.46538543685966],[-45.69116211100615,-10.46606826767029],[-45.69128036662089,-10.46722221359308],[-45.69111633463872,-10.46769332870536],[-45.6908416764361,-10.46800613388117],[-45.68901825114728,-10.46886825546268],[-45.68838310405387,-10.46941184982295],[-45.6876087205104,-10.47167777999853],[-45.68637466594758,-10.47253799423171],[-45.68564796611999,-10.47358322128229],[-45.68544769451388,-10.47446823104783],[-45.68545150921077,-10.47599601730268],[-45.68523597881565,-10.47670555099417],[-45.68442154095111,-10.47783851608174],[-45.68291282818593,-10.47883796676503],[-45.68241119549651,-10.47947311385967],[-45.682376863221,-10.48046874984595],[-45.68342590496604,-10.48326301559318],[-45.68339157269042,-10.48461914047103],[-45.68311309979049,-10.48566436752179],[-45.68275070355098,-10.48638534530492],[-45.68202209637469,-10.48724555953821],[-45.68163299725455,-10.48749542220895],[-45.68014908002157,-10.48797035201815],[-45.67676925825224,-10.48784446700775],[-45.67438697981563,-10.48676681502952],[-45.67306518721628,-10.4865837095605],[-45.66800117660795,-10.48727798446171],[-45.66678047348583,-10.48720550521323],[-45.66615104843862,-10.48703384383627],[-45.66287803819287,-10.48547172530527],[-45.66163635423596,-10.48470687850315],[-45.65980911425055,-10.48277091964033],[-45.65870666674367,-10.48123359664207],[-45.65816307238477,-10.48082351668592],[-45.65786934069602,-10.48083877547498],[-45.65767669848451,-10.48133659346814],[-45.65855407885314,-10.48287582381495],[-45.66055298021517,-10.48479080184271],[-45.66129112413417,-10.48516845687224],[-45.6626873033299,-10.48635482772203],[-45.66380882432306,-10.48711013778088],[-45.66479301621518,-10.48759460433383],[-45.66867447067343,-10.48877525313857],[-45.66867637802201,-10.48912811263573],[-45.66897773910521,-10.48939132674692],[-45.67042541671398,-10.49006271346616],[-45.67306518721546,-10.49056243880851],[-45.67507171797247,-10.49046516402863],[-45.67742157148247,-10.49081230148043],[-45.67910957501844,-10.49130821212534],[-45.68337249920245,-10.4934196470629],[-45.68384742901077,-10.49371910079828],[-45.6846694962694,-10.49455451949965],[-45.68524551555509,-10.49542236312776],[-45.68604278728119,-10.49806785568159],[-45.6867542283195,-10.49847030624322],[-45.68721962138475,-10.49892997726388],[-45.68738556071531,-10.4993610380549],[-45.68728828593525,-10.49967193588206],[-45.68750572367868,-10.50048446639955],[-45.68780708476193,-10.50108718856774],[-45.68980407877545,-10.50306892379768],[-45.6909217850716,-10.5032768247988],[-45.69131851358625,-10.50372314437905],[-45.69160461588029,-10.5047855375676],[-45.69261551065313,-10.50617599472102],[-45.6928157822589,-10.50680541977],[-45.69301414651615,-10.50755882247983],[-45.69306183023136,-10.51023483261185],[-45.69324684304824,-10.51068305954056],[-45.6939048783249,-10.51156997665498],[-45.69584655922827,-10.51333045944352],[-45.69649887245908,-10.5142364500441],[-45.69711113136849,-10.51565742477583],[-45.69712829750583,-10.51717948898471],[-45.69680404823886,-10.51792144760287],[-45.6953334824461,-10.51930236801267],[-45.69519233864739,-10.52005577072254],[-45.69533729714306,-10.52057266220209],[-45.69736862343176,-10.52359962448285],[-45.69805145424051,-10.52490615829628],[-45.69836807411243,-10.52700233444392],[-45.69855308692925,-10.52767372116275],[-45.69904327552661,-10.52856445297437],[-45.70077324073229,-10.53032302841417],[-45.70176315467035,-10.53067207321428],[-45.70215988318503,-10.53096580490374],[-45.7022590653137,-10.5313987730434],[-45.70220756690043,-10.53276252731589],[-45.70237732092831,-10.53312683090474],[-45.70266151587394,-10.53316879257475],[-45.70370674292247,-10.53276061996757],[-45.7045326248786,-10.53266334518753],[-45.70484543005362,-10.53288650497766],[-45.70505714575133,-10.5332775114474],[-45.70535469213729,-10.53344345077843],[-45.70566558996379,-10.53331756576865],[-45.70693969884787,-10.53188705429449],[-45.70753288427144,-10.53162193283471],[-45.70850944676924,-10.53166198715615],[-45.70882034459563,-10.53175926193642],[-45.70995521702942,-10.53281974777658],[-45.71057701268224,-10.53323745712729],[-45.7119579330892,-10.53385734543322],[-45.71313285984429,-10.5341911314441],[-45.71466064609567,-10.53485870346607],[-45.71656227267842,-10.53484535202602],[-45.7173843399372,-10.53512382492661],[-45.71783828891068,-10.53582191452641],[-45.71788597262614,-10.53741455063474],[-45.71806907809441,-10.53762435898429],[-45.71927070773045,-10.53746795639664],[-45.72060012972465,-10.53700447067925],[-45.72281265413391,-10.53653907761337],[-45.72432518159634,-10.53657913193493],[-45.72537231599344,-10.53682899460617],[-45.72629356538099,-10.53738594040705],[-45.7275600448701,-10.53896903977264],[-45.7292194381767,-10.54019546494384],[-45.72973060760909,-10.5408058165064],[-45.73004341278401,-10.54154586777608],[-45.73004341278399,-10.54200744614511],[-45.72977638397592,-10.54256629929439],[-45.72943878326852,-10.54290199265369],[-45.72799873505377,-10.5437164305198],[-45.72801399384265,-10.54441261277065],[-45.72834205780662,-10.54497909531468],[-45.72893715057874,-10.54546737656484],[-45.73002624664556,-10.54596710190678],[-45.73086166534489,-10.54616165146754],[-45.73304748687333,-10.54627227768875],[-45.7332305923417,-10.54641151413911],[-45.73395538482027,-10.5477237699985],[-45.73426818999536,-10.54800224289894],[-45.73498916777697,-10.54784774765991],[-45.73601913603664,-10.5470352171424],[-45.73683929594699,-10.54692077622474],[-45.73717880400287,-10.54703330979416],[-45.73739242704919,-10.54726982102453],[-45.73747825773738,-10.54803848252357],[-45.73708725126817,-10.54985046372474],[-45.73713302763506,-10.55103683457437],[-45.73734474333278,-10.55142784104417],[-45.73822975309641,-10.55189514145921],[-45.73981475980675,-10.55222702012172],[-45.74028206022086,-10.55216979966296],[-45.74189758450962,-10.55084991440929],[-45.74247551114416,-10.55059814439003],[-45.74294471890677,-10.55055427537149],[-45.74341011197218,-10.55073547349169],[-45.74504089504942,-10.55212783799404],[-45.74644279629159,-10.5523071287658],[-45.74664878994329,-10.55349349961544],[-45.74693298488883,-10.55384254441523],[-45.7475261703124,-10.55363273606572],[-45.74802017360747,-10.55266952500633],[-45.74913406520688,-10.55149459824881],[-45.74958610683191,-10.5511703489813],[-45.75011062770486,-10.55098915086124],[-45.75156784205726,-10.55090141282453],[-45.75414848475185,-10.55127525315706],[-45.7553386702962,-10.55169296250781],[-45.75658798364776,-10.55296134934902],[-45.75780677942146,-10.5539035795738],[-45.7579059615501,-10.55440711961284],[-45.75773811487046,-10.55551147447122],[-45.75783920434774,-10.55630683885117],[-45.7593193068834,-10.55751419053605],[-45.7595329299297,-10.5580730436855],[-45.75957679894813,-10.55864524827532],[-45.75988960412316,-10.55920410142478],[-45.76029968407833,-10.5593833921963],[-45.76076698449236,-10.55933952317792],[-45.76247024681813,-10.55809593186955],[-45.76280975487406,-10.55803871141076],[-45.76534462120159,-10.55903816209479],[-45.76609611656121,-10.55981826768588],[-45.76737594749076,-10.56212615953188],[-45.76798629905185,-10.56271171556211],[-45.7684097304474,-10.5629329680037],[-45.76959419394586,-10.56317329393166],[-45.77034378195702,-10.56346511827263],[-45.77099609518797,-10.56393623338511],[-45.7710399642063,-10.56470298753547],[-45.7704048171126,-10.56634712205677],[-45.77043342734197,-10.56665420518668],[-45.77065849448013,-10.56693267808706],[-45.77170562887735,-10.56716537462048],[-45.77346229696453,-10.56728363023623],[-45.77469253682997,-10.56831169114943],[-45.77611541890703,-10.56864547716051],[-45.77683830403727,-10.56953430162361],[-45.77835273884848,-10.56984901414814],[-45.77886200093239,-10.57012557970023],[-45.77932930134639,-10.57070922838184],[-45.77983284138421,-10.57204246507631],[-45.78028679035782,-10.57219505296698],[-45.7818698897199,-10.57217407213245],[-45.78273582599723,-10.57275581346555],[-45.78344345233838,-10.57381248460825],[-45.78352928302658,-10.5743827818495],[-45.78303337238277,-10.57649993883178],[-45.78317451618129,-10.57693099962291],[-45.7843437208905,-10.57809066759186],[-45.78540611407673,-10.57878494249436],[-45.78607368609666,-10.58017539964776],[-45.78801536700063,-10.58197784410623],[-45.78800201556004,-10.58274459825654],[-45.7871818556492,-10.58463859544877],[-45.78729629656693,-10.58494377123006],[-45.78776359698097,-10.58516502367152],[-45.7888793959289,-10.58531379686522],[-45.78985786577545,-10.58599281297871],[-45.79114532609999,-10.58612823473174],[-45.79210281511166,-10.58678245531303],[-45.79371643205175,-10.5868320463778],[-45.79431152482398,-10.58700942980077],[-45.79554367203814,-10.58799552904429],[-45.79571342606597,-10.5888175963049],[-45.79568481583631,-10.59030532823851],[-45.79586982865315,-10.59073638902961],[-45.79619598526874,-10.59108543382951],[-45.79756927628147,-10.59194374071452],[-45.80066299575751,-10.59324645983119],[-45.80127716201587,-10.59407615648673],[-45.80185699599902,-10.59456253038809],[-45.80239677566104,-10.59478378282968],[-45.80378532546295,-10.594835281243],[-45.80422401564751,-10.59501647936324],[-45.80504608290654,-10.59568214403617],[-45.80656433241526,-10.59608268724954],[-45.80770301954664,-10.59685516344601],[-45.80827140943791,-10.59787368761601],[-45.80831337110764,-10.59887886034558],[-45.80846977369515,-10.59921455370488],[-45.81005096570841,-10.60040473925209],[-45.81073379651749,-10.60107421862223],[-45.8113307966382,-10.60249900805103],[-45.81257248059545,-10.60377883898401],[-45.81303024426616,-10.60576438891065],[-45.81365776196499,-10.60691070543923],[-45.81364631787284,-10.60858535753884],[-45.8133945478537,-10.60917472826633],[-45.8125820173376,-10.60996818529736],[-45.81133651868267,-10.61078453051204],[-45.81122398511356,-10.6110916136418],[-45.81130981580182,-10.61140060412046],[-45.81170654431651,-10.61172103869082],[-45.8134117139909,-10.6123199461618],[-45.81424331799307,-10.61300849901849],[-45.81535148754647,-10.61369132982911],[-45.82040214671608,-10.61533927904885],[-45.82219314707864,-10.6163997648891],[-45.82389068735825,-10.61808395373218],[-45.82518768442576,-10.62019538866898],[-45.82551765573832,-10.62184524523635],[-45.82565307749056,-10.62421226488973],[-45.82594108713339,-10.62545394884956],[-45.82773018014665,-10.63091087328851],[-45.82778740060543,-10.63165283190655],[-45.8275794996044,-10.63411712634012],[-45.82764053476035,-10.63554573046624],[-45.82777023446698,-10.63658142077387],[-45.82878494393712,-10.63967132555912],[-45.82828140389831,-10.64392471301015],[-45.82795524728262,-10.64461326586659],[-45.82725715768417,-10.64556312548563],[-45.8260402692586,-10.64689826952823],[-45.82565689218402,-10.64748573290708],[-45.82574272287226,-10.64799118029477],[-45.82635307443358,-10.64818382250684],[-45.82855224740298,-10.64816284167239],[-45.82942009102926,-10.64829826342528],[-45.82996559273716,-10.64858627306919],[-45.83041954171082,-10.64900398241979],[-45.8320560468342,-10.65182304369938],[-45.83247184883531,-10.65230178820618],[-45.8349189771263,-10.65413284289425],[-45.83675193915878,-10.6553134916982],[-45.83712196479277,-10.65578651415928],[-45.83732223639871,-10.65634536730877],[-45.83779525885841,-10.65851974475026],[-45.83836555609847,-10.65928649890071],[-45.839941026066,-10.66027259814413],[-45.84122276434463,-10.66187858569322],[-45.84310531744138,-10.66368103015161],[-45.84473800786782,-10.6647224425054],[-45.84697151311256,-10.66569709765719],[-45.84823417790501,-10.66651725756949],[-45.84883308537454,-10.66715049731562],[-45.84927559025633,-10.66794395434703],[-45.84969329960583,-10.67009353625627],[-45.84977340824792,-10.67198944079724],[-45.84961319096261,-10.67537689196911],[-45.84927940495215,-10.67737579333615],[-45.84874343998717,-10.67840957629507],[-45.84714508183556,-10.67976570117273],[-45.84663581975141,-10.680465698121],[-45.84642791875069,-10.68120574939033],[-45.84641456731026,-10.68189048754956],[-45.8476028455053,-10.68785285937582],[-45.84829139836018,-10.68969154345806],[-45.84900093204964,-10.69352149951276],[-45.84948539860141,-10.69414901721318],[-45.85108375675259,-10.69540786731109],[-45.85209465152589,-10.6968975065935],[-45.85226822025098,-10.69799995410324],[-45.85151291019348,-10.69982719409334],[-45.85178566104729,-10.70081710803387],[-45.85231208926883,-10.70158386218426],[-45.85344696170319,-10.70212364184764],[-45.85426712161377,-10.7022323607198],[-45.85579490786591,-10.70210266101307],[-45.8567333233915,-10.70223045337164],[-45.8582363141113,-10.70317649829379],[-45.85951423769269,-10.7049312590362],[-45.85977935915195,-10.70622634875795],[-45.86051750307146,-10.70663070666811],[-45.86218643312206,-10.70698738086281],[-45.86357498292408,-10.70780754077521],[-45.86519432191013,-10.70935058581947],[-45.8688430798375,-10.71360969531721],[-45.87128639343113,-10.71771812427269],[-45.87278366210465,-10.72159576404348],[-45.87322807433486,-10.72382736194387],[-45.87289428832445,-10.7260360716606],[-45.87291526915902,-10.72783660876998],[-45.87335586669233,-10.7288856505181],[-45.8745327007965,-10.73020935046943],[-45.87639236570993,-10.73162460315536],[-45.87693214537197,-10.73230934131455],[-45.87804031492536,-10.73442649829712],[-45.88130760312688,-10.73873329151074],[-45.88171959043068,-10.73999023425986],[-45.88185119748582,-10.74200057971882],[-45.88189697385275,-10.74306297290717],[-45.88166236997088,-10.74604797351761],[-45.88110160947355,-10.74719619739442],[-45.87783241392211,-10.75080680835564],[-45.87716865659903,-10.75127029407343],[-45.87615394712811,-10.75164985645116],[-45.87573051573234,-10.75197219836982],[-45.87565994383302,-10.75220489490308],[-45.87597274900816,-10.7526645659238],[-45.87697792173582,-10.7532348631651],[-45.87738800169107,-10.75365257251565],[-45.87751770139779,-10.75412750232528],[-45.87746238828746,-10.75489616382431],[-45.87631225706349,-10.75750732410242],[-45.87624168516415,-10.75805282581147],[-45.87634277464144,-10.75847244251056],[-45.87675476194524,-10.75904273975185],[-45.87843704343634,-10.75956916797494],[-45.88156700253735,-10.75939559924983],[-45.88299560666075,-10.75965499866416],[-45.88702964901189,-10.76124382007594],[-45.88855743526395,-10.7621059416585],[-45.889930726277,-10.76318931568207],[-45.89068222163685,-10.7641754149252],[-45.89120674250981,-10.765096664315],[-45.89288902400045,-10.76944732654673],[-45.893301011304,-10.77197265613666],[-45.89349365351504,-10.77614784229379],[-45.89424514887472,-10.77803421009187],[-45.89423370478286,-10.7787342070401],[-45.8935718548083,-10.77914047229872],[-45.89220237849234,-10.77909088123404],[-45.88918686030924,-10.77788162220046],[-45.88843727229798,-10.77746391284945],[-45.88744735835933,-10.77668380725852],[-45.88645744442069,-10.77623939502698],[-45.88558387874843,-10.77635383594488],[-45.8853034984998,-10.77685928333248],[-45.88489723324148,-10.77848815906482],[-45.88394165157788,-10.77975845325409],[-45.88362312435644,-10.78184318530968],[-45.88338470577766,-10.7824306486886],[-45.88201904415863,-10.78496551502135],[-45.88192367672705,-10.78569221485045],[-45.88209915280066,-10.78756332385905],[-45.88305473446328,-10.79193687427425],[-45.88288688778383,-10.79248428333196],[-45.8822669994792,-10.79293441760916],[-45.87962722897599,-10.79280281055303],[-45.87879371762494,-10.79290390003038],[-45.87773704648407,-10.79343986499604],[-45.87654686093915,-10.79462432849669],[-45.87551689267922,-10.79517364490288],[-45.87455749631857,-10.79537200916038],[-45.87344169737037,-10.79530715930676],[-45.87256622434943,-10.79501533496589],[-45.87083244444557,-10.79313468921353],[-45.86997032286512,-10.79266166675246],[-45.8682880413741,-10.79217720019948],[-45.86701393248983,-10.79087829578025],[-45.86593055846868,-10.78882598865125],[-45.86556053283474,-10.78765106189327],[-45.86505317809969,-10.78482818591657],[-45.86488342407177,-10.78450775134631],[-45.86424636962961,-10.78418731677581],[-45.86298942688289,-10.78404998767413],[-45.86192512634791,-10.78298950183398],[-45.86151504639259,-10.78287887561324],[-45.86096572998731,-10.78286552417267],[-45.8603305828936,-10.78310585010044],[-45.85908126954124,-10.78418922412354],[-45.85766983155539,-10.78497886645728],[-45.85634231690924,-10.78542900073449],[-45.85377693300276,-10.78567504870756],[-45.84977531557839,-10.78583908068925],[-45.84786987429766,-10.78571510302773],[-45.84660911685375,-10.78540992724617],[-45.84556007510768,-10.78483772265621],[-45.84361839420314,-10.78453636157186],[-45.84188461429918,-10.78404617297293],[-45.84089279301206,-10.78348922717192],[-45.83967018254082,-10.78252601611204],[-45.8388328564926,-10.78226280200073],[-45.83860588200567,-10.78240585314813],[-45.83855056889533,-10.78274154650733],[-45.83914947636468,-10.78448104846063],[-45.8396911633752,-10.78562736498903],[-45.83990478642154,-10.78682708727912],[-45.83990669376983,-10.78871726977426],[-45.83980941898965,-10.7892780302723],[-45.83951950199794,-10.7898197172838],[-45.83910942204248,-10.79039573657091],[-45.8385143292701,-10.79092788683929],[-45.837989808397,-10.79116821276709],[-45.83607483037316,-10.79145431506163],[-45.83344841131069,-10.79121208178466],[-45.83169365057174,-10.79163742052943],[-45.83027458319159,-10.79137611376659],[-45.82960701117135,-10.7913799284638],[-45.82878494391211,-10.79164695727207],[-45.82796096930415,-10.79251861559718],[-45.82684517035597,-10.7929000853235],[-45.82507133613086,-10.79263877856037],[-45.82423210273399,-10.79233360277916],[-45.82286834846425,-10.79127502428758],[-45.82217025886607,-10.79115104662631],[-45.82194519172775,-10.79153060900412],[-45.82181739936925,-10.79327392565467],[-45.82251358161838,-10.79665756212937],[-45.82245636115938,-10.79751396166536],[-45.82228660713128,-10.7979621885941],[-45.82127952705493,-10.79869461046884],[-45.82018661629037,-10.79904746996566],[-45.81738853585134,-10.79884529101021],[-45.81502342355112,-10.79904937731328],[-45.81391525399746,-10.7993755339292],[-45.81353187692299,-10.79937553392927],[-45.81293487680215,-10.79928016649761],[-45.81113243234771,-10.79844665514461],[-45.81025314462972,-10.79832077013473],[-45.81007003916124,-10.79861640917262],[-45.81011200083096,-10.7991065977714],[-45.81090736520893,-10.80159378038872],[-45.81093597543835,-10.80208396898738],[-45.81056594980407,-10.80321502672643],[-45.80816459787944,-10.8061847685473],[-45.80728531016124,-10.8067207335129],[-45.80545616282584,-10.80731391893747],[-45.80514526499928,-10.80749702440605],[-45.8049755109712,-10.80783271776544],[-45.80504608287043,-10.80832290636409],[-45.80577278269794,-10.8094501494061],[-45.80590248240462,-10.80992507921579],[-45.80590248240455,-10.81055641161323],[-45.80545234812778,-10.81184005724296],[-45.80550956858649,-10.81310081468924],[-45.80585098399103,-10.81367492662777],[-45.80718422068259,-10.81484603868867],[-45.80761146677541,-10.81550407396712],[-45.80693054331441,-10.81764793383013],[-45.80604171885296,-10.81919097887388],[-45.80579948557695,-10.81984519945503],[-45.80522728098782,-10.82224082933762],[-45.80477142466516,-10.82353782640775],[-45.80422210825989,-10.82450485216449],[-45.80361557139575,-10.82499694811179],[-45.80118179454471,-10.82620811449306],[-45.80074501170857,-10.82657432543045],[-45.79995155467867,-10.82772064195866],[-45.79953003063159,-10.82809829698784],[-45.79788780346188,-10.82848167406271],[-45.79608917370437,-10.82997131334446],[-45.79396820202873,-10.83032798753845],[-45.79071235791884,-10.83025169359257],[-45.789894105357,-10.8304500578501],[-45.78942680494273,-10.83102035509122],[-45.78922081129053,-10.83248901353845],[-45.78925323621702,-10.83338356004723],[-45.78936958448327,-10.83450126634603],[-45.78971290723633,-10.83551979051614],[-45.79012680188874,-10.83616256700538],[-45.79133606091936,-10.83735656724981],[-45.79210662976525,-10.83900260912014],[-45.79332733288764,-10.84006309496022],[-45.79452133312923,-10.84163856493107],[-45.79474067822133,-10.84303474413036],[-45.79460144177124,-10.84387588487738],[-45.79384422436517,-10.84583473192303],[-45.79351616040084,-10.84624671922774],[-45.79204559460766,-10.84694862352423],[-45.79142379895459,-10.84697723375364],[-45.79013633862999,-10.84675788866072],[-45.78880310193841,-10.84600639329908],[-45.78669357435476,-10.84546661363554],[-45.78533935682822,-10.84481239305417],[-45.78436279433023,-10.84457778917218],[-45.78287887709676,-10.84467887864938],[-45.78198814528703,-10.84503173814634],[-45.78142357009274,-10.84543800340503],[-45.78101539748592,-10.84601211534334],[-45.78046798842907,-10.84827232347311],[-45.78017234939147,-10.84852409349247],[-45.77789497512829,-10.84937858567971],[-45.77726173538336,-10.84992408738839],[-45.77674102920748,-10.85065269456601],[-45.77627945083903,-10.85213470445365],[-45.7759971632415,-10.85461425767621],[-45.77568817276348,-10.85504913316446],[-45.77479744095364,-10.85559463487321],[-45.77431869644778,-10.85556793199228],[-45.77406120438287,-10.85541534410162],[-45.77306938309604,-10.85419082627929],[-45.77181816239551,-10.85345077500941],[-45.77108001847625,-10.85266876206977],[-45.77027321000618,-10.85244941697676],[-45.76941108842585,-10.85274505601464],[-45.76868438859813,-10.85331153855845],[-45.76731681963086,-10.85485267625354],[-45.76663780351902,-10.85486984239108],[-45.76561737200251,-10.85418891892899],[-45.76470947405521,-10.8542594908281],[-45.76401901385136,-10.85500144944625],[-45.76276970049899,-10.85705184922619],[-45.76227760455264,-10.85766792283459],[-45.76181030413848,-10.85790634141352],[-45.76052284381392,-10.85798072800997],[-45.75890731952524,-10.85766410813644],[-45.75716591022717,-10.8569984434633],[-45.75653648517969,-10.85653305039668],[-45.75502014301986,-10.85584068284271],[-45.75215339803071,-10.85538482651901],[-45.75169944905706,-10.85499572739778],[-45.75060653829305,-10.85357475266608],[-45.749784471034,-10.8533821104539],[-45.74858284139773,-10.85356712327108],[-45.74740791464215,-10.85445594773383],[-45.74619102621667,-10.85575866684963],[-45.74467849875392,-10.85657119736692],[-45.74439621115675,-10.85683822617534],[-45.74429893637656,-10.85749053940794],[-45.74442863608323,-10.8579921720983],[-45.74574852133407,-10.8596630095009],[-45.74598884726119,-10.86030578599018],[-45.74596214438034,-10.86062622056052],[-45.74566459799412,-10.86108779892962],[-45.74519539023135,-10.86149024949101],[-45.74395179892531,-10.86198234543797],[-45.74375343466777,-10.86242866501804],[-45.74368477011696,-10.86351776108731],[-45.74348831320813,-10.86390876755702],[-45.74148941184474,-10.86569786057404],[-45.74058723594299,-10.86688613877222],[-45.74034691001566,-10.86774635300558],[-45.7402763381162,-10.86858367905525],[-45.73941612388434,-10.86989784226313],[-45.73937416221443,-10.87039947495355],[-45.73967361594895,-10.87172126755611],[-45.74042511130849,-10.87308692917738],[-45.74063873435469,-10.87395095810806],[-45.74042892600541,-10.87463378891859],[-45.73912239219444,-10.87561035141837],[-45.73871421958777,-10.87611389145733],[-45.73845863487132,-10.87690925583713],[-45.73806381370476,-10.87970542893276],[-45.7377681746671,-10.88006973252142],[-45.73740005638183,-10.88014030442093],[-45.73673248436175,-10.87977981552899],[-45.73596763756171,-10.87908554062652],[-45.73568534996468,-10.87901687607573],[-45.73456382897078,-10.87967872605109],[-45.73334884789415,-10.87991905197859],[-45.73317909386611,-10.88032531723726],[-45.73359108116974,-10.88162040695907],[-45.73349380638952,-10.88214874253023],[-45.73206329491779,-10.88293075546951],[-45.73145675805369,-10.8837127684087],[-45.73150062707199,-10.88431358322808],[-45.73223877099116,-10.88542556748122],[-45.73249435570728,-10.88620567307205],[-45.73243904259689,-10.88723182663663],[-45.73196029809073,-10.8887119291754],[-45.73183822777796,-10.89166069016164],[-45.7311363234823,-10.89298629746142],[-45.72964477685422,-10.89468765244147],[-45.72943306115636,-10.89513397202149],[-45.72940635827546,-10.89566230759287],[-45.72967720178061,-10.89603996262225],[-45.73120498803236,-10.89608955368687],[-45.7322406783376,-10.89683914169987],[-45.73355865624014,-10.89697456345317],[-45.73379898216735,-10.89719772324327],[-45.73377227928648,-10.89744758591407],[-45.7333488478908,-10.89783859238359],[-45.73260688927419,-10.89804458603585],[-45.73228454735573,-10.89861679062566],[-45.73186111596016,-10.89885520920464],[-45.73156356957414,-10.89874458298378],[-45.73102188256361,-10.89809036240272],[-45.73049736169077,-10.89771652207064],[-45.73034095910319,-10.89763450607931],[-45.72990226891856,-10.89773178085943],[-45.72953987267881,-10.89902877792965],[-45.72927284387074,-10.89935111984858],[-45.72802925256465,-10.89981269821744],[-45.72710609582809,-10.90100860581009],[-45.72683715967143,-10.90119171127866],[-45.72538185266758,-10.90144538864645],[-45.72500038294173,-10.90159988388574],[-45.72473335413367,-10.90194892868549],[-45.72469139246382,-10.90245246872464],[-45.72563171533749,-10.90375709518973],[-45.72574424890654,-10.90407752976001],[-45.72569084314492,-10.90438461288984],[-45.72539329675877,-10.90449714645911],[-45.72512436060213,-10.90435981735731],[-45.7244129195638,-10.90321922287479],[-45.72359085230481,-10.90309524521353],[-45.72325325159751,-10.90334892258158],[-45.72337722925808,-10.90476608261585],[-45.72275734095367,-10.90511703476402],[-45.72195053248373,-10.90527153000315],[-45.72125816493132,-10.90556716904109],[-45.7211322799218,-10.90594482407034],[-45.72119331507771,-10.90687751755188],[-45.72047233729607,-10.90692138657029],[-45.72010231166215,-10.90658760055952],[-45.71953582911942,-10.90646362289802],[-45.71905517726495,-10.90664672836675],[-45.71888733058558,-10.90691375717529],[-45.71884536891564,-10.90733146652595],[-45.71922302394396,-10.90835762009045],[-45.72075653224118,-10.90996932968551],[-45.72252845911711,-10.91099357590168],[-45.72264290003476,-10.91131401047204],[-45.72250175623613,-10.9114952085921],[-45.72126770167331,-10.91174316391416],[-45.72063446192838,-10.91247177109182],[-45.72033882289098,-10.91262626633092],[-45.71893692164877,-10.91285514816657],[-45.71710014491914,-10.9134616850313],[-45.71520805507939,-10.91355133041671],[-45.71430397182937,-10.91345787033347],[-45.71270370633005,-10.9130039213584],[-45.71084976346283,-10.91292762741279],[-45.71043777615909,-10.91283225998107],[-45.71015358121347,-10.91254043564018],[-45.71054077298559,-10.90996170028862],[-45.71008491666359,-10.90858268722702],[-45.71006775052606,-10.90798187240784],[-45.71029281766436,-10.90735626205625],[-45.71089744717985,-10.90649032577707],[-45.71080589444614,-10.9042301176472],[-45.71145248563153,-10.90289306625576],[-45.71138191373228,-10.90258789047445],[-45.71072769315286,-10.90159988388255],[-45.7107257858043,-10.9012508390826],[-45.71105003507126,-10.90058135971261],[-45.71242332608421,-10.89953422531366],[-45.71290207059015,-10.89880752548461],[-45.71389007717987,-10.89837264999671],[-45.71456909329181,-10.89791107162757],[-45.71479416043006,-10.89757537826829],[-45.71474838406307,-10.8967113493376],[-45.71459198147561,-10.89643287643716],[-45.71389770657488,-10.89588356003075],[-45.71357154995953,-10.89518737777968],[-45.71356964261101,-10.89468574508932],[-45.7141342178052,-10.89401435837066],[-45.7153186813038,-10.89336967453318],[-45.71564674526799,-10.89285850509953],[-45.71594619900368,-10.88792610153518],[-45.71715927273188,-10.88618087753639],[-45.71734047085165,-10.88562202438697],[-45.71743965298075,-10.88389778122306],[-45.71783638149565,-10.88346481308351],[-45.7188663497553,-10.88274955734651],[-45.71882248073699,-10.88199806198511],[-45.71794510036801,-10.88062286362053],[-45.71780204922096,-10.88010787948969],[-45.7180118575704,-10.87899208053963],[-45.7179679885522,-10.87711334213629],[-45.71819496303914,-10.87649917587651],[-45.7191391006105,-10.87596702560824],[-45.71930885463846,-10.87575721725873],[-45.71942329555633,-10.87521362289835],[-45.7192077651616,-10.87362861618456],[-45.71807480007624,-10.87290573105236],[-45.71773338467192,-10.87158012375249],[-45.71698188931241,-10.87086105331777],[-45.71678352505512,-10.8703746794164],[-45.71681213528463,-10.86967658981676],[-45.7176151290576,-10.86841773971917],[-45.71791076809515,-10.8676414488258],[-45.71789550930643,-10.86594009384538],[-45.71756935269119,-10.86480903610596],[-45.71739959866333,-10.86443328842526],[-45.71570968777853,-10.86271476730679],[-45.71478653104252,-10.86147880539251],[-45.71448898465655,-10.86078262314145],[-45.71405983121543,-10.85887718185715],[-45.71347808988384,-10.8581390379361],[-45.71204948576111,-10.85730552658333],[-45.71159744413627,-10.85683059677371],[-45.71119117887868,-10.85463523849722],[-45.71104812773165,-10.8543834684777],[-45.71049499662938,-10.85391044601652],[-45.710029603564,-10.85389709457595],[-45.70713615569399,-10.85541152938978],[-45.70586395415851,-10.85623931869622],[-45.703388215638,-10.85853004440368],[-45.70293617401296,-10.8587684629826],[-45.70191764984526,-10.85888290390034],[-45.70095825348492,-10.85965156539916],[-45.70064926300702,-10.86018371566759],[-45.70028114472099,-10.86327934249859],[-45.69991493378413,-10.86418724044764],[-45.69967460785668,-10.86553955062836],[-45.69942093048893,-10.86641883834805],[-45.69845962677973,-10.8684158323662],[-45.69798088227338,-10.87091255172656],[-45.69735908662038,-10.87165260299598],[-45.6971321121334,-10.87215423568636],[-45.69664955292987,-10.8746337889087],[-45.69626808320403,-10.87530517562742],[-45.69592857514812,-10.87552833541734],[-45.69492340242083,-10.87558746322482],[-45.69388961946414,-10.87540817245313],[-45.69335174715076,-10.87554740890318],[-45.69277191316758,-10.87602424606124],[-45.69204330599132,-10.87702369674455],[-45.69083976900648,-10.87789154037231],[-45.69028854525254,-10.87932777389268],[-45.68975067293916,-10.87989997848234],[-45.68935585177295,-10.88015365585037],[-45.68816566622871,-10.88046073898015],[-45.68781280673235,-10.88083839400928],[-45.68763923800703,-10.88133811935106],[-45.68730354464778,-10.88418388351105],[-45.68684959567411,-10.88454818709984],[-45.68634033359032,-10.88461875899904],[-45.68445587314535,-10.88430023177696],[-45.68407440341955,-10.88453865035611],[-45.68354606784931,-10.88520431502878],[-45.68234253086461,-10.88557052596596],[-45.68138122715558,-10.88688278182516],[-45.6801490799413,-10.88780403121445],[-45.67799568333904,-10.89109420760553],[-45.677528382925,-10.89145660384572],[-45.67581558385643,-10.89201736434324],[-45.67494583288174,-10.89244461043682],[-45.67319107214322,-10.89382553084657],[-45.67225647131519,-10.89385604842448],[-45.67086792151377,-10.89338493331178],[-45.67020225684243,-10.89340019210083],[-45.66969299475863,-10.89359664900976],[-45.66909980933496,-10.89425277693939],[-45.66833305518605,-10.89568138106513],[-45.66607093971244,-10.89696884139167],[-45.66510963600352,-10.89772033675278],[-45.66412162941381,-10.89868354781213],[-45.6631412522185,-10.90020751936959],[-45.66257667702435,-10.90051460249916],[-45.65909958047456,-10.90113449080408],[-45.65712165994691,-10.90098571761035],[-45.6563720719359,-10.90070915205829],[-45.65525245829128,-10.89967536909907],[-45.65454101725326,-10.89793395979722],[-45.65442276163869,-10.89616966231175],[-45.65454673929968,-10.89562416060278],[-45.65506744547535,-10.89467620833247],[-45.65576553507405,-10.8913593290602],[-45.6563434617087,-10.89034080489038],[-45.65803909463984,-10.88796806319161],[-45.65853119058623,-10.88685226424143],[-45.65900802774379,-10.88451194746926],[-45.65873909158756,-10.88289451582865],[-45.65810394449442,-10.88211441023758],[-45.65742683573148,-10.88162803633605],[-45.65676307840878,-10.88137817366497],[-45.65455436869724,-10.88082122786374],[-45.65019416973272,-10.88089942915665],[-45.64920807049175,-10.88133430464449],[-45.64797210858039,-10.88232040388748],[-45.64650535748498,-10.88283920271524],[-45.64276886152202,-10.88329696638615],[-45.64059066938836,-10.88376045210344],[-45.63970184492754,-10.88383293135132],[-45.6384887712,-10.88344383222985],[-45.63697242904075,-10.88216018659956],[-45.63588524032293,-10.88094902021762],[-45.63518142867935,-10.87955474836677],[-45.63482856918313,-10.8793315885765],[-45.63412094284205,-10.87937545759491],[-45.63333320785844,-10.87986564619339],[-45.63024521042859,-10.88271522504994],[-45.62849426438756,-10.88411521894599],[-45.62746429612835,-10.88429832441464],[-45.62679863145711,-10.88410377485377],[-45.62438965013986,-10.88291931135232],[-45.62318992785274,-10.88288116437932],[-45.62234115771314,-10.88319015485772],[-45.61947822742179,-10.88500595075525],[-45.61894035510847,-10.88549613935384],[-45.61813354663833,-10.88761901838185],[-45.61719703846149,-10.88912391645309],[-45.61585235767852,-10.88985252363029],[-45.61411094838073,-10.89045524579784],[-45.61299324208454,-10.89132308942545],[-45.61109161550166,-10.89370918256468],[-45.60969162160837,-10.89493942243246],[-45.6073627489328,-10.89757537824236],[-45.60542297537769,-10.89895820600055],[-45.6047859209357,-10.8996429441597],[-45.60383415396998,-10.9010925291202],[-45.60289001639863,-10.90283584577055],[-45.6022949236265,-10.90351867658076],[-45.59982681450121,-10.90571975690245],[-45.59940338310567,-10.90629005414358],[-45.59885215935189,-10.90755844098425],[-45.59858894524066,-10.9097957609304],[-45.59830284294547,-10.9142932890065],[-45.59780693230177,-10.91577720624268],[-45.59738350090623,-10.91661262494376],[-45.59677505669359,-10.91739273053442],[-45.59564972100286,-10.91841697674995],[-45.59472847161533,-10.91908454877121],[-45.59185218988387,-10.92056083661206],[-45.59058571039464,-10.92141723614799],[-45.58507156551052,-10.92291259747459],[-45.58010292233416,-10.9247798917848],[-45.57953643979161,-10.9247951505737],[-45.57895660580872,-10.9245471952514],[-45.57875824155152,-10.9242553709104],[-45.57889557065301,-10.92308235150127],[-45.58019828976656,-10.92065620404069],[-45.58125686825563,-10.91824531536903],[-45.58254623592865,-10.91611289959812],[-45.58305359066403,-10.91480445843601],[-45.58316040218769,-10.91257858258164],[-45.58282852352681,-10.91047859173671],[-45.58281135738947,-10.9092578886117],[-45.58324623287706,-10.90755844098021],[-45.58413696468666,-10.90625190716695],[-45.5843906420544,-10.90561294537498],[-45.58517646968972,-10.90274238568276],[-45.58585739315016,-10.90191078167909],[-45.58858871638603,-10.89946937542991],[-45.58972549616869,-10.898202895938],[-45.59095573603415,-10.89608383160734],[-45.59262848078149,-10.89406585675414],[-45.59343528925149,-10.89241981488424],[-45.59369087396796,-10.89100265485026],[-45.59351349054676,-10.88558387738434],[-45.5937976854928,-10.88365745526527],[-45.59461021600895,-10.88103485089547],[-45.59461021600909,-10.8803367612959],[-45.59403038202716,-10.87621307355154],[-45.5944461840286,-10.87389755231144],[-45.59460258661657,-10.87162208539266],[-45.59630966363973,-10.86700248700438],[-45.5970344561191,-10.86387824994404],[-45.59738922296418,-10.86282920819612],[-45.59748840509303,-10.86198997479768],[-45.59747505365286,-10.86113738995882],[-45.59717559991859,-10.85948181134554],[-45.59757232843381,-10.85695457440721],[-45.59748649774562,-10.85638046246862],[-45.59603691278871,-10.85453987103758],[-45.59603309809184,-10.85255813580808],[-45.59555053888922,-10.85178947430889],[-45.59476852595188,-10.85100936871801],[-45.59451103388722,-10.85046958905484],[-45.59451103388741,-10.84956169110561],[-45.59472274958522,-10.84898757916728],[-45.59544563471553,-10.84796524030015],[-45.59550094782585,-10.84747505170165],[-45.59508705317364,-10.84690284711167],[-45.59323692500472,-10.84553909283876],[-45.59269523799461,-10.84499549847823],[-45.59175300777267,-10.84335327130509],[-45.59129524410225,-10.84216499310681],[-45.59059333980767,-10.83951377850697],[-45.59043312252326,-10.83818435650998],[-45.58996200741244,-10.83689880353123],[-45.58961296261414,-10.83431434613379],[-45.58878326596128,-10.83265495282289],[-45.58869552792457,-10.83173179608462],[-45.5891189593203,-10.83052635174877],[-45.58975410641354,-10.82965660077246],[-45.59184074581292,-10.82843589764808],[-45.59208107174013,-10.82814216595866],[-45.59216690242845,-10.82779312115897],[-45.59203720272194,-10.82703590375173],[-45.59129142940889,-10.82505416852197],[-45.59104728878472,-10.82396316510398],[-45.59082794369309,-10.82139205914677],[-45.59081077755563,-10.82051086407847],[-45.59092331112473,-10.82009124737925],[-45.59271621883551,-10.81813240033389],[-45.595766069292,-10.81708717328397],[-45.59648704707343,-10.81662368756635],[-45.59648323237666,-10.81463623029088],[-45.59678077876297,-10.81343460065244],[-45.59726333796602,-10.81270408612616],[-45.59808349787626,-10.81183433514991],[-45.59850692927185,-10.81103515607278],[-45.59877395808037,-10.80825233441765],[-45.59837341486899,-10.80616760236185],[-45.59838867365807,-10.80568122846051],[-45.59893799006336,-10.80377769452515],[-45.59877968012741,-10.80293846112665],[-45.59873581110934,-10.80152893048701],[-45.59904861628458,-10.80045127850946],[-45.59907341181708,-10.79877090436406],[-45.59941291987307,-10.79819679242568],[-45.59967994868119,-10.79713630658591],[-45.59963607966289,-10.79657745343653],[-45.5983791369178,-10.79317283612648],[-45.59786415278865,-10.79100608807961],[-45.59730911433801,-10.79029464703934],[-45.59630966365716,-10.78971481305487],[-45.59579849422492,-10.78925514203404],[-45.59562683284849,-10.78875350934368],[-45.59545135677524,-10.786460876287],[-45.59434890926868,-10.78437423688246],[-45.59413337887398,-10.78322792035404],[-45.59313011349622,-10.78117752057358],[-45.5930862444778,-10.78078651410385],[-45.59404945553519,-10.77962493878673],[-45.59404945553526,-10.77924728375734],[-45.59350776852502,-10.77902412396731],[-45.59222984494416,-10.77910041791222],[-45.59181595029193,-10.77891921979199],[-45.59147262753911,-10.77836227399116],[-45.59146881284207,-10.77732086163764],[-45.59230232419275,-10.77589225751177],[-45.59225845517451,-10.77532005292203],[-45.59185600461414,-10.77475357037791],[-45.5917701739259,-10.77422523480677],[-45.59197616757808,-10.77268791180863],[-45.59180259885322,-10.77155685406937],[-45.59102630796198,-10.77032089215517],[-45.59073829831928,-10.76922035199397],[-45.58856010618652,-10.7679424284094],[-45.588542940049,-10.76722145062619],[-45.58957481565707,-10.76580810528958],[-45.58907318296816,-10.76431655865858],[-45.58993339719977,-10.76272582989908],[-45.59000587644836,-10.75954437237962],[-45.59050369444058,-10.75830268841976],[-45.59088516416625,-10.75779914838082],[-45.59121132078171,-10.75761604291204],[-45.59263038816099,-10.75734710675538],[-45.5933952349609,-10.75685501080833],[-45.59366417111757,-10.75653266888935],[-45.59427070798163,-10.75470924359658],[-45.5945110339089,-10.75430297833788],[-45.59540176571826,-10.75353240949044],[-45.59599495114185,-10.75251197797203],[-45.59629059017965,-10.7503528593198],[-45.59651756466643,-10.75017166119971],[-45.59708595455757,-10.7500839231628],[-45.59829521358763,-10.75065231305562],[-45.59884834468983,-10.75060844403725],[-45.59931564510369,-10.75028610211843],[-45.60016822994063,-10.74915695172809],[-45.60142898738415,-10.74781227094223],[-45.60173988521054,-10.74733734113278],[-45.60346031367399,-10.74339675885789],[-45.60475158869552,-10.74160957318919],[-45.60602379023099,-10.73899269086531],[-45.60717392145411,-10.73753929120752],[-45.60836219964955,-10.73670959455247],[-45.61028289971818,-10.73573493940161],[-45.61220932183289,-10.73435974103781],[-45.61277389702694,-10.73367309553023],[-45.61281395134822,-10.733404159373],[-45.61444091972816,-10.73248100263507],[-45.61617279228273,-10.73130226118047],[-45.61907196219767,-10.73052024824193],[-45.62163734610282,-10.72903442365756],[-45.62059211905465,-10.72875595075685],[-45.61890793021605,-10.72865104658161],[-45.61752128776351,-10.72829055768968],[-45.61713791068929,-10.72805595380776],[-45.61604881462288,-10.72692680341696],[-45.61561393913572,-10.72662925703003],[-45.61477852043662,-10.72639465314807],[-45.61394500908622,-10.72639656049643],[-45.61042404351866,-10.72705268842505],[-45.60751724420946,-10.72704887372725],[-45.60661125361116,-10.72687149030415],[-45.60615539728914,-10.72645378095339],[-45.60594368159148,-10.72593688947392],[-45.60609817683074,-10.72454071027462],[-45.60578537165581,-10.7240238187951],[-45.60531807124201,-10.72385787946389],[-45.60425949275344,-10.72384071332593],[-45.60342407405442,-10.72363471967354],[-45.60311126887947,-10.72335815412163],[-45.60261345088774,-10.72250556928248],[-45.60234451473126,-10.72236824018091],[-45.60032081783677,-10.72268104535615],[-45.59920120419223,-10.72249031049265],[-45.59793663205191,-10.72208976727944],[-45.5961151141122,-10.72257041913437],[-45.59466743650349,-10.72263145429032],[-45.59399986448366,-10.72280120831847],[-45.59338951292267,-10.72308349591584],[-45.59192848387336,-10.72409439069094],[-45.59085083189851,-10.72455978375706],[-45.5892944354181,-10.72460174542658],[-45.58761978332276,-10.72439765912234],[-45.58682441894485,-10.72465133649034],[-45.58563232605207,-10.72621917706626],[-45.58429908936085,-10.72724342328166],[-45.58233642762261,-10.72788619977053],[-45.58034515565493,-10.72890090924252],[-45.57920837587265,-10.72907257061925],[-45.57674026674826,-10.72863197308429],[-45.57608795351755,-10.72864913922185],[-45.57403946109101,-10.72932434063735],[-45.57341575808974,-10.7294101713256],[-45.57250786014289,-10.72939872723361],[-45.57069206424919,-10.72902679424973],[-45.56896209904398,-10.72826194744754],[-45.56585884282735,-10.7245178220805],[-45.56413841436559,-10.72265624981447],[-45.56194877814153,-10.71973037701104],[-45.56189155768303,-10.71829032879329],[-45.56175041388472,-10.71766281109312],[-45.55895233344847,-10.7148494718589],[-45.55822754097024,-10.71342468242999],[-45.55811310005278,-10.71268463116051],[-45.55818176460346,-10.71211242657071],[-45.55876541328385,-10.71075630169284],[-45.55885124397225,-10.71018409710314],[-45.55876541328408,-10.70973777752306],[-45.55849456977902,-10.70938873272307],[-45.55652237129826,-10.70823287945103],[-45.55622482491243,-10.70789718609162],[-45.5560264606553,-10.70747947674109],[-45.55589294625151,-10.70648956280053],[-45.55532455636065,-10.70563888531025],[-45.55200767709755,-10.7036514280339],[-45.55062866404006,-10.70197677593396],[-45.55024147226908,-10.70042800884395],[-45.55035209848974,-10.69906043987431],[-45.5514259357676,-10.69753646831702],[-45.5518188495852,-10.69616317730153],[-45.55187797739283,-10.69553756694989],[-45.55141830637382,-10.69412612896167],[-45.55033683970229,-10.69271659832159],[-45.54986763194011,-10.69168281536253],[-45.54969215586655,-10.69095993023066],[-45.54968834116949,-10.69008064251096],[-45.55032158091465,-10.68693542461562],[-45.55112457468734,-10.68494987468922],[-45.55131912424786,-10.68295288067066],[-45.5514736194868,-10.68242263775073],[-45.55195617868978,-10.68162345867374],[-45.55343246652791,-10.68050765972404],[-45.55399704172184,-10.67980957012458],[-45.55450821115424,-10.67907905559833],[-45.55578422738682,-10.67644309978815],[-45.55670547677416,-10.67563056927079],[-45.55769539071209,-10.67506790142432],[-45.5582942981813,-10.67451477032113],[-45.55915832711001,-10.67335128765529],[-45.56108474922419,-10.67255020123005],[-45.56219291877734,-10.67063522320301],[-45.56290245246702,-10.67000389080567],[-45.5635108966796,-10.66888236980973],[-45.5647430438933,-10.66805458050348],[-45.56481361579282,-10.666883468443],[-45.56457138251754,-10.66495323162643],[-45.56471443366487,-10.66368484478571],[-45.56519699286792,-10.6626758573592],[-45.5659751911083,-10.66149139385833],[-45.56610298346666,-10.6603584287706],[-45.56591797065002,-10.65930747967393],[-45.56472587775819,-10.65711593609452],[-45.56475258063919,-10.65621948223695],[-45.56500625800689,-10.65516853314045],[-45.56502151679616,-10.65423011761309],[-45.56312179756568,-10.6422672269876],[-45.5626316089694,-10.63798713665555],[-45.56166839791337,-10.63349151592779],[-45.56118393136225,-10.6324844358496],[-45.56047249032426,-10.63153266888148],[-45.55895233346908,-10.62703704815356],[-45.55694961741123,-10.62185096722049],[-45.55632019236438,-10.62059783916861],[-45.55499458506861,-10.61862564068197],[-45.55265999034898,-10.6159343717605],[-45.5511188526583,-10.61383056621807],[-45.55024910168454,-10.61202621441107],[-45.5495471973902,-10.60930442791209],[-45.54827690320475,-10.60692024212058],[-45.54674148756001,-10.60472869854116],[-45.54581260877887,-10.60275077800868],[-45.54532814222789,-10.60112953167068],[-45.54525184828319,-10.59913825969803],[-45.54616356092843,-10.59407234172946],[-45.5465316792137,-10.59334945659785],[-45.54833984571322,-10.59108352642249],[-45.54859733777817,-10.59041786174977],[-45.54880905347599,-10.58970451336131],[-45.54910278516515,-10.58749961834172],[-45.54972648816693,-10.58518600445042],[-45.54998016553493,-10.58284187298076],[-45.55020523267306,-10.58240890484117],[-45.5510272999318,-10.58164405803965],[-45.55149269299694,-10.5813789365797],[-45.55218696789761,-10.58040046673131],[-45.5529670734869,-10.57836532574036],[-45.55484962658328,-10.57451438885124],[-45.5556545277051,-10.57062530498933],[-45.55664634899192,-10.56861686687919],[-45.55709839061698,-10.56705093365177],[-45.55715370372814,-10.56324195843212],[-45.55732155040786,-10.56120300274377],[-45.55784607128071,-10.5598354337742],[-45.55914688304543,-10.55730056744145],[-45.55967140391853,-10.555122375303],[-45.55945778087246,-10.55375480633323],[-45.55809402660442,-10.55093765240222],[-45.55752563671373,-10.5492630003025],[-45.55713844494288,-10.54729843121055],[-45.55692482189664,-10.54672813396924],[-45.55671310619902,-10.54651451092235],[-45.55713272289771,-10.54404067974564],[-45.55251884656772,-10.5429725645101],[-45.51675987449602,-10.55648994426088],[-45.49983024807541,-10.57368087748323],[-45.48674774383778,-10.58676147440312],[-45.41755676502785,-10.65116310096784],[-45.39495468379169,-10.68572998023251],[-45.36210106159127,-10.72263545335309],[-45.3582,-10.7322],[-45.34517561635595,-10.741634329178058],[-45.32667541764101,-10.76240348789833],[-45.29218864709704,-10.8744468686214],[-45.23739433577012,-10.89368629425873],[-45.23582649519984,-10.89387702912133],[-45.23346329025295,-10.89350700348565],[-45.23049354844354,-10.89237022369933],[-45.22871208482774,-10.89136695831768],[-45.22674751574404,-10.88989448517235],[-45.22435760791663,-10.88913726776421],[-45.22256660755746,-10.888957976992],[-45.2211933165472,-10.88903045623948],[-45.22063255605128,-10.88918495147854],[-45.21896744070087,-10.89043426483232],[-45.21830940542487,-10.89113998382613],[-45.21730041800177,-10.89193725555425],[-45.21360397636524,-10.89371299712989],[-45.21152496636335,-10.8944740292334],[-45.21010589898619,-10.8944568630951],[-45.20743370356227,-10.89404106109203],[-45.20645714106625,-10.89382553069605],[-45.20439338985403,-10.89308547942571],[-45.20162964169623,-10.8924636837702],[-45.19815826719836,-10.89268302886153],[-45.19563675231562,-10.89338874785459],[-45.19416427917672,-10.89414977995844],[-45.19287300415714,-10.89508247343935],[-45.18951225587844,-10.8984031674076],[-45.18717956850892,-10.90118217436452],[-45.18625831912243,-10.9025745388659],[-45.18523407290991,-10.90481758085776],[-45.18454933475308,-10.90596771208297],[-45.182760241742,-10.90796661344939],[-45.18072510075792,-10.91111564604121],[-45.18014335942686,-10.91233634916603],[-45.18001365971993,-10.91338539091395],[-45.17949295354497,-10.91419219938528],[-45.17940712285567,-10.91748428312554],[-45.17907715154333,-10.91786384550326],[-45.17875862432256,-10.91910362211452],[-45.17800331426687,-10.91947364774896],[-45.16985512094864,-10.89941978422024],[-45.16916466074659,-10.89866828885862],[-45.16800690013156,-10.89797210660715],[-45.16582870800235,-10.89698028531711],[-45.16448402722188,-10.89655494657133],[-45.16062164625753,-10.89405250516353],[-45.16001701674357,-10.8938808437862],[-45.15524483048517,-10.89169502225087],[-45.15210151995232,-10.8894519802574],[-45.14673042622631,-10.88649749722282],[-45.14494324056544,-10.88524246182138],[-45.14500618307223,-10.87978744473181],[-45.1452999147628,-10.87380981411683],[-45.14520454733223,-10.872182845733],[-45.14456940024132,-10.86927986111369],[-45.14490318625153,-10.86695480313045],[-45.14510536520618,-10.8658866878962],[-45.14564895956467,-10.86459350552339],[-45.14783096639406,-10.85770988430867],[-45.14798736898205,-10.85585594143752],[-45.14820289937688,-10.85525894131569],[-45.1482086214229,-10.85482597317607],[-45.14884949056112,-10.85379409756602],[-45.14937591878282,-10.85055541958773],[-45.14975738850801,-10.84986877408022],[-45.15008735982029,-10.84955978360188],[-45.15137482014422,-10.84375381436417],[-45.15254211750364,-10.84101295437938],[-45.15300888431919,-10.839063594383404],[-45.1328,-10.8385],[-45.1165,-10.8408],[-45.1065,-10.8465],[-45.10465189013991,-10.845969804548336],[-45.1041126285771,-10.84612464869288],[-45.09841597767551,-10.844180813267565],[-45.0821,-10.8395],[-45.0732,-10.8404],[-45.0633,-10.8483],[-45.0515,-10.8514],[-45.0441,-10.8606],[-45.0368,-10.8621],[-45.022,-10.8751],[-45.017685943820204,-10.882689543279271],[-45.01742554095589,-10.88352966268683],[-45.017143705656935,-10.883643480788722],[-45.0166,-10.8846],[-45.0021,-10.887],[-44.995,-10.8839],[-44.983,-10.8866],[-44.973,-10.8923],[-44.9684,-10.9005],[-44.96143125440891,-10.904512308067599],[-44.9601643406715,-10.90568219860383],[-44.958521250481695,-10.906187764874176],[-44.9552,-10.9081],[-44.9447,-10.919],[-44.94095241761757,-10.921720467210948],[-44.9422855419328,-10.92382430986153],[-44.94563866080976,-10.92713546708987],[-44.94691849173469,-10.9287910457039],[-44.94763184011931,-10.92939758256962],[-44.94916725575971,-10.93109703020216],[-44.95076179920702,-10.9337024684355],[-44.95123672901354,-10.93486022905586],[-44.95135307727852,-10.93676948503739],[-44.95157242236971,-10.93776321367515],[-44.95326996264306,-10.93951797441819],[-44.95379257616521,-10.94049453691855],[-44.95347023424618,-10.94413185076111],[-44.95354652819042,-10.94551467851982],[-44.95447922166609,-10.94707107500474],[-44.95479584153716,-10.94783019976074],[-44.95647430832268,-10.95305824236417],[-44.9565639537059,-10.957162856622],[-44.95726204330103,-10.9589004512269],[-44.95896149092026,-10.966316222712],[-44.95927238874573,-10.96642494158426],[-44.95904350691063,-10.96712112383501],[-44.95891380720194,-10.97207832293153],[-44.95926666669678,-10.97272872881564],[-44.95807457380681,-10.97421264605116],[-44.9551239054864,-10.97599220232379],[-44.95453262741292,-10.9767436976849],[-44.95277214463344,-10.97815513567215],[-44.95013237413893,-10.97922134355644],[-44.94773483691996,-10.97956466630875],[-44.94581795155372,-10.98043250993576],[-44.94534874379232,-10.98086547807509],[-44.94336700857124,-10.98500823930439],[-44.94287109792796,-10.98765754655497],[-44.94224167288157,-10.98955726579294],[-44.94174766958803,-10.99015426591457],[-44.94111442984501,-10.99062347367792],[-44.94022942008309,-10.99262237504458],[-44.93989944877113,-10.99296569779827],[-44.93923378410129,-10.99413299516114],[-44.93828964653159,-10.99716186478934],[-44.93734169426534,-10.99871826127323],[-44.93611336175182,-10.99975776627743],[-44.93536186639395,-11.0007953639332],[-44.93550491753994,-11.00220680192158],[-44.93598938408905,-11.00415992692183],[-44.90428162059053,-11.00209999037947],[-44.90187836132649,-11.00208091689186],[-44.89973068677741,-11.00293922377532],[-44.89756393874239,-11.00337409926227],[-44.89284515825023,-11.00506210279924],[-44.88235092613149,-11.00521278333491],[-44.87889481042861,-11.00500297498315],[-44.87677383876117,-11.00472259473277],[-44.87477493740511,-11.00519180249515],[-44.87232971647138,-11.00607681225931],[-44.86366272433293,-11.00753021191206],[-44.85583115089322,-11.00547218273235],[-44.85374832619842,-11.00542640636381],[-44.85126114359642,-11.00418662975087],[-44.84658432477695,-11.00300788829296],[-44.84458542342221,-11.00191307017628],[-44.84237671371893,-11.00109863230868],[-44.84040451524385,-11.00182914683372],[-44.83928680895077,-11.00351905772175],[-44.83658218860353,-11.00692748972668],[-44.83222961904915,-11.0075588221212],[-44.82982635978655,-11.00699615427311],[-44.82757187371616,-11.00680541940835],[-44.82574844843472,-11.005928039036],[-44.82107162961587,-11.00506591745099],[-44.81596375000806,-11.00540542550434],[-44.81096268192404,-11.00431823678023],[-44.80630875128897,-11.00354576058074],[-44.8043136646317,-11.00300216621903],[-44.80229568979044,-11.00345230049513],[-44.79811096691615,-11.00313377327056],[-44.79600906873684,-11.00163078254654],[-44.79375458266673,-11.00197219795028],[-44.79180527237669,-11.00101280158657],[-44.78907776384951,-10.99996185248814],[-44.78766251117391,-10.99830627387386],[-44.78598785908581,-10.99672317450758],[-44.78467941793353,-10.99414443915521],[-44.78296280417577,-10.9925956720641],[-44.78099060570246,-10.9917621607103],[-44.77395248929252,-10.99122428839103],[-44.76998138946605,-10.98858833257768],[-44.76242828892888,-10.98845672551681],[-44.70681381786498,-10.9883537286501],[-44.66662598245411,-10.98886489805283],[-44.64533997186648,-10.98938369686414],[-44.630920416309,-10.98989868098337],[-44.61270523700286,-10.99022102288724],[-44.60141754788021,-10.99055862358584],[-44.55084229193194,-10.99245071338588],[-44.54859162056324,-10.99288177417495],[-44.54395676341983,-10.99762153552319],[-44.54238892285509,-10.99938392565835],[-44.54020310133931,-11.00004959032926],[-44.53541565630973,-11.00100898668729],[-44.52782059411529,-11.00308608934139],[-44.52522659999556,-11.00396919175602],[-44.52271271451763,-11.00510406419027],[-44.52091027007355,-11.00661277695711],[-44.51865769135681,-11.00706100388378],[-44.51679230440883,-11.00796317978536],[-44.51421738377661,-11.00761413498324],[-44.5121154856006,-11.00809097213943],[-44.50966835732525,-11.00841140670746],[-44.49868202929314,-11.00948905867468],[-44.49578476674516,-11.00916671675297],[-44.48904801143088,-11.01090049665386],[-44.48595619932359,-11.01137542646051],[-44.48295593995131,-11.01013183514905],[-44.48117447634503,-11.00871658246178],[-44.47737503790473,-11.00528335491919],[-44.47578621650906,-11.00345420757903],[-44.47531319405456,-11.00077629009812],[-44.47485733773617,-10.99978065411145],[-44.47542191292781,-10.99823570171932],[-44.47595024849629,-10.99598503033328],[-44.47608567024923,-10.99453735272118],[-44.47607613350859,-10.99163436810215],[-44.4755077436233,-10.9889202109971],[-44.4747066572066,-10.98660468975612],[-44.47461128977687,-10.98525619427276],[-44.47344399242432,-10.98477554241627],[-44.46863938126185,-10.98367118755326],[-44.46777535233913,-10.98334503093616],[-44.46698189531536,-10.98281860271274],[-44.46319962301178,-10.9811038962882],[-44.46224213400716,-10.9804859153303],[-44.46149445335039,-10.97979736247318],[-44.45899201196903,-10.97692680277838],[-44.45770264430651,-10.97501563944718],[-44.45669556423909,-10.97313308634556],[-44.4542598800597,-10.96987342752981],[-44.45306587982822,-10.96773719706001],[-44.45032501987106,-10.96390724100279],[-44.44864464574189,-10.9626636496926],[-44.44803810888234,-10.96248245157189],[-44.44701004797917,-10.96181106485211],[-44.44312859355019,-10.95791625894015],[-44.44109535992774,-10.95628356850852],[-44.43717003648074,-10.95261382973532],[-44.4360008317806,-10.95141792214136],[-44.43431473560698,-10.94898223793567],[-44.43408203907635,-10.94847488319906],[-44.43075371574155,-10.94997978126693],[-44.42814827753218,-10.95136833106903],[-44.4266109545479,-10.95198821937305],[-44.42493820981142,-10.95321464454236],[-44.42314530211299,-10.9536285391938],[-44.4218196948245,-10.95482826148233],[-44.42110253174397,-10.95637321387422],[-44.42048455078992,-10.95954704199851],[-44.4199981768919,-10.96091079627029],[-44.41885948976772,-10.9621295920456],[-44.41734696231556,-10.96268844519338],[-44.41583443486378,-10.96289253149561],[-44.41317940559139,-10.96354865942246],[-44.41213036385327,-10.96354675207281],[-44.40858651012744,-10.96306800756229],[-44.40716553540953,-10.96302986058812],[-44.40569687697614,-10.96321678075273],[-44.40460396621963,-10.96351241978972],[-44.40381241654418,-10.96392822179079],[-44.40209389544064,-10.9659767142206],[-44.40090943194993,-10.96708679112356],[-44.39965439656068,-10.96803474339274],[-44.39851570943672,-10.9692344656815],[-44.39705468039571,-10.97170066746227],[-44.39656830649793,-10.97296523960515],[-44.39610863548004,-10.97482871921892],[-44.39595223289164,-10.97706222446766],[-44.39519310814045,-10.97998046787508],[-44.39470673424258,-10.98122787388033],[-44.39303971155031,-10.98476982028959],[-44.39222718103961,-10.98576354892645],[-44.39166832789528,-10.98613166721181],[-44.39174462183787,-10.98832130344234],[-44.39065361842937,-10.98940467746466],[-44.3884639822196,-10.98991584689591],[-44.38748551237953,-10.99090766818386],[-44.38727761138086,-10.99060058505382],[-44.38634682525645,-10.99122238070709],[-44.38607025970674,-10.99187278659059],[-44.3861427389531,-10.99293136508171],[-44.38631630767701,-10.99295806796283],[-44.38619614471231,-10.99511146456909],[-44.38582611908054,-10.99576187045251],[-44.38410569062869,-10.9976291647621],[-44.38280297152466,-10.9981155386621],[-44.37683869240731,-10.99881744295264],[-44.37590599893479,-10.99904251009022],[-44.3756389701281,-10.99982833772661],[-44.37461090922471,-11.00019645601165],[-44.37382508159462,-11.00130653291517],[-44.37271500470028,-11.0023727407997],[-44.37160492780564,-11.00370788484145],[-44.37072564009338,-11.00490951447899],[-44.37003517989389,-11.00624656586993],[-44.36808968430555,-11.0084209433092],[-44.36753655320655,-11.00938796906535],[-44.36707688218939,-11.01063537507066],[-44.36601639635818,-11.01257705597762],[-44.36444283374998,-11.0143280020207],[-44.362815865382,-11.01465988068119],[-44.36253548513587,-11.01452445892789],[-44.36118889701421,-11.01480102447832],[-44.36012650383547,-11.01564979461862],[-44.35989571465184,-11.01702308563396],[-44.3595275963686,-11.01789855865594],[-44.35795212641216,-11.01933479217473],[-44.357212075149,-11.02039146331645],[-44.35759354486997,-11.02232742217911],[-44.35760308161133,-11.0240364065541],[-44.35742379084015,-11.02564430145127],[-44.3574771966,-11.02702903655876],[-44.3579044426879,-11.02873039153956],[-44.35877800835221,-11.02962684539789],[-44.35558319942125,-11.0325508108485],[-44.35205841918161,-11.0339546194383],[-44.34722138309684,-11.0343952169672],[-44.33176995197889,-11.0343532552802],[-44.31822968417353,-11.03462028407346],[-44.31541062292109,-11.03693962000766],[-44.31449318823684,-11.0383663167839],[-44.31023789347827,-11.04143142603186],[-44.30656815474641,-11.04210090539774],[-44.29595566706512,-11.04212188622057],[-44.29149437865971,-11.04269790550249],[-44.28699303593263,-11.044334410624],[-44.28408051459923,-11.04656028647493],[-44.27846528028261,-11.04833793539408],[-44.27901459668587,-11.045553206391],[-44.2797527406004,-11.04398155111849],[-44.2809925172021,-11.04043197531443],[-44.2819194886286,-11.03955650229297],[-44.28502846686856,-11.03774642844432],[-44.28614235845917,-11.0368175496614],[-44.28730393376449,-11.03644943137668],[-44.28920556033233,-11.03528594871291],[-44.2902698608594,-11.03395080467123],[-44.29108048402145,-11.03225326438908],[-44.29104424439848,-11.03163909812928],[-44.29063416444695,-11.03148460288963],[-44.29028702699926,-11.03170204063336],[-44.28861428226409,-11.03363227744764],[-44.2878246399379,-11.03431701560589],[-44.28598404852554,-11.03567123313295],[-44.28543091742734,-11.03626823325429],[-44.28402901619653,-11.03691673178787],[-44.28307724923889,-11.03695106406208],[-44.28233529062895,-11.03673171896846],[-44.28127099010423,-11.03583717245847],[-44.28056527111874,-11.03479385275555],[-44.27984047864683,-11.03401946920983],[-44.27917672132996,-11.03386497396981],[-44.27889443373531,-11.03395843405232],[-44.27870179152515,-11.0342369069526],[-44.27876664137756,-11.03457832235793],[-44.27930069898782,-11.03575706381356],[-44.28029252026474,-11.03715896505986],[-44.28053284618935,-11.03768539328273],[-44.28058243725182,-11.03903007406888],[-44.27985192273183,-11.04056167502012],[-44.27823830580314,-11.04313278097518],[-44.27700234389943,-11.04597282308784],[-44.2763424012776,-11.04792785543551],[-44.27561379410638,-11.04929160970718],[-44.27450371721223,-11.05107688802613],[-44.27266503314792,-11.05315399068488],[-44.27112389546812,-11.05432701009229],[-44.26896096214057,-11.05563735860035],[-44.26823616966772,-11.05590820210538],[-44.26735688195746,-11.05604171650852],[-44.26697541223506,-11.05597305195729],[-44.26645852076149,-11.05571746723998],[-44.26578713405067,-11.05508613484174],[-44.26415253629261,-11.05280303852639],[-44.26268769256016,-11.05138397114179],[-44.26106644624066,-11.05078124897195],[-44.25965310091925,-11.05077552692438],[-44.25860215183356,-11.05126190082449],[-44.25808335301009,-11.05226325885601],[-44.25790978428514,-11.05350303546703],[-44.2580299472471,-11.05406570331389],[-44.25844193454635,-11.05490112201555],[-44.25845719333409,-11.0560226430116],[-44.25821305271077,-11.05694007770362],[-44.25781632419889,-11.05756568805464],[-44.25684929845173,-11.05846214191093],[-44.25442315101628,-11.05954933062868],[-44.25346375466432,-11.05981254473877],[-44.25158310893304,-11.05989074603037],[-44.25009728436492,-11.05957603350414],[-44.24739457138362,-11.05820846453136],[-44.24462128650439,-11.0563411702165],[-44.24406815540768,-11.05583572282812],[-44.24383736622625,-11.05523681535722],[-44.24389077198838,-11.05427551164635],[-44.24418450367555,-11.05337715044061],[-44.24437333118934,-11.05220603838045],[-44.2456779576423,-11.04969787492986],[-44.24653435717291,-11.04592895403254],[-44.24740601549068,-11.04384231462951],[-44.24833107956906,-11.04219818010929],[-44.24839783677131,-11.04143524065612],[-44.24826050767133,-11.04129791155441],[-44.24766160020728,-11.04136466875592],[-44.24649621020429,-11.04260063066859],[-44.24563981067636,-11.04385375871931],[-44.24464798939717,-11.04497146501679],[-44.24173737541346,-11.04730415239102],[-44.24024582879843,-11.04813003434729],[-44.23892785090783,-11.04819488419912],[-44.23781395931916,-11.04790115250827],[-44.23644257566826,-11.04727172745777],[-44.2350883581552,-11.04630279435073],[-44.23443604493089,-11.04560661209887],[-44.23097229985905,-11.03989410293961],[-44.23059655218371,-11.03889274490697],[-44.22888756783185,-11.0354080189529],[-44.22836113961589,-11.03477096450884],[-44.22764016184142,-11.03424453628533],[-44.2253818610869,-11.03328323257163],[-44.22429848707662,-11.03257369887881],[-44.22388840712591,-11.03198051345362],[-44.22363472976176,-11.03085708510875],[-44.22246552506464,-11.02965354812002],[-44.22226143876376,-11.02912711989705],[-44.22223473588489,-11.02756118666945],[-44.22283364335227,-11.0244083393804],[-44.22283555070144,-11.02384567153374],[-44.22254754106248,-11.02273940932653],[-44.22071076435294,-11.02009963881629],[-44.22012520832989,-11.01962280165751],[-44.21938134237151,-11.01974296462034],[-44.21903420492355,-11.02047729384359],[-44.2188377480145,-11.02236938368704],[-44.21856118246517,-11.02302551161626],[-44.21768761680136,-11.02305602919342],[-44.21734047935449,-11.02280998121933],[-44.21671486901122,-11.02184295546179],[-44.21644021081219,-11.02095603834717],[-44.21666337060293,-11.01797485243445],[-44.21608162927836,-11.0164527882249],[-44.21540070582539,-11.01541519056779],[-44.2151546578554,-11.01469802748157],[-44.21496201564884,-11.01185035597262],[-44.21459199001923,-11.01108360182179],[-44.21345330290017,-11.00966262708895],[-44.2123584847985,-11.00878906141394],[-44.20989609774467,-11.00645828138153],[-44.20757676183566,-11.00500106702316],[-44.20709992468376,-11.00439071546],[-44.20650673926834,-11.00213432202679],[-44.20620728553742,-11.00131416211438],[-44.20569611611068,-11.00049972424759],[-44.20491219583249,-10.99975776562836],[-44.2028675181236,-10.99843215832611],[-44.20220185345886,-10.99814033398444],[-44.20110322066008,-10.997341154906],[-44.20051575728907,-10.99644660839649],[-44.20045853683167,-10.99563026318155],[-44.2002830607598,-10.99531936535434],[-44.19985199997406,-10.99516296276567],[-44.19963265488325,-10.99570655712589],[-44.19910241196937,-10.99589919933707],[-44.19882775376956,-10.99578094372139],[-44.19790650439191,-10.99475097545865],[-44.19720078540635,-10.99453544506211],[-44.19668770862971,-10.99494171032035],[-44.19670678211524,-10.99538802990045],[-44.19692040515918,-10.99581527599445],[-44.1989994151428,-10.99727630504981],[-44.19951058456974,-10.99784088024575],[-44.19968606064142,-10.99838638195487],[-44.19979859420786,-10.99976348766781],[-44.1991119487059,-11.00164413341886],[-44.19901848862262,-11.00288581737865],[-44.19922638962019,-11.00373840221771],[-44.19955063888351,-11.00422286877083],[-44.20195008343293,-11.00645637402282],[-44.20236970012697,-11.00670814404281],[-44.20262528484037,-11.00707816967796],[-44.20264817302325,-11.00749206433124],[-44.20241356914357,-11.00799751171865],[-44.20241166179456,-11.00834464916988],[-44.2030162913031,-11.00926589856012],[-44.20320321146622,-11.0098648060312],[-44.20266343180838,-11.0108089436037],[-44.20263863627588,-11.01136207470698],[-44.20298768107106,-11.0118694294438],[-44.20384980264258,-11.01221465954734],[-44.20424462380444,-11.01267623791702],[-44.2045440775347,-11.01412773022697],[-44.20507622779627,-11.0148410786163],[-44.20619393408101,-11.01578521619089],[-44.20681763707426,-11.01795196423843],[-44.20737076816732,-11.02157592664132],[-44.20783616122767,-11.02217292676397],[-44.20838929232449,-11.02237892041711],[-44.20908165987029,-11.02231025586709],[-44.20979310090242,-11.02200126538952],[-44.21017457062452,-11.02206992994072],[-44.2104854684478,-11.02229118238263],[-44.21103478484688,-11.02304267774455],[-44.2117939095933,-11.0235881794545],[-44.21201706938029,-11.02408218275063],[-44.21167946867435,-11.0257892597765],[-44.21167374662735,-11.02675819288198],[-44.21216584256833,-11.02733611951829],[-44.21337128688976,-11.02788734327461],[-44.21363259364918,-11.02805137525749],[-44.21373559047395,-11.02828216444209],[-44.21370698024398,-11.0290088642711],[-44.21330643703497,-11.0296726215948],[-44.21274949124015,-11.03015136610083],[-44.21257210781809,-11.0312080372432],[-44.21254921963399,-11.03199195753131],[-44.21290589382318,-11.03283309827879],[-44.21345902491941,-11.03369903455866],[-44.21350670863431,-11.03399276624808],[-44.21329117824009,-11.03511428724396],[-44.21327210475241,-11.03654479871838],[-44.21383858728894,-11.03732299696137],[-44.2163906197282,-11.03921317945963],[-44.21727562948211,-11.04059409987087],[-44.21749497457218,-11.04076385389937],[-44.21778679890968,-11.04073524367019],[-44.21829033894405,-11.03980636488661],[-44.21874047321648,-11.03959846388637],[-44.21918107074541,-11.03971290480488],[-44.22083474198957,-11.04118537795132],[-44.22160912552455,-11.04216575514954],[-44.22171021499996,-11.04301261794262],[-44.221395502478,-11.0440978993142],[-44.22070122758263,-11.04499626051948],[-44.22037125627215,-11.04567527663227],[-44.21998978654993,-11.04567718398041],[-44.21917916339084,-11.04518699538078],[-44.2186660866143,-11.04540443312427],[-44.2186298469904,-11.04557418715253],[-44.21919060747961,-11.04776000868629],[-44.21978951494207,-11.04904937636274],[-44.22124672927855,-11.05118751418195],[-44.222152719867,-11.05282592665865],[-44.2225875953491,-11.05396270644418],[-44.22316742932431,-11.05628394973093],[-44.22351647411779,-11.05841064345692],[-44.22344018017172,-11.05991935622535],[-44.22355271373775,-11.06175422561024],[-44.22332001720536,-11.063436507104],[-44.22291565929842,-11.06471061599009],[-44.22183419263359,-11.06681823622786],[-44.22072602308906,-11.06817626845293],[-44.21682930987282,-11.07172965895091],[-44.21602631610724,-11.07217788587852],[-44.21498108906794,-11.07254791151201],[-44.21264840171641,-11.07289314161159],[-44.21173287438266,-11.07344818006258],[-44.21082116174647,-11.07355689893339],[-44.21031762171289,-11.07386207471412],[-44.21030045557492,-11.07426833997288],[-44.21078682947037,-11.07456588636021],[-44.2134113411587,-11.07480049024529],[-44.21409607930977,-11.0750160206417],[-44.21423913045497,-11.07557868848852],[-44.21394921346521,-11.07639121900558],[-44.21396447225348,-11.07690048109051],[-44.21442605061692,-11.07730865369851],[-44.21499253315422,-11.07748031507629],[-44.21519852680392,-11.07768821607749],[-44.21592904132019,-11.07921600233335],[-44.21603013079615,-11.07969283949158],[-44.21602822344704,-11.08008766065853],[-44.21573258441165,-11.08065223585336],[-44.21425438923659,-11.08215713392277],[-44.2131176094616,-11.08474159131865],[-44.21216012045736,-11.08616256604885],[-44.21134377525118,-11.08684921155567],[-44.20944596338077,-11.08910941968306],[-44.20871926355959,-11.0895557392621],[-44.20826722193868,-11.08965873608771],[-44.2078342538041,-11.08955955395824],[-44.2074546914311,-11.08914947400174],[-44.20726586391947,-11.08833122143801],[-44.20695687344518,-11.08769988904025],[-44.20645333341236,-11.08736038098301],[-44.20598603300277,-11.08736038098247],[-44.204891214899,-11.08833885082971],[-44.20454217010236,-11.08912467846586],[-44.2046794992017,-11.08974075207444],[-44.20556260160768,-11.09043884167513],[-44.20562935880871,-11.09084701428266],[-44.20543862394717,-11.09117317089852],[-44.20210457857376,-11.09282684215878],[-44.20103455600211,-11.09377097973069],[-44.19967461644167,-11.09469604381591],[-44.19754029334506,-11.0958671558736],[-44.19656754555353,-11.09599304088212],[-44.19429970805569,-11.09592246897979],[-44.19347764080484,-11.09570121653739],[-44.19260788983905,-11.09511375315736],[-44.19185639448756,-11.09428977854703],[-44.19151307173834,-11.09360694773603],[-44.19054986069271,-11.0913219440728],[-44.18942071031778,-11.08918571360277],[-44.18880845141592,-11.08740806467628],[-44.18828011585193,-11.08638000376247],[-44.18712426259579,-11.0848960865247],[-44.18674660757104,-11.08477020151442],[-44.18659401968215,-11.08484458811095],[-44.18648720815895,-11.08572387583046],[-44.18735314442554,-11.08795738108052],[-44.18771744800854,-11.08932113535344],[-44.18844796252153,-11.09353828318139],[-44.18886376451476,-11.09699439890441],[-44.18870926927382,-11.09996604807398],[-44.18809128832181,-11.10190772898134],[-44.18782425951412,-11.10390663034803],[-44.18750001024958,-11.10460853464441],[-44.18697358203234,-11.10530853159202],[-44.18650628162214,-11.10584831125445],[-44.18498803212712,-11.10694694406501],[-44.1839370830422,-11.10745620614858],[-44.18253708916201,-11.10769653207441],[-44.18087388117412,-11.10747527963088],[-44.17991257747493,-11.10709571725165],[-44.17722893798307,-11.10479164009975],[-44.1762008770828,-11.10425758248135],[-44.17474366274526,-11.10378456001846],[-44.17286301701794,-11.10182762031878],[-44.17255211919471,-11.10169982796006],[-44.17229844182939,-11.10183524971261],[-44.17230797857197,-11.10226249580642],[-44.1734409436447,-11.10361862068576],[-44.17414856997702,-11.10545539741994],[-44.1742458447551,-11.10632705574524],[-44.1745662793203,-11.10747146492534],[-44.17518044557169,-11.10837364082948],[-44.17595864380394,-11.10897827034698],[-44.17699433409872,-11.10937118416675],[-44.18150330621181,-11.11067581063733],[-44.18221474724277,-11.11128044015493],[-44.18273354606396,-11.11194229013113],[-44.18292618827274,-11.11269378549264],[-44.18289185599681,-11.11356544381781],[-44.18239976005395,-11.11476707345575],[-44.18204308586334,-11.11521720773269],[-44.18161965447151,-11.11551666146743],[-44.18045044977294,-11.11593437081657],[-44.17828370175035,-11.11708259469041],[-44.17578698241753,-11.11890411263154],[-44.17556191528128,-11.11919212227472],[-44.17399979676834,-11.1202354419748],[-44.17332459536003,-11.1205730426818],[-44.17256356326444,-11.12068939094763],[-44.16932679267336,-11.12053871040124],[-44.1668872938021,-11.11976623420173],[-44.16538239574972,-11.1189975727008],[-44.16432381727158,-11.11877250556073],[-44.16142655473308,-11.11879348639185],[-44.15831757649852,-11.11932754400487],[-44.15741349325709,-11.11974906805147],[-44.15633584129171,-11.1204586017414],[-44.153968821665,-11.12227249028796],[-44.15185166470726,-11.12315750005061],[-44.15066910856827,-11.12404441716323],[-44.15061379545745,-11.12504768254409],[-44.1520443069125,-11.12682914616896],[-44.15216446987447,-11.12718582036347],[-44.15214348903906,-11.1277999866231],[-44.15167428128077,-11.12810706975238],[-44.15016938322815,-11.12780570866642],[-44.14852715607642,-11.12689018132041],[-44.147855769367,-11.12595558048947],[-44.14770508882837,-11.12464713932734],[-44.14743043062948,-11.12393569828688],[-44.14690018771692,-11.12319183231949],[-44.14620972752108,-11.12250709415923],[-44.14537049413333,-11.12212943912897],[-44.14414597632644,-11.12178993107068],[-44.14281846169509,-11.12117576480905],[-44.14159585123785,-11.11998748660925],[-44.14045334942303,-11.11817741275515],[-44.13993836529886,-11.11788749576241],[-44.13966179975062,-11.11783790469755],[-44.13931656965212,-11.11795806766097],[-44.13875962385657,-11.11938476443743],[-44.13796425948564,-11.120098112825],[-44.13742829452616,-11.12030219912806],[-44.13474084033575,-11.12033843874839],[-44.1328830827911,-11.11979293703683],[-44.13120080131886,-11.11897468447111],[-44.13054658074596,-11.11887168764405],[-44.13006402154785,-11.11894035219419],[-44.12963296076122,-11.11972045778426],[-44.13000680108752,-11.12067413210122],[-44.13113785881121,-11.12188339113592],[-44.13389969959488,-11.12387275576369],[-44.13414002551924,-11.12423133730699],[-44.13388062610784,-11.12467384218935],[-44.13298226491211,-11.125303267237],[-44.13289452687589,-11.12550735354058],[-44.13284112111428,-11.12596511721239],[-44.13323403492701,-11.12659454226162],[-44.13386918201343,-11.12697028994315],[-44.13500405443568,-11.1271572101107],[-44.13869286664477,-11.12818145633158],[-44.13928795941038,-11.12853240848082],[-44.13961411602216,-11.12891387820781],[-44.13973046428684,-11.12929725528297],[-44.13975716716652,-11.13006210208478],[-44.13932610637811,-11.13232993960857],[-44.13955308086004,-11.13445091128851],[-44.1386222947375,-11.13545226931938],[-44.13932992106977,-11.1369247424648],[-44.13968087321258,-11.13804435611273],[-44.13958741312998,-11.1386642444182],[-44.13911629802241,-11.13955879092637],[-44.13700295576059,-11.1417789447318],[-44.13496590744374,-11.14357757448969],[-44.13476563583922,-11.14406776308804],[-44.13530923019236,-11.14448547243946],[-44.13595582137097,-11.14446067690812],[-44.13876725322356,-11.14235305667285],[-44.1396656144191,-11.14191055179124],[-44.14095879677623,-11.141910551793],[-44.14165497901827,-11.14225387454781],[-44.14182854774123,-11.14266967654987],[-44.14175225379602,-11.14338111758986],[-44.14207078101181,-11.14500045657948],[-44.14162064673916,-11.14568900943528],[-44.14104653480717,-11.14617919803301],[-44.14041901711453,-11.14631271243648],[-44.13928032999498,-11.14613914370945],[-44.13805771953606,-11.14637946963544],[-44.13747407086175,-11.14624786257898],[-44.13662530073123,-11.14572334170385],[-44.13641358503553,-11.14577484011666],[-44.13617325911014,-11.14632415652253],[-44.13632966169479,-11.14739990115155],[-44.13593102583494,-11.14779281496954],[-44.13460351120244,-11.14821052431818],[-44.13182068958134,-11.14841461061807],[-44.13181878223248,-11.14862251161911],[-44.13224221362322,-11.14907073854827],[-44.13221551074233,-11.14933204531088],[-44.13182641162538,-11.14996719240517],[-44.13211251391557,-11.15092086672173],[-44.13305092943114,-11.15102767824658],[-44.13342667710694,-11.15118789553233],[-44.13417245041195,-11.15221404909765],[-44.13589478620477,-11.15335655093102],[-44.13620568402755,-11.15380096316283],[-44.1361694444035,-11.15417480349485],[-44.13578988202977,-11.15456580996406],[-44.13508225569573,-11.15456580996302],[-44.13435937057315,-11.15430831789667],[-44.13365365158831,-11.15382957338884],[-44.1334095109663,-11.15380668520497],[-44.13334275376436,-11.15432357668436],[-44.13363457810065,-11.15512466311046],[-44.13348008286287,-11.15544700502917],[-44.13216782701969,-11.15552902101858],[-44.13008500233726,-11.15644454835944],[-44.12944604055322,-11.15642547487218],[-44.12922288076643,-11.15612029909073],[-44.12929345266537,-11.15574455141015],[-44.13167382373422,-11.1519432055884],[-44.1317176927527,-11.15152549623789],[-44.13154221668091,-11.15134048342032],[-44.13120270862829,-11.15145301698907],[-44.13021279469892,-11.1524944293413],[-44.12967873708815,-11.15268134950649],[-44.12890435355282,-11.15271186708355],[-44.12796021599153,-11.15248870729222],[-44.12622452875818,-11.15175056336893],[-44.12447167538678,-11.15147018311759],[-44.12260819579582,-11.15150642273899],[-44.12176514771098,-11.15120124695661],[-44.12160493042779,-11.15121650574534],[-44.12112427857742,-11.15200233338152],[-44.12079049257084,-11.15200233338088],[-44.12053872255458,-11.15189933655449],[-44.11935807376774,-11.1501865374806],[-44.11850548894,-11.1498813616983],[-44.11812020452083,-11.15004157898286],[-44.1170711627849,-11.15087699768253],[-44.11704064520631,-11.15152931091485],[-44.11767197759522,-11.15205192444105],[-44.11871720463223,-11.15260314819753],[-44.11973382144028,-11.15299033997133],[-44.12069512513897,-11.15313339112],[-44.12113572266735,-11.15338134644293],[-44.12187958862273,-11.15510177491067],[-44.12471200130486,-11.15697288392332],[-44.12676049370909,-11.15853690980488],[-44.12686539788206,-11.15893554566929],[-44.12662316460844,-11.15920066712901],[-44.1242084612695,-11.15906524537283],[-44.12312508726004,-11.15868568299333],[-44.12073899415283,-11.15657424805356],[-44.11996270327003,-11.15571403381909],[-44.11902619510494,-11.1542339312789],[-44.11871720463046,-11.15406226990145],[-44.11799431950769,-11.15408897278129],[-44.11590386543004,-11.15596580383298],[-44.11502457772103,-11.15631484863157],[-44.11409379160017,-11.15610313293191],[-44.11373330271361,-11.15569114562677],[-44.11308098948985,-11.1553268420372],[-44.11122132459698,-11.15487098571117],[-44.11087037245331,-11.15456008788366],[-44.11085320631644,-11.1540851580741],[-44.11141778150573,-11.15311431762084],[-44.11171532788994,-11.15211295958894],[-44.11268044628741,-11.15096855041076],[-44.11307717479885,-11.15025138732535],[-44.11310769237709,-11.14986038085574],[-44.11298752941511,-11.14956092712029],[-44.11256219067534,-11.14958953734906],[-44.11232377209888,-11.14989280578151],[-44.11100770155607,-11.15215682860653],[-44.10975648086684,-11.15371703978644],[-44.10935593765903,-11.15376663085024],[-44.1067142598364,-11.15347480650576],[-44.10583115743116,-11.15307998533759],[-44.1052246205744,-11.1524143206638],[-44.10495759176988,-11.1519279467622],[-44.10473061728632,-11.15120315428142],[-44.10451508689586,-11.1493453967128],[-44.10461999107002,-11.14878463621493],[-44.10529900717614,-11.14763450499045],[-44.10538483786458,-11.14673042173865],[-44.10507394004215,-11.14608001585436],[-44.10356713464292,-11.14491653318632],[-44.10352135827684,-11.14450263853294],[-44.10366250207432,-11.144113539412],[-44.10469056297563,-11.14302635069288],[-44.10523797202757,-11.14200591917513],[-44.1054859273485,-11.14052963133382],[-44.10528374839661,-11.14005660887248],[-44.1046543233564,-11.13951110716268],[-44.10252381496147,-11.13893127317536],[-44.10145188504472,-11.13798141355466],[-44.10114098722215,-11.13750076169873],[-44.10108948881032,-11.13703918332976],[-44.1012973898093,-11.13651466245606],[-44.10237313442562,-11.13555526609527],[-44.10304833583352,-11.13517379636955],[-44.10349847010581,-11.13456535215643],[-44.10424615076272,-11.13259887571718],[-44.10513306786726,-11.13138389463932],[-44.10561944176394,-11.1301650988638],[-44.10595513512194,-11.12776946898148],[-44.10586739708644,-11.12739372130077],[-44.10562707116214,-11.12711906309735],[-44.1052456014404,-11.12713050718848],[-44.1050205343043,-11.12736701841872],[-44.10390664271478,-11.12910652037027],[-44.10342026881823,-11.13025665159491],[-44.10286332302361,-11.13103294248767],[-44.10206605130473,-11.131498335553],[-44.10085107024073,-11.13182449216749],[-44.10029793914448,-11.13171386594602],[-44.09989930328575,-11.13131713742974],[-44.09983063873611,-11.13114547605282],[-44.10004044708515,-11.12942886228364],[-44.09974671540106,-11.12811469907526],[-44.10049630340608,-11.12657737607838],[-44.10058404144272,-11.12605094785596],[-44.1005191915909,-11.12535285825616],[-44.10015488800758,-11.12468337888555],[-44.09996606049624,-11.12395095701038],[-44.09998894868178,-11.122098921488],[-44.09925271212158,-11.12001609678009],[-44.09918595492101,-11.11950301999769],[-44.0995941275261,-11.11713027829921],[-44.09968949495795,-11.11595916623885],[-44.09953881441965,-11.11456680173682],[-44.09975434481395,-11.11328124875862],[-44.09970475375071,-11.112842558573],[-44.09858132542227,-11.11133384580294],[-44.09829713048066,-11.11047935361516],[-44.09796906652247,-11.1085548388441],[-44.09819222631202,-11.10665893430363],[-44.09815598669083,-11.10475540036797],[-44.09750367346905,-11.103006361671],[-44.09725190345721,-11.09940719480066],[-44.09730912391693,-11.09818267697849],[-44.09691621010504,-11.09703445310106],[-44.09666253274035,-11.09688377255874],[-44.09629441445657,-11.09885024899859],[-44.0961837882256,-11.10819244260144],[-44.09572030250652,-11.11403274411411],[-44.09536362831427,-11.11606597775622],[-44.09412385171617,-11.11827659481962],[-44.09339524454538,-11.12025642269943],[-44.09247590251453,-11.12159919613558],[-44.09234620280748,-11.12292861813242],[-44.09202958293734,-11.12394904965046],[-44.09172440715649,-11.12670707577294],[-44.09122849651607,-11.12859535091859],[-44.09110070415755,-11.12997817867711],[-44.09273148721704,-11.13033676022233],[-44.09250832742831,-11.13158416622798],[-44.09190941996446,-11.13232231014791],[-44.09192086405447,-11.13365173214496],[-44.09397126380792,-11.13396644467224],[-44.09337426369223,-11.13498687618994],[-44.093479167864,-11.13631629818698],[-44.0930194968483,-11.13719177120875],[-44.09218789285414,-11.13802909725746],[-44.09275628273807,-11.13908004635485],[-44.09355164710707,-11.13953590267922],[-44.09412003699087,-11.14077567929121],[-44.09413720312561,-11.14293670529222],[-44.09476853551093,-11.14615821713365],[-44.0954742544948,-11.14707374447847],[-44.09785271820875,-11.14761352414491],[-44.09814263519562,-11.14889907712381],[-44.09586144626005,-11.14891052121225],[-44.09511948765096,-11.1492786394975],[-44.09426499546964,-11.15305709713758],[-44.09427453221119,-11.1543045031435],[-44.09507180392853,-11.15498542660634],[-44.09559251009723,-11.15613555783275],[-44.09523011386032,-11.15719222897465],[-44.09458161533282,-11.15765952938883],[-44.09226418677237,-11.15886497372144],[-44.09171296302326,-11.1599311816063],[-44.09204865637683,-11.16107940548354],[-44.09102822487088,-11.1615467058972],[-44.08828355022352,-11.16169166438933],[-44.087219249699,-11.162620543172],[-44.08723069378879,-11.16409492366508],[-44.08751679607889,-11.16496276729333],[-44.08719826886004,-11.16593932979285],[-44.086414348581,-11.16685867183274],[-44.08530427169021,-11.16759681575197],[-44.08479691695952,-11.16833686702079],[-44.08419991684381,-11.16940307490564],[-44.08421136093385,-11.17068672053545],[-44.08361054612163,-11.17119979731688],[-44.08235360338881,-11.17129516474661],[-44.08128548816765,-11.17180824152722],[-44.07859040458391,-11.17237853876443],[-44.07705880365102,-11.17288970819588],[-44.07314873900485,-11.17300414910817],[-44.07054330080612,-11.17333984246381],[-44.06910515995509,-11.17403983940983],[-44.06827737065798,-11.1750946032026],[-44.06619836067297,-11.17717742790636],[-44.06225777844705,-11.17922782768071],[-44.06114007216277,-11.17941284049651],[-44.05983735306388,-11.1794185625406],[-44.05850411638762,-11.17910766471132],[-44.05898667558699,-11.17778777945835],[-44.05879403338022,-11.17585182059574],[-44.05790711627817,-11.17548751700576],[-44.05782891498888,-11.17271232474491],[-44.05739785420559,-11.1712455736457],[-44.05751610982262,-11.16857719290873],[-44.05736542928461,-11.16710281241544],[-44.05610276450726,-11.16655731070455],[-44.0544300197782,-11.16688728201552],[-44.05340577357601,-11.16689300405989],[-44.05060960051815,-11.16658592092583],[-44.04701997044045,-11.16591262685322],[-44.04561616186665,-11.16509437428777],[-44.04519082312837,-11.16422653065911],[-44.0448513150786,-11.16256904469675],[-44.04433060891021,-11.16151046620489],[-44.0431423307281,-11.16148757801957],[-44.04307748087503,-11.16179466114926],[-44.04369164712472,-11.16317176686303],[-44.04389001137811,-11.16451072560342],[-44.04301263101757,-11.16547584401032],[-44.04138947735186,-11.16631126270906],[-44.0409813047482,-11.16764831409997],[-44.04080582867474,-11.16894149647269],[-44.0398311735358,-11.16949844227196],[-44.03872109664525,-11.17047119007298],[-44.03720093980304,-11.17236518726299],[-44.03674126878777,-11.17315101489896],[-44.03543664234067,-11.17315482959417],[-44.03418351430559,-11.1734867082544],[-44.03153992913484,-11.17474365099939],[-44.03028489375108,-11.17520904406377],[-44.0299682738808,-11.17635726794035],[-44.03045846247125,-11.17742538317535],[-44.0299835326685,-11.1772613511922],[-44.02733231810384,-11.17828369005538],[-44.026590359495,-11.17893218858927],[-44.0271072509659,-11.18008231981553],[-44.02729607847661,-11.18105125292143],[-44.02725030210985,-11.18123054369266],[-44.02576447754396,-11.18215751512595],[-44.02548600464741,-11.18220138414401],[-44.02531815796605,-11.18518638475406],[-44.02428628236949,-11.18542671068027],[-44.02247048649598,-11.18548393113645],[-44.02186776433579,-11.18589782578872],[-44.02089120184873,-11.18626594407341],[-44.01912308968993,-11.18672942978841],[-44.01634789746723,-11.18699264389547],[-44.01531411451973,-11.18909644943584],[-44.01485635085165,-11.19098472458142],[-44.01443864150593,-11.19166946273997],[-44.01397515579414,-11.19204902511709],[-44.01243974016536,-11.19250488143799],[-44.01123048114899,-11.19250869613336],[-44.00996972372164,-11.19154739242048],[-44.00838471703076,-11.19090843062612],[-44.00773431115528,-11.19145774703137],[-44.00695039087555,-11.19339942793817],[-44.0058822756549,-11.19427299361038],[-44.00518037136926,-11.19326782087991],[-44.00470734891755,-11.19132995466832],[-44.00419236479545,-11.1901798234418],[-44.00298119843092,-11.19005012373304],[-44.00228310884052,-11.19046401838523],[-44.00117112460185,-11.19143676618617],[-43.99980737034759,-11.19214629987543],[-43.99927522008589,-11.19263267377592],[-43.9973621494302,-11.19548415997884],[-43.99595643350613,-11.19659995892668],[-43.99353791547478,-11.19602203228733],[-43.99267007185795,-11.19691467144603],[-43.99274445845003,-11.19947433331128],[-43.99192048385022,-11.20094489910566],[-43.99081803635463,-11.2020435319164],[-43.9889297612348,-11.20216369487723],[-43.98748971303814,-11.20171737529497],[-43.98576546989862,-11.20177459575114],[-43.98443795526887,-11.20196914530969],[-43.983152402308,-11.20248794413566],[-43.9820346960252,-11.20247650004222],[-43.98095322936839,-11.20067214823376],[-43.98037721009058,-11.19995689249557],[-43.97690774298234,-11.19645309305178],[-43.9760265479275,-11.19584464883665],[-43.97440339426543,-11.19514274453711],[-43.9686699043576,-11.19557571266755],[-43.96584321372472,-11.19566535804882],[-43.96593095176247,-11.19438171241896],[-43.96565820091322,-11.19348525856126],[-43.96519852990058,-11.19265174720796],[-43.96487618799181,-11.18875312660213],[-43.96306229947348,-11.18531036231724],[-43.9612560403512,-11.18066596839358],[-43.96028138521971,-11.17678260657588],[-43.96028329257301,-11.17350959632218],[-43.96012688998886,-11.1724777207116],[-43.9596481454912,-11.17094802710738],[-43.95919038182749,-11.17000770423071],[-43.95829202063661,-11.16856574866294],[-43.95685960183658,-11.16710471960794],[-43.95549775493524,-11.16548156591942],[-43.95499040020767,-11.16455840918024],[-43.95219613450649,-11.16135597082133],[-43.95081902881796,-11.15869331212787],[-43.9503708018996,-11.15607833715169],[-43.94895936393384,-11.15508651586033],[-43.94786836053285,-11.15452194066322],[-43.9425697461166,-11.14997291416544],[-43.9356174604611,-11.14544677584859],[-43.9333210127436,-11.14422607271974],[-43.92845536646,-11.14085388032916],[-43.92685700833143,-11.13991737214777],[-43.92383958284237,-11.13853263703535],[-43.92218781895184,-11.13836288300423],[-43.92102242895476,-11.13855743256287],[-43.91891862344354,-11.13953590240791],[-43.91768266154792,-11.13991165008642],[-43.91668130353104,-11.13990783538755],[-43.91531373458344,-11.13920593108834],[-43.91405869920282,-11.13889503325899],[-43.91247369251328,-11.13901519622025],[-43.90678216428105,-11.13899421537556],[-43.9056587359451,-11.14478492582259],[-43.90479470701635,-11.15240287626004],[-43.90438271971518,-11.15431403958934],[-43.90327455017118,-11.15799140775136],[-43.89948083378966,-11.16458129727074],[-43.89821244696398,-11.16761779629171],[-43.89637567025376,-11.17125320278253],[-43.89498521311722,-11.17453002773114],[-43.89447404368815,-11.17681121669498],[-43.89363099560275,-11.17872619472058],[-43.89301682934972,-11.18064498744415],[-43.89150620925153,-11.18364143214338],[-43.8901100300673,-11.18819808802463],[-43.88961411942691,-11.19055747828235],[-43.88723947040655,-11.1970329268863],[-43.88551522726106,-11.20262908777159],[-43.88449288840606,-11.20514678796493],[-43.88298036096003,-11.20781516869942],[-43.8820305013524,-11.21012115319481],[-43.88029672146154,-11.21722984154573],[-43.87978555203403,-11.21853065331242],[-43.87874604704276,-11.2203445418603],[-43.87593842988885,-11.22737693626397],[-43.87513162142734,-11.22912025291291],[-43.87449647434103,-11.23013877708158],[-43.87275125036357,-11.23410987693197],[-43.86985970987043,-11.24172210531973],[-43.8691196586063,-11.24578857260345],[-43.86793900980884,-11.25384902792306],[-43.86680032268505,-11.2590618117343],[-43.86564828412413,-11.26230430440774],[-43.86525537030967,-11.26385879354284],[-43.86441422957216,-11.26626968221298],[-43.86422540205885,-11.26739883260326],[-43.86274339218788,-11.27180480794221],[-43.86214448472421,-11.27343177632463],[-43.86130906603408,-11.27491950825674],[-43.85944940113641,-11.28153991535746],[-43.85903169179034,-11.28293037251001],[-43.85838319326318,-11.28448486164438],[-43.85816766286965,-11.28541374042809],[-43.85772134329501,-11.28649711445077],[-43.85674859550525,-11.28817558124578],[-43.85577203301668,-11.2908668501648],[-43.85368348629054,-11.29518890216276],[-43.85234262022011,-11.29719161822462],[-43.85177995238074,-11.29828452899011],[-43.85151864562073,-11.29921340777383],[-43.85019303833783,-11.30207443072047],[-43.84957315003934,-11.30385398699358],[-43.8479042200076,-11.30697631670226],[-43.84721375981092,-11.30873679948907],[-43.8453254846888,-11.312644956834],[-43.84465028328167,-11.3139438612516],[-43.84308435007571,-11.31634330582865],[-43.84140397595146,-11.32007980179705],[-43.84038545179534,-11.32183074784007],[-43.83813478044024,-11.32497787307992],[-43.83708001665974,-11.32729720901535],[-43.83500100667808,-11.3309497816431],[-43.83354951438646,-11.33452606032676],[-43.8325748592465,-11.33730697463137],[-43.82990075649819,-11.342864988542],[-43.82710839813255,-11.35091209241826],[-43.82843591275935,-11.35072707960344],[-43.8323803096653,-11.35198974440565],[-43.83415223651417,-11.35320854018518],[-43.83570291092464,-11.354932783352],[-43.83858300731534,-11.35362434219529],[-43.83921052500715,-11.35252380203533],[-43.84047318978231,-11.35202216934712],[-43.8427543787103,-11.35190391373615],[-43.84242250005202,-11.35288810562989],[-43.84098626655129,-11.35507201981193],[-43.84050942939879,-11.35633468460578],[-43.84014131111631,-11.3578071577496],[-43.84126473944277,-11.35776710343035],[-43.84263040104141,-11.35801315140641],[-43.84371568239647,-11.35764884781951],[-43.84432984864804,-11.35659408402681],[-43.84574891600772,-11.35669898820416],[-43.84751512081189,-11.35751914811961],[-43.84815789728884,-11.35872459245659],[-43.84856797723637,-11.35992050005002],[-43.84928323296055,-11.36094474626713],[-43.85048676992715,-11.36180877519991],[-43.85435105819163,-11.3641204817497],[-43.85626985088514,-11.3643360121486],[-43.85787965310608,-11.36403465106761],[-43.85897828590189,-11.36348724201207],[-43.86120225437465,-11.36205863789011],[-43.86241914278391,-11.36151122883474],[-43.86417008880192,-11.36097526387212],[-43.86566926480518,-11.35992240742956],[-43.86637879848729,-11.35868644551681],[-43.86685372829136,-11.35740470723653],[-43.86770440577056,-11.35590743856135],[-43.86866761681663,-11.35478973226437],[-43.87247468462967,-11.35352897482483],[-43.87375642289108,-11.35335349875288],[-43.87704087718495,-11.3535022719522],[-43.87855149727768,-11.35404014426923],[-43.87931634406643,-11.35469436485157],[-43.87995912054384,-11.35591888267493],[-43.88233949159621,-11.35863113243481],[-43.88358880492947,-11.35977554161665],[-43.88581277339821,-11.36149215539009],[-43.88690186944955,-11.36214637597292],[-43.88834382499286,-11.36264037927132],[-43.88971520863809,-11.36299896081664],[-43.89237214524265,-11.36301803430764],[-43.89353753523973,-11.36275100550105],[-43.89580918742851,-11.36141204676481],[-43.8971862931209,-11.3609924300681],[-43.90105439608917,-11.36086273036774],[-43.90247918549665,-11.36052322231353],[-43.90367318572354,-11.35986900173469],[-43.90514184414868,-11.359693525663],[-43.90663148340785,-11.35997772061185],[-43.90762521202905,-11.36091422879213],[-43.90852548056817,-11.3621654494969],[-43.9090976851474,-11.36346053921942],[-43.91078950336174,-11.36164855802126],[-43.91186715532444,-11.36071204984431],[-43.91241265702691,-11.35956573331708],[-43.91272546220009,-11.35811996305403],[-43.91255952287575,-11.35532569730678],[-43.913043989425,-11.35277747953438],[-43.91397477554813,-11.34986114347648],[-43.91501809523805,-11.34751319731144],[-43.91589166090106,-11.34596061552593],[-43.91682816906675,-11.34517860258807],[-43.91792870921226,-11.34452247466041],[-43.92025758185776,-11.34465789641719],[-43.92160416997132,-11.34531211700058],[-43.92265702639703,-11.34787559356473],[-43.92229653750871,-11.34933090057081],[-43.92142487919454,-11.35067367400683],[-43.921625150796,-11.35201263274717],[-43.92282868776361,-11.35311126556175],[-43.92476273924398,-11.35609435882663],[-43.92617989925134,-11.35986137237858],[-43.92663384821681,-11.36148071136853],[-43.92669488337015,-11.36283683624648],[-43.92633630183094,-11.36392021026932],[-43.92581559566008,-11.3651752456687],[-43.92475510983385,-11.36667251434365],[-43.92455865292548,-11.36807441558834],[-43.92483140377438,-11.36908721771282],[-43.92545510676697,-11.36980438079966],[-43.92687226677916,-11.37041473236464],[-43.92835999868989,-11.37086295929574],[-43.93094636339751,-11.37089156952949],[-43.93185616868217,-11.37068748322743],[-43.93370820417962,-11.36911010591131],[-43.93434525861503,-11.36810111848564],[-43.93510819806055,-11.36562537996164],[-43.93532754315174,-11.36446952669061],[-43.93614961040192,-11.36344146577887],[-43.93752671609489,-11.36311149446783],[-43.94016267186723,-11.36275863497515],[-43.94246865633048,-11.36271285861174],[-43.94654084560074,-11.36355018466831],[-43.94744683618747,-11.36394309848818],[-43.94922067038626,-11.36663436741184],[-43.94996262899262,-11.36730575413186],[-43.95351601943684,-11.3721923813347],[-43.95491410595999,-11.37528991551645],[-43.95560647350236,-11.37622451634779],[-43.95835305549336,-11.37663268895954],[-43.96158791872697,-11.37737655493157],[-43.96291734070532,-11.37712669226292],[-43.96534730283015,-11.37606811377573],[-43.96784402215547,-11.37559890601607],[-43.97054864247846,-11.37541770790043],[-43.97500611617127,-11.37451171730714],[-43.97668267559567,-11.37458991860375],[-43.97924233742386,-11.37518691872992],[-43.98207284275263,-11.37691306924706],[-43.98431969940788,-11.37870216226802],[-43.98540688811167,-11.3799095139544],[-43.98619080838713,-11.38106918192432],[-43.98692704494723,-11.38238334513348],[-43.98712922389821,-11.38330650187213],[-43.98716737086861,-11.38455390787794],[-43.9855861788701,-11.38742446756758],[-43.98429871856016,-11.3880519852657],[-43.9812641269269,-11.38886451577845],[-43.97991563146285,-11.38857078408674],[-43.97726632425091,-11.38737678383839],[-43.97486497235112,-11.391004560934],[-43.97356225324955,-11.39368438576087],[-43.97341348005629,-11.39508628700569],[-43.9734745152099,-11.39635276649786],[-43.97372056317825,-11.39762878273356],[-43.97450639080236,-11.39862632606972],[-43.97592355081577,-11.39916419838648],[-43.9770927555119,-11.39864349221162],[-43.97812272376016,-11.39788818215482],[-43.98023606601856,-11.39574241494629],[-43.9833755618271,-11.39357375955592],[-43.98613168056411,-11.39269828653784],[-43.99223519610379,-11.39279174663054],[-43.99526406569028,-11.39298248149877],[-43.99774743357381,-11.39442825176625],[-43.99980546271775,-11.3961448655389],[-44.00044442449924,-11.39739417889443],[-44.00059701238616,-11.39849853375298],[-44.0003299835796,-11.39974593975836],[-43.99980546271215,-11.40022277691564],[-43.99980546271157,-11.40062904217436],[-43.99873734749109,-11.40126800396475],[-43.9965438965907,-11.40341186382445],[-43.99258233353201,-11.40575027324194],[-43.99013329791877,-11.40775871134821],[-43.98973656940809,-11.40819167948709],[-43.98873139668825,-11.41125297404117],[-43.98847008992632,-11.41334915018812],[-43.98865510274018,-11.4140644059256],[-43.9895591859771,-11.4157676682561],[-43.99055863664469,-11.41730880595284],[-43.99195290847376,-11.41883277751271],[-43.99225426955276,-11.4193859086166],[-43.99420548717384,-11.42167091228163],[-43.99557877816977,-11.42219924785509],[-43.99630166329153,-11.42226600505856],[-43.99683762825027,-11.42206001140694],[-43.99758340155683,-11.42104911663289],[-43.99823762213043,-11.41987609722474],[-43.99857331548679,-11.41871070721076],[-43.99890519414511,-11.41814231731858],[-44.00032235416279,-11.4159679398796],[-44.0027122619712,-11.41271972516181],[-44.00350381164321,-11.41256904462119],[-44.00465775755167,-11.41154289105846],[-44.00493623044827,-11.41154289105891],[-44.00642205501375,-11.41087913373718],[-44.00865556023275,-11.41044425825227],[-44.0102863432915,-11.41047668318159],[-44.01154900806892,-11.41069793562494],[-44.01295090929446,-11.41109084944551],[-44.01417924179525,-11.41255950789467],[-44.01539994490283,-11.41318893294539],[-44.01726723918874,-11.413402555995],[-44.01793290385098,-11.41454315047848],[-44.018411648344,-11.41998100143113],[-44.01931954627833,-11.42190933090017],[-44.0187931180588,-11.42481994491292],[-44.01899338966087,-11.42605781417586],[-44.01955987219627,-11.42670249801464],[-44.02082062962531,-11.42691421371478],[-44.02258874178452,-11.42657661300938],[-44.02397919892027,-11.42577743393448],[-44.02531052825042,-11.42401885849724],[-44.02604104276886,-11.42262840134507],[-44.02788354152624,-11.42058181626493],[-44.02931405298349,-11.4192752824538],[-44.03118134726982,-11.41944312913626],[-44.03272629964111,-11.41997337205858],[-44.03385354266709,-11.42065620287088],[-44.03517152055336,-11.42184448107095],[-44.03555299027375,-11.42262267931375],[-44.03571702225115,-11.42478561266348],[-44.03448487504745,-11.42719459398468],[-44.0343570826895,-11.42816161974143],[-44.03345299944611,-11.43075370653186],[-44.03267289386421,-11.43181991441629],[-44.03253747211243,-11.432334898547],[-44.03094102132386,-11.43543052537539],[-44.03075410116024,-11.43548393113687],[-44.03003503073207,-11.43784141404589],[-44.02996445883098,-11.43982124192654],[-44.02942467917276,-11.44158363206224],[-44.02943803061127,-11.44286727769223],[-44.03037835347383,-11.44350242478832],[-44.03187180743336,-11.44358062608441],[-44.03275490983873,-11.4434833513056],[-44.0339603541595,-11.44282722337781],[-44.03506089430845,-11.44105911119688],[-44.0359916804291,-11.44091796739949],[-44.03825188853175,-11.43881797655832],[-44.03875733591382,-11.43807792528967],[-44.03947831369041,-11.43590164050078],[-44.04021264290572,-11.43483733996482],[-44.04067422126934,-11.43441390856895],[-44.04117203925793,-11.43293189868229],[-44.04172517035472,-11.43247222766254],[-44.04255295965188,-11.43139839038356],[-44.04385186405439,-11.43087959155735],[-44.04585267274445,-11.43044280872345],[-44.04844857420143,-11.42908477650096],[-44.04984284603423,-11.42870139942794],[-44.0522575493731,-11.42775916920696],[-44.0532798882272,-11.42756461964794],[-44.05384064871786,-11.42760276662146],[-44.05501176076263,-11.42800330983601],[-44.05595017627707,-11.42854881154645],[-44.05709077074214,-11.43046951162132],[-44.05766679001977,-11.4319915758311],[-44.0593624229305,-11.43339729177589],[-44.06040764996543,-11.43518257009767],[-44.0608883018131,-11.43642234670968],[-44.06183434672113,-11.43766403067098],[-44.06295586770236,-11.43792152273813],[-44.06510354223502,-11.43809127676959],[-44.0664653891403,-11.43889999259181],[-44.06800652681546,-11.43916702140257],[-44.06869889436096,-11.43861007560288],[-44.06906319794616,-11.43786811698543],[-44.06937791046798,-11.43675804008158],[-44.06945992645945,-11.43573570121452],[-44.07005311187811,-11.43457984794399],[-44.07006646332209,-11.43172263969222],[-44.07019425568017,-11.43066596854978],[-44.07310296231142,-11.42800712456009],[-44.07355309658481,-11.42661666740751],[-44.07474328211903,-11.42463111748258],[-44.07552529504973,-11.42364692558917],[-44.07769967246529,-11.42219734063154],[-44.07940102742675,-11.4201049791839],[-44.08042908832664,-11.42028045525955],[-44.08104325457763,-11.42096900811695],[-44.08123971148314,-11.42193794122255],[-44.08120347185839,-11.42286109796086],[-44.0817737690913,-11.42367553582796],[-44.08252717179075,-11.42440986505255],[-44.08416749159332,-11.42513084283801],[-44.08510590710807,-11.42572021356699],[-44.08647156871045,-11.42685508600539],[-44.08740235483169,-11.42671394220803],[-44.08781624948063,-11.42610931269199],[-44.08794404183868,-11.42504310480641],[-44.08795548593418,-11.42204856745316],[-44.08826829110753,-11.42084693781491],[-44.08882332955314,-11.42047881952954],[-44.09005356940642,-11.42003059260269],[-44.0917053333022,-11.41961860530042],[-44.09380150942348,-11.41949844233953],[-44.09520531799924,-11.41981124751739],[-44.09595490600211,-11.42017555110719],[-44.09816552303779,-11.42189979427447],[-44.09920693537653,-11.42331313961276],[-44.10094071526139,-11.42394256466407],[-44.10419846668634,-11.42350196713459],[-44.10755540023853,-11.42351150388254],[-44.1082077134631,-11.42331504697418],[-44.10904122480589,-11.42289161557893],[-44.11001778729413,-11.42265128965265],[-44.11121750957069,-11.42163276548439],[-44.11204529886842,-11.42060470457259],[-44.11273957376282,-11.42009162779125],[-44.11408425453332,-11.4194354998636],[-44.11445809486076,-11.41942596312102],[-44.11766244052584,-11.41843223448779],[-44.12022973175392,-11.41867637511646],[-44.12168122404517,-11.41921424743293],[-44.12281037442119,-11.41988563415311],[-44.12649537193467,-11.42017745849899],[-44.1270961867474,-11.41967201111216],[-44.12619401085675,-11.41820526001238],[-44.12537766565433,-11.41618537780924],[-44.12531090845499,-11.41452216980138],[-44.12590790857074,-11.41373634216553],[-44.12688828575612,-11.41372108337795],[-44.12820244894716,-11.41453933594319],[-44.12928582295636,-11.41554641602269],[-44.12980271442932,-11.41576576111629],[-44.13100243670608,-11.41474723694786],[-44.13151551348221,-11.41469383118705],[-44.13368798355062,-11.41314506410021],[-44.1349868879547,-11.41253471253958],[-44.13834191415959,-11.41240882753426],[-44.13940621468497,-11.41166114687176],[-44.13954354378524,-11.41138076662303],[-44.13944054696123,-11.41055869936204],[-44.13836289499723,-11.41005706667026],[-44.13741875743643,-11.40915107606838],[-44.13791466807667,-11.40771484254856],[-44.13814736460729,-11.40756988405276],[-44.13888169382327,-11.40659522890254],[-44.13980485055148,-11.40575790285394],[-44.14396096317211,-11.40626716494469],[-44.14660454834696,-11.40517997622769],[-44.14797974669737,-11.403095244174],[-44.14899445615912,-11.40215873599657],[-44.15011025509649,-11.40182685733605],[-44.1524448497951,-11.40207672001014],[-44.15369988518101,-11.40174674869828],[-44.15433884696684,-11.40062713505179],[-44.15447808341543,-11.40062713505204],[-44.15507508353136,-11.39978790165438],[-44.15679932667523,-11.39968490483063],[-44.15714074207971,-11.39700889469932],[-44.15727425648301,-11.39649391056869],[-44.15791321826886,-11.39529228093083],[-44.15963364671592,-11.39490890385809],[-44.16047860214982,-11.39530944707204],[-44.16174889632318,-11.396362303519],[-44.16309929913951,-11.39624786260288],[-44.16323853558821,-11.39611244085009],[-44.16341019696462,-11.39482116582604],[-44.16316224164672,-11.39358138921435],[-44.16315270490464,-11.392793654229],[-44.16412354534827,-11.3920459735663],[-44.16547776286157,-11.39216804388059],[-44.16691399636613,-11.39146613958563],[-44.16820527137693,-11.39024925115978],[-44.16786194862858,-11.38887405279506],[-44.16767502846484,-11.3888282764277],[-44.16677857461902,-11.38782119634833],[-44.1663036448159,-11.38709640386741],[-44.16677094522629,-11.38634681585518],[-44.16806603493289,-11.38628768804938],[-44.16904641211868,-11.38641738775768],[-44.17114258824196,-11.38621520880548],[-44.17211533603392,-11.38573837164854],[-44.1734523874116,-11.38439559821292],[-44.17344094332103,-11.38342666510746],[-44.17257119235752,-11.38090133551652],[-44.17259980258861,-11.37923812750882],[-44.17356301363835,-11.37802886847696],[-44.17374421175703,-11.37752342108946],[-44.17372895296948,-11.37627601508372],[-44.17347527560646,-11.37443923835002],[-44.17415810641069,-11.37304878119776],[-44.17460824068445,-11.37165641669646],[-44.17818070463861,-11.36618614082228],[-44.17821694426328,-11.36526489143291],[-44.17741013580226,-11.36415862922482],[-44.17697526032051,-11.36282920722722],[-44.17709351593655,-11.3609848010994],[-44.17768479400743,-11.35959434394705],[-44.17879677824821,-11.35898971443176],[-44.18048478176774,-11.35988998298875],[-44.18207741785703,-11.36051940803967],[-44.18347550438889,-11.3604602802339],[-44.18430520103541,-11.35971069222237],[-44.18439103172378,-11.35897064095292],[-44.18432045982752,-11.35694503670493],[-44.18449212120375,-11.35584068184678],[-44.18536568686881,-11.35467719918194],[-44.18641282125864,-11.352590559779],[-44.18911744158879,-11.35269737130604],[-44.19051171342395,-11.35227775460868],[-44.19171143570148,-11.35120391733004],[-44.1919288734446,-11.34991073495744],[-44.19191552200569,-11.34870910531868],[-44.19148255387221,-11.34765815622148],[-44.19132805863606,-11.34645652658263],[-44.19151116410323,-11.346040724581],[-44.19304085768999,-11.34532928354294],[-44.19349671400899,-11.34454536325552],[-44.19376374281587,-11.34334182626856],[-44.19327927627035,-11.34187698251806],[-44.19371415175665,-11.3392467487541],[-44.19552422558932,-11.33858108408343],[-44.19644928966637,-11.33796882517368],[-44.19665719066754,-11.33570861704408],[-44.19720269237157,-11.33459854014063],[-44.19761658702063,-11.33417510874454],[-44.19906044991948,-11.33402442820446],[-44.20026780159088,-11.333593367415],[-44.20187760382061,-11.33187103160175],[-44.20224381475465,-11.33127593882883],[-44.20234681158321,-11.32813835032812],[-44.20126915961846,-11.32754707225059],[-44.20050240547882,-11.32580757029654],[-44.20043946297614,-11.32447051890491],[-44.20117760688934,-11.32386588938929],[-44.20243645697284,-11.32380676158332],[-44.20299340276748,-11.32360839732621],[-44.20330620794108,-11.32240676768797],[-44.20291520147752,-11.32089614757033],[-44.20195771247701,-11.3188304889998],[-44.20199013740482,-11.31753730662681],[-44.20103455575289,-11.31556510813942],[-44.20147706063289,-11.31358528025923],[-44.2023487189494,-11.31251144298009],[-44.20271111518669,-11.31149101146208],[-44.20235444099918,-11.30896568187186],[-44.20233918221175,-11.30771827586616],[-44.20321465522537,-11.30674362071582],[-44.20475388555552,-11.30594444164069],[-44.20544053105554,-11.30593681224707],[-44.20659829166335,-11.30523490795172],[-44.20733643557667,-11.30457496532571],[-44.20849801088125,-11.30424499401374],[-44.21093560240526,-11.30541801342594],[-44.21129799864234,-11.30458640942258],[-44.21113587401244,-11.3027420032945],[-44.21220208188678,-11.30221938977039],[-44.21473122614434,-11.30325698742991],[-44.21585083977912,-11.3033771503951],[-44.21826745047066,-11.30265998731229],[-44.21964264882087,-11.30148887525358],[-44.21964455617004,-11.30094528089324],[-44.22047806751388,-11.30043220411211],[-44.22196579943132,-11.30009269605736],[-44.22289086350857,-11.29943466078029],[-44.22348023423096,-11.29818916212386],[-44.22341729172833,-11.29676055799773],[-44.22709847454894,-11.29671478163522],[-44.22807503703832,-11.2965183247273],[-44.22975350381655,-11.2965965260233],[-44.23327256200746,-11.29457855117428],[-44.2348575687039,-11.29461097610297],[-44.23750878327485,-11.29421043289348],[-44.23997879972733,-11.29413604629965],[-44.24057961454054,-11.29376602066593],[-44.24212456691988,-11.29037856949596],[-44.24373818384731,-11.28884506119712],[-44.24485207543707,-11.28854942216054],[-44.24713326437736,-11.28834724320828],[-44.24692536338067,-11.28645706071294],[-44.24770356161558,-11.28534698380964],[-44.24792099935877,-11.28400039567518],[-44.24776650412247,-11.28280639543086],[-44.24840355856034,-11.28151512040741],[-44.24987221699369,-11.27965545549222],[-44.25023461323091,-11.27872466935989],[-44.24874306661623,-11.27869415177997],[-44.24896431905637,-11.27772712602343],[-44.24951172810911,-11.27666091813834],[-44.24950600606375,-11.27629089250369],[-44.24827767355903,-11.27492141618377],[-44.24873543722669,-11.27418136491489],[-44.25133706073438,-11.27345657243767],[-44.25165177325641,-11.27253341569979],[-44.2514953706717,-11.2711505879408],[-44.2521381471548,-11.27036476030484],[-44.25459099747163,-11.26895141497104],[-44.25564766860422,-11.26760673418626],[-44.25706482862558,-11.26533126726916],[-44.25980759593066,-11.26470565692099],[-44.26155854195856,-11.26302719012616],[-44.26283455818276,-11.26061630145607],[-44.26492119756579,-11.25971603290394],[-44.26626206364112,-11.25891494647977],[-44.26843071901545,-11.2570495595196],[-44.26934433900233,-11.25561332600012],[-44.26984406434003,-11.25441169636216],[-44.27000809632256,-11.25265693562021],[-44.26933670961267,-11.25100135700609],[-44.26922799074301,-11.24985313312913],[-44.27029801331536,-11.24910354511777],[-44.27019310914631,-11.24472808735407],[-44.26970673525189,-11.24302673237322],[-44.27034378968975,-11.24172592060637],[-44.27107621155802,-11.24075126545583],[-44.2714386077953,-11.23991966145256],[-44.27156640015348,-11.23886108296145],[-44.27134324036897,-11.23576927082756],[-44.27137375794823,-11.23443984883061],[-44.27167893372796,-11.23273086445592],[-44.2716598602435,-11.23120307820105],[-44.27117920839447,-11.22991752522209],[-44.27102662050662,-11.22885894673076],[-44.27119828188285,-11.22771072285407],[-44.27188111268766,-11.22632026570148],[-44.27241517030136,-11.22424125569259],[-44.2724437805321,-11.2227134694378],[-44.27301407777027,-11.21981048481937],[-44.27318192444966,-11.21832847493202],[-44.27283097230718,-11.21621131794921],[-44.27270699464999,-11.21372413533199],[-44.27314568483335,-11.21132850544974],[-44.27332497560347,-11.2108592976863],[-44.27544785461095,-11.20918273824066],[-44.27629853209324,-11.20811653035591],[-44.27633095702294,-11.20494270223115],[-44.27716256101951,-11.2035083760603],[-44.27910996395482,-11.20165824788887],[-44.28077317194798,-11.19888687032741],[-44.28164864496326,-11.19681739706188],[-44.2823829741819,-11.19409751791254],[-44.28330803826011,-11.19312286276227],[-44.2841911406685,-11.19242858786093],[-44.28660775136167,-11.19154739279556],[-44.28763009021822,-11.19140624899794],[-44.28883934923946,-11.19075775046425],[-44.28958130785043,-11.19010734458132],[-44.29018212266449,-11.18908691306349],[-44.29434777204049,-11.18373489280493],[-44.29560090007988,-11.18295097251825],[-44.29661942423914,-11.18298911949225],[-44.3205185023427,-11.20251464747309],[-44.33284569642252,-11.21239089870745],[-44.33334160706255,-11.2119293203388],[-44.33488083739469,-11.21106529140988],[-44.33715821164012,-11.21043777371224],[-44.33831978694608,-11.21028709317159],[-44.33958054437966,-11.21046256924719],[-44.34140206230601,-11.21037483121207],[-44.34251595389716,-11.20972633267811],[-44.34464836964948,-11.20768737699215],[-44.34538842091262,-11.20672225858484],[-44.34584809192966,-11.20556449796531],[-44.34589005360036,-11.20428085233542],[-44.34564591298027,-11.20179366971799],[-44.34703064807614,-11.19952583219524],[-44.34786606676986,-11.19869613554093],[-44.34957695847901,-11.19624900724703],[-44.35012818222993,-11.19473075773603],[-44.35239029768999,-11.19080161955507],[-44.35354996564823,-11.18978309538629],[-44.35577965617921,-11.18872070220039],[-44.35717392801652,-11.18825340178695],[-44.35837937234164,-11.18723487761841],[-44.35921288368725,-11.18598747161338],[-44.35986710426316,-11.18468665984654],[-44.36055374976489,-11.1840019216882],[-44.36180687780489,-11.18353462127467],[-44.36263848180199,-11.18219756988397],[-44.3632412039648,-11.18150138763355],[-44.36449623935327,-11.18113326934881],[-44.36589432588736,-11.18130874542463],[-44.36719895233922,-11.18167304901476],[-44.36832238067187,-11.18296050934324],[-44.36911774504358,-11.18351364044751],[-44.37005043851562,-11.18383216767021],[-44.37312317713327,-11.18404579072041],[-44.37582398277147,-11.18394279389715],[-44.37726975302089,-11.18435287385466],[-44.37810135701679,-11.18434524446097],[-44.37880135395912,-11.18351554780656],[-44.37898064473018,-11.18214034944258],[-44.3789272389702,-11.18080329805098],[-44.37906075337453,-11.1794643393108],[-44.37947274067652,-11.17808151155265],[-44.37965203144754,-11.17674446016117],[-44.37941361287197,-11.17541313081525],[-44.37894249776531,-11.17416381746035],[-44.37921524861866,-11.17264556794906],[-44.3799076161667,-11.1715812674127],[-44.38144112445324,-11.17106819063198],[-44.38238144732032,-11.17107009798182],[-44.38432885025559,-11.17133712679245],[-44.38856125683218,-11.17058563143555],[-44.39004898875215,-11.17011833102211],[-44.39191056100046,-11.1697864523619],[-44.39340020026861,-11.16978073031751],[-44.39451599920849,-11.16954803378562],[-44.39581681096428,-11.16903495700476],[-44.39646530949383,-11.16848564059919],[-44.39855767092499,-11.16778373630461],[-44.39986611207402,-11.1686992636497],[-44.40112877685598,-11.1697959891148],[-44.40631295038817,-11.17351531895414],[-44.40719986749393,-11.17383384617668],[-44.40874100517413,-11.17469596776025],[-44.41004563162657,-11.17506027135049],[-44.41135025807913,-11.17519760045351],[-44.41456223314737,-11.17499542150154],[-44.4158668595999,-11.17522430333891],[-44.4172210771162,-11.17586135778364],[-44.41815567793687,-11.17673110876111],[-44.41890526594183,-11.17774391088595],[-44.41983986676262,-11.17852401647766],[-44.4222660142004,-11.17957878027403],[-44.42366410073546,-11.17957115088093],[-44.42538452918682,-11.17919540320203],[-44.4305877762117,-11.17709731971128],[-44.43198204804995,-11.17677497779381],[-44.4348220901385,-11.17671775733766],[-44.43695832058902,-11.17550849830657],[-44.43863106532552,-11.17490577614036],[-44.43988419336654,-11.17425727760648],[-44.44104386132566,-11.17337417519071],[-44.44228935997375,-11.17101478493326],[-44.44316483299015,-11.16899108803479],[-44.44315148155209,-11.16646003639909],[-44.44337654868996,-11.16507530129195],[-44.44327545921485,-11.16332244789829],[-44.44285012047458,-11.16208267128666],[-44.44317055504308,-11.16087913429976],[-44.44395638267367,-11.1598682395251],[-44.44487381736003,-11.15732955849582],[-44.44542885580783,-11.1565875998783],[-44.44673157491265,-11.15626525796056],[-44.44966507708367,-11.15629768289027],[-44.45123673234497,-11.15426635659801],[-44.45207215103917,-11.15370559610077],[-44.45374680312408,-11.15351867593637],[-44.4548664167613,-11.15388297952639],[-44.47547150386892,-11.14426040569427],[-44.47701836359726,-11.14365768352775],[-44.48040581474171,-11.14134025494222],[-44.48156357535284,-11.14013862530474],[-44.4843006206187,-11.13850784222634],[-44.48494911914888,-11.13782119671911],[-44.4867038798782,-11.13509368817596],[-44.48767662767344,-11.13411712567709],[-44.48813439134265,-11.13259887616587],[-44.48868752244238,-11.13148689191337],[-44.48998070480585,-11.12955474774967],[-44.49173355818709,-11.12641143720461],[-44.49247551679938,-11.12585067670725],[-44.49394989728229,-11.12304115217249],[-44.49468231915279,-11.12087249677792],[-44.49481583355704,-11.11953353803789],[-44.49546051739056,-11.11819648664688],[-44.49661827800188,-11.11690521162348],[-44.49698258158866,-11.11570358198527],[-44.49706078288448,-11.11257362287901],[-44.49760628459069,-11.11031341474963],[-44.49838639017676,-11.10804557722599],[-44.49917221780767,-11.10694312971717],[-44.49981880899041,-11.10486411970794],[-44.50168038124254,-11.10202789229279],[-44.50377083533101,-11.09642410201174],[-44.50387383215703,-11.09550094527353],[-44.50469780676028,-11.09445381087501],[-44.50609780064588,-11.09323310775129],[-44.50660134068019,-11.0938968650759],[-44.50749779452937,-11.09473991317246],[-44.50854302157008,-11.09627723617149],[-44.5106468270926,-11.09844207687161],[-44.51310539945472,-11.10455131454463],[-44.51362801297232,-11.10876655502336],[-44.51408959133652,-11.11011505050722],[-44.51648903589383,-11.11350059433257],[-44.51753235558624,-11.11477851791752],[-44.51873398521408,-11.11585616989613],[-44.51963043906473,-11.11498832626913],[-44.52065849996917,-11.11518096848192],[-44.52243805622822,-11.11583518906457],[-44.52376938556262,-11.11616325303064],[-44.52720261307291,-11.11676406785311],[-44.52830315322462,-11.11714553758064],[-44.53026009290439,-11.11890411302189],[-44.53105927197455,-11.11942100450205],[-44.53269768443632,-11.12001991197416],[-44.53391266550521,-11.12031173631614],[-44.53813553534342,-11.12078857347822],[-44.53951645574188,-11.12132453844513],[-44.54302025515048,-11.12318229601667],[-44.54379082399273,-11.12210845873705],[-44.5442199774324,-11.12113189623749],[-44.54509735779817,-11.11886405871397],[-44.54554177002729,-11.1172637932115],[-44.54716683105085,-11.11528587268071],[-44.54913140013031,-11.11074829028521],[-44.54937363340552,-11.10975456164774],[-44.54994202329431,-11.10873222278114],[-44.55182457638134,-11.10677337573694],[-44.55363274287243,-11.10453224109503],[-44.55448342035648,-11.10367202686247],[-44.55551529595914,-11.10296440052069],[-44.55631447503,-11.10281181263065],[-44.55611038872881,-11.10168838428577],[-44.55837822623978,-11.09559631275482],[-44.55881119437784,-11.09313392567036],[-44.56107903188768,-11.08856582569684],[-44.5612697667515,-11.08583259510628],[-44.5615081853298,-11.08446693348535],[-44.56397438709627,-11.07937049794088],[-44.56418801014255,-11.07795905995282],[-44.56402016346586,-11.07580375599761],[-44.56578827563439,-11.07581901478821],[-44.56686592760313,-11.07614517140529],[-44.56834793747822,-11.07721519398956],[-44.5692977970895,-11.07772254872671],[-44.57129097639358,-11.07953452992963],[-44.5733375614594,-11.08098411489232],[-44.57696915322526,-11.08419036794719],[-44.57936096839116,-11.08543395925781],[-44.58083725622096,-11.08605956961055],[-44.58529472994071,-11.08663558890157],[-44.5872802798517,-11.08708953787786],[-44.58896828337809,-11.08780670096516],[-44.59023667020849,-11.08864974906195],[-44.59264946620847,-11.0912761681313],[-44.59331894557267,-11.09228897025578],[-44.5948009554492,-11.09191131522785],[-44.59633637108689,-11.09177780082486],[-44.59959793722403,-11.0918102257544],[-44.60288620624164,-11.09212112358424],[-44.60491181047433,-11.0920524590353],[-44.60762787490739,-11.0913505547406],[-44.61064911511917,-11.09089279107131],[-44.61180496838237,-11.09030532769329],[-44.61417771006499,-11.08845519952159],[-44.61563492441002,-11.08778953484987],[-44.62233162540918,-11.08848953180362],[-44.62447167055935,-11.08833312921755],[-44.62598038331683,-11.08803558283214],[-44.62730408325843,-11.08769416742792],[-44.62949371947378,-11.08612251215634],[-44.630744940168,-11.08562660151288],[-44.63256264340151,-11.08573722773505],[-44.63377762447146,-11.08602905207695],[-44.6353607238251,-11.08593940669235],[-44.63835526115709,-11.08521079951711],[-44.63951111442047,-11.08461570674452],[-44.64109230642566,-11.08441924983674],[-44.64277077321012,-11.08455657893961],[-44.64416504505078,-11.08431434566439],[-44.64489937426961,-11.0834732049179],[-44.64575005175416,-11.0827693932731],[-44.64627647997353,-11.08202743465541],[-44.64738274217283,-11.08152389461734],[-44.64778900742945,-11.08034706051123],[-44.65011406539845,-11.0768318169829],[-44.65052033065494,-11.07586479122631],[-44.65326500532009,-11.07239532406558],[-44.65432930585101,-11.07019042904694],[-44.65703392619397,-11.06870078976689],[-44.65793038004538,-11.06795120175494],[-44.66059113137217,-11.06344985898374],[-44.66078186623502,-11.06208610471155],[-44.66064262978691,-11.06047630246528],[-44.66024971597234,-11.05909156735755],[-44.65969658487362,-11.05789756711311],[-44.66015816324031,-11.0566864007315],[-44.66503716100684,-11.05840873655075],[-44.66762161838587,-11.0583305352588],[-44.66960716829829,-11.05867576536308],[-44.6714477597157,-11.05881500181469],[-44.67453194243269,-11.05946922239806],[-44.67647934537231,-11.06052970823936],[-44.67895317653026,-11.06255721983797],[-44.67985344507793,-11.06356239256806],[-44.68054962732298,-11.06498336730015],[-44.68075752832153,-11.06652069029809],[-44.68077469445712,-11.069404601431],[-44.68014717675911,-11.07268714842748],[-44.68151474571623,-11.07719230589919],[-44.68173790550284,-11.07998847899496],[-44.6830005702889,-11.07998847899593],[-44.68478966329418,-11.07971000609699],[-44.68585014912701,-11.07903289733323],[-44.68692207905129,-11.07898902831536],[-44.68776703448937,-11.07944297729053],[-44.68887520403674,-11.08044815002096],[-44.69108200638757,-11.08332633910953],[-44.69197083084318,-11.0851078027332],[-44.69348145094887,-11.08659362731923],[-44.69495392408201,-11.08848380981545],[-44.69656181896727,-11.09017753540262],[-44.69867897593418,-11.09159851013558],[-44.7000713404256,-11.09294891296862],[-44.70105553231262,-11.09416198669991],[-44.70267487129014,-11.09523773132995],[-44.70532417852213,-11.09648322998915],[-44.70881081179924,-11.09650230347812],[-44.71223259522335,-11.09635162293857],[-44.71395111633018,-11.09600067079151],[-44.71718597958973,-11.09582328737111],[-44.71928406307162,-11.09596061647425],[-44.72200394220293,-11.09721946657384],[-44.72322083062235,-11.09760093630126],[-44.72409248894124,-11.09820747316716],[-44.72620392386305,-11.09926795900852],[-44.72730637136613,-11.09828185976623],[-44.72887993397816,-11.09752464236019],[-44.73059845508517,-11.09713745058895],[-44.73164558947772,-11.09710121096573],[-44.73335838853802,-11.09799957217303],[-44.73427200852691,-11.0983333581843],[-44.73770142134593,-11.09863662661959],[-44.73858070906012,-11.0983009332608],[-44.7400322013608,-11.09720039310077],[-44.74127197796479,-11.09596252383895],[-44.74240685039435,-11.09509468021189],[-44.75826836152765,-11.0858554834461],[-44.75856209321557,-11.08527755681059],[-44.75898170991303,-11.08359527531686],[-44.75866318269504,-11.08096313420338],[-44.75867081209015,-11.07995033207929],[-44.75905037446643,-11.07872009221154],[-44.76028252167635,-11.07700347844277],[-44.76370811979983,-11.07550430242004],[-44.76464462797328,-11.07424926702029],[-44.76607323209084,-11.07317352239243],[-44.76702118435549,-11.07269477788622],[-44.76837540187695,-11.07138442937648],[-44.76930428065639,-11.06953048650607],[-44.77003288783018,-11.06839179937291],[-44.77074623621468,-11.06778716985673],[-44.77258682763358,-11.0678520197115],[-44.77395439659483,-11.06751823370168],[-44.77544212852012,-11.06567382757489],[-44.77640915427128,-11.06494331304919],[-44.77798653158091,-11.06451034491077],[-44.7795467427527,-11.06449317877407],[-44.78087235004424,-11.06429481451715],[-44.78143501788794,-11.06329154913671],[-44.78174400836356,-11.06499099676884],[-44.78109169513331,-11.06816482489318],[-44.78107643634301,-11.07032775824276],[-44.78206825762436,-11.07287788336536],[-44.78250694780541,-11.07568168585584],[-44.78319931535408,-11.07683181708204],[-44.78430367020513,-11.07751083319602],[-44.78533745315664,-11.07918357794774],[-44.78723526503462,-11.07890510504863],[-44.78894997144429,-11.07987403815518],[-44.79067612194606,-11.08012771552451],[-44.79312134287817,-11.0800304407459],[-44.79446793100426,-11.08061981147439],[-44.79603577157046,-11.08101844733979],[-44.7989769031452,-11.07919311470012],[-44.80035210150189,-11.07767486518945],[-44.80141067998714,-11.07673454231416],[-44.80277634160016,-11.07616615242255],[-44.80427742496549,-11.07529830879563],[-44.80545425906519,-11.07449531502203],[-44.80673981203658,-11.07332801765966],[-44.80773354066847,-11.07275962776776],[-44.80933380616207,-11.07210922188515],[-44.81052971374894,-11.06961440987422],[-44.81137276184028,-11.06844901986013],[-44.81346703062732,-11.06669425911939],[-44.81472969541537,-11.06544876046306],[-44.81468391904929,-11.0639381403459],[-44.81487465391214,-11.06268882699147],[-44.81532097349031,-11.06131553597619],[-44.81698608883801,-11.05891990609461],[-44.81833839901219,-11.05595397897152],[-44.81920052059,-11.05437087960686],[-44.82312202935692,-11.05175971933122],[-44.82434654717212,-11.05109977670519],[-44.82552719596905,-11.05060386606124],[-44.82680321219684,-11.05037879892356],[-44.8280983019112,-11.04967307993038],[-44.8290157365986,-11.04877853342208],[-44.83038712025767,-11.04838180490731],[-44.83066368580683,-11.04996490427277],[-44.83201027393119,-11.05414009043077],[-44.83320236681929,-11.05463218637891],[-44.8359775590624,-11.05664443918817],[-44.83743858810616,-11.05720710703583],[-44.84036446089118,-11.05804824778474],[-44.84181023114591,-11.05867004343998],[-44.8441658066924,-11.06079482981841],[-44.84499359599348,-11.06211280772425],[-44.84503174296503,-11.06378936717247],[-44.8453540848811,-11.06541442820784],[-44.8465061234476,-11.06705093333541],[-44.85134315955216,-11.06713104198101],[-44.85477257237384,-11.06750488231531],[-44.8576812790221,-11.06730651805942],[-44.8589592025987,-11.06737136791375],[-44.85864830477296,-11.06812095592619],[-44.85847664339642,-11.06911659191238],[-44.85897064668689,-11.07376480053076],[-44.86021233063914,-11.0746326441594],[-44.86116028290282,-11.07724761913564],[-44.86189651947031,-11.07820701549837],[-44.86207771758871,-11.07942771862336],[-44.86262703399136,-11.08032417248117],[-44.86334038237447,-11.0829200739709],[-44.86391830900621,-11.08415794323383],[-44.86460304716023,-11.08633804272166],[-44.86532593228709,-11.08798408459208],[-44.86615944363425,-11.08915138195592],[-44.86731338954996,-11.09001159619004],[-44.86853600001533,-11.09237289379819],[-44.87232590172575,-11.09506988476729],[-44.87278938744021,-11.09639930676465],[-44.8728160903199,-11.09815406750682],[-44.87262344810851,-11.09919357251147],[-44.87376594993213,-11.10095786999761],[-44.87499046774692,-11.10193443249823],[-44.87639809102961,-11.10260391186924],[-44.87766266316587,-11.10304832410142],[-44.87899589985259,-11.10329246472734],[-44.88003921954895,-11.10299491834132],[-44.88127136675897,-11.10286903333222],[-44.88436699357266,-11.10277938794836],[-44.89005089246767,-11.10116195631132],[-44.89245987377801,-11.1002502436664],[-44.89505958995034,-11.09976196241799],[-44.89772034127914,-11.09850692701932],[-44.89925384957166,-11.09825324965203],[-44.90223312812063,-11.09655380202194],[-44.90605736210915,-11.09520721388964],[-44.90633774235679,-11.09495353652167],[-44.9069957776311,-11.09573364211289],[-44.90805626346473,-11.09654807997965],[-44.90932274294972,-11.09715270949699],[-44.91199875306555,-11.09997558547517],[-44.91554451415368,-11.1019573207067],[-44.91947555966654,-11.09856414749134],[-44.92042351193177,-11.0989265437321],[-44.92437935297478,-11.09923744156162],[-44.92819977226515,-11.10089302017715],[-44.9307518047218,-11.10174369766884],[-44.93559837757206,-11.10183525040613],[-44.93852043566263,-11.1009235377613],[-44.94128418381735,-11.10038185075121],[-44.94220924789951,-11.10004615739234],[-44.94364357406429,-11.0992698664997],[-44.94437790328443,-11.09856414750607],[-44.94558906966002,-11.09837531999195],[-44.94543266707343,-11.09746932939149],[-44.94489670211116,-11.09595107987933],[-44.94478607589156,-11.09482002214005],[-44.94438744003023,-11.09314727738883],[-44.94464111739801,-11.09139251664688],[-44.94447327072011,-11.08951950028941],[-44.94407844955585,-11.08807373002552],[-44.9441051524373,-11.08676147416612],[-44.94511413985933,-11.08568572953775],[-44.94619751387742,-11.08493423417723],[-44.94739532881369,-11.08263778642398],[-44.94856644086869,-11.08150863603416],[-44.95069504193237,-11.08049583391137],[-44.95233345439993,-11.07952690080675],[-44.95343780925301,-11.07863235429865],[-44.95489120890411,-11.07776451067154],[-44.95636940408745,-11.0766468043735],[-44.95745087075692,-11.07609176592202],[-44.95845413613269,-11.07586860613253],[-44.96047211097577,-11.07601356462976],[-44.96044350074597,-11.07674407915618],[-44.96131897376357,-11.07765769915174],[-44.96203422949668,-11.07872390703793],[-44.96283531591806,-11.07933998064678],[-44.96430206700915,-11.0793476100421],[-44.96562004490732,-11.0801544185144],[-44.96640777988796,-11.08151054339284],[-44.96735763950167,-11.08264923052715],[-44.9698963205182,-11.08418846087523],[-44.97091102998527,-11.08506584124687],[-44.97296905914902,-11.08643913226366],[-44.97408676544109,-11.08864593463243],[-44.97454452910948,-11.09108924823118],[-44.97546768584258,-11.09206581073164],[-44.97689628996118,-11.09259986834973],[-44.97772026456605,-11.0931243892241],[-44.97963905728004,-11.09531211810701],[-44.98081779872873,-11.09612655597388],[-44.98198891078317,-11.09656906085741],[-44.98233414088337,-11.09789848285461],[-44.98204613124084,-11.09878539996877],[-44.98226929102933,-11.09969901996394],[-44.98309898767996,-11.1007022853452],[-44.98469162378013,-11.10121917682564],[-44.98526192101816,-11.10195159870086],[-44.98589134606306,-11.10350608783689],[-44.98685455711749,-11.10421180683154],[-44.98793411643813,-11.10463714557735],[-44.98888206870348,-11.10552406269201],[-44.99015617758348,-11.10626029926494],[-44.99147415548165,-11.10751342731741],[-44.99250221638882,-11.1093044276842],[-44.99294281392014,-11.11065101581925],[-44.99417114643318,-11.11174583393521],[-44.99554253009342,-11.11156463581571],[-44.99647903826735,-11.11190032917568],[-44.99709701922095,-11.11274146992304],[-44.99836349870664,-11.11328315693539],[-44.99983597184405,-11.11316299397227],[-45.00072479630227,-11.11378669697583],[-45.00123405838446,-11.11431503254729],[-45.00302505874139,-11.115489959306],[-45.00462913893311,-11.11689186055192],[-45.00560570142775,-11.11808586079662],[-45.00581550977611,-11.11866378743253],[-45.00618744275742,-11.11909866292107],[-45.01197815317652,-11.12350273091719],[-45.01304817575383,-11.12472343404273],[-45.01404762643188,-11.12638854939963],[-45.01455879586278,-11.12673187215392],[-45.01586151497258,-11.12707519490852],[-45.0173969306143,-11.12771606404997],[-45.01886368170533,-11.12900924642364],[-45.02016449346598,-11.13055610616548],[-45.02214241398796,-11.13223838766075],[-45.0248870886569,-11.1335773464024],[-45.02721405397716,-11.13518714864976],[-45.0278644598576,-11.13578414877208],[-45.02888679871913,-11.13751029928528],[-45.03017616638702,-11.14158058126837],[-45.03463173277205,-11.14204978903436],[-45.03649521237759,-11.1420040126681],[-45.03884697323091,-11.14170646628273],[-45.0397548711759,-11.14170646628305],[-45.04056930903825,-11.14191436728452],[-45.04233932856115,-11.14195823630391],[-45.04317665460727,-11.14170455893618],[-45.04417801263479,-11.14171409567999],[-45.04562187554291,-11.14223861655472],[-45.04699325920314,-11.14304351767847],[-45.04911804556995,-11.14374732932494],[-45.05036735891826,-11.14482498130328],[-45.05092621206503,-11.1448879238084],[-45.05288315175336,-11.14477920493734],[-45.05539894458924,-11.14300537071022],[-45.05765724536012,-11.14300537071122],[-45.058610919672,-11.14337539634642],[-45.0598545109745,-11.14438819847121],[-45.06098175401105,-11.1451168056493],[-45.06189537400181,-11.14557266197315],[-45.06323242538717,-11.14575767479121],[-45.06453514449714,-11.1465492244744],[-45.06534004561613,-11.14742088280015],[-45.06566810957917,-11.1481781002074],[-45.06854439130312,-11.1512069698378],[-45.06983566632086,-11.15317535362748],[-45.07048035015563,-11.15377235374982],[-45.07419586527483,-11.15572166405437],[-45.07643127786135,-11.15823173485612],[-45.07794189797061,-11.16092491112639],[-45.07861519203417,-11.16283416710816],[-45.0803833042085,-11.16394615136203],[-45.0811519657038,-11.16454124413577],[-45.08175659521744,-11.1652202602494],[-45.08431816442008,-11.16483879052403],[-45.08734321933839,-11.16482162438793],[-45.0889282260452,-11.16500091516013],[-45.0902996097059,-11.16553497277791],[-45.09162712434809,-11.16650199853542],[-45.09290886262371,-11.16671752893159],[-45.09323120454074,-11.16790389978142],[-45.0946979556322,-11.16965675317556],[-45.09504509308155,-11.17034339868349],[-45.09658241607244,-11.17138290368905],[-45.09774589873295,-11.17239570581374],[-45.09965324735715,-11.17315483057053],[-45.10149193143068,-11.17424011194349],[-45.10239982937588,-11.17447471582575],[-45.10388946865169,-11.17452049219371],[-45.10573006007476,-11.17361450159397],[-45.10649872157055,-11.17336082422621],[-45.10789680811253,-11.1730442043539],[-45.10854912134207,-11.17311668360206],[-45.10996818871895,-11.17286300623475],[-45.1112632784358,-11.17096328699702],[-45.11263656944545,-11.17130660975158],[-45.11534881918984,-11.17101478541212],[-45.11783981649364,-11.17104148829418],[-45.11877250997128,-11.1707153316783],[-45.11919212666891,-11.17020988429088],[-45.12030983296331,-11.1694946285541],[-45.12166023578966,-11.16938590968262],[-45.12259102191845,-11.16938400233445],[-45.12505913103876,-11.16981697047515],[-45.12798881852603,-11.17081069911434],[-45.13004112564611,-11.17118072475002],[-45.13057709060963,-11.17138862575123],[-45.13292694411535,-11.17147827113807],[-45.13569832166681,-11.17251777614421],[-45.13644218763055,-11.17251777614472],[-45.13902855236616,-11.17181968654624],[-45.14289284068031,-11.17166328396013],[-45.14424324350679,-11.1714725490975],[-45.14750480965585,-11.17048644985581],[-45.14911079719812,-11.17044067348936],[-45.1508331330062,-11.17115402187888],[-45.15255546881417,-11.17225646938944],[-45.15330124212643,-11.17255401577647],[-45.1539516480075,-11.17262649502483],[-45.15493011785202,-11.17306899990807],[-45.15670013737596,-11.17315864529464],[-45.15805054020257,-11.17308425869851],[-45.16138077090207,-11.17262268033089],[-45.16314888307755,-11.17260360684528],[-45.16515159913411,-11.17237663235892],[-45.16713142700716,-11.17184066739395],[-45.17060280150555,-11.17045593228827],[-45.17477035825208,-11.16919517484358],[-45.17817116085107,-11.16858863798001],[-45.18098831477082,-11.16783523527127],[-45.18475914300302,-11.16774368253858],[-45.18634414971076,-11.16753387418963],[-45.18756485283111,-11.1670665737752],[-45.18821335136371,-11.16708183256456],[-45.18902206718081,-11.1673011776576],[-45.19169807730162,-11.1685714718482],[-45.19259262380699,-11.1685886379864],[-45.19397926625724,-11.16964530912941],[-45.19474792775284,-11.17065811125386],[-45.1959323912484,-11.17291831938426],[-45.19655990894441,-11.17750358549774],[-45.19662857349396,-11.18021583525357],[-45.19690704639267,-11.18180656401344],[-45.1974182158238,-11.18305587736821],[-45.19920921618228,-11.18521499602128],[-45.2023048430005,-11.18749237029019],[-45.2030735044963,-11.18830490080804],[-45.2040271788084,-11.18988800017366],[-45.20663261702981,-11.19297981230853],[-45.20979881574731,-11.19511985747587],[-45.2117538480879,-11.19663810698834],[-45.21508407878768,-11.19818305938243],[-45.21755218790891,-11.19880485503772],[-45.21871567057038,-11.19935607879305],[-45.22104263589295,-11.20108032195807],[-45.22325516029827,-11.20234489410256],[-45.22406959816132,-11.20252609222295],[-45.22476768775819,-11.20303153961109],[-45.22574615760298,-11.20338439910835],[-45.22760582251284,-11.20383453338658],[-45.22819137854084,-11.20420455902153],[-45.22886657995404,-11.20499038665854],[-45.23003006261546,-11.20591163604879],[-45.23128700535952,-11.20662689178645],[-45.23266029636992,-11.20699501007326],[-45.23431396762823,-11.20763587921452],[-45.23475647250918,-11.20823287933673],[-45.23715400973111,-11.21022033661313],[-45.23849106111712,-11.21194648712641],[-45.24022674836689,-11.21108627289368],[-45.24085617341341,-11.21109580963704],[-45.24146080292786,-11.2109050747741],[-45.24420929229822,-11.20933723419894],[-45.24774933134827,-11.20814132660773],[-45.24984550748834,-11.20728874176967],[-45.25385093960278,-11.20724105805552],[-45.25578499110948,-11.20707702607389],[-45.25804329188284,-11.20640563935607],[-45.26037216455525,-11.20615005464022],[-45.26293373375994,-11.20612907380627],[-45.2681503322524,-11.2051849362351],[-45.27075767782422,-11.20504569978589],[-45.27616119648209,-11.20439910860159],[-45.28184318803976,-11.20308303804709],[-45.29441833753331,-11.19968795748566],[-45.29737472790377,-11.20026397677401],[-45.30226516978169,-11.19987106295751],[-45.30585098519937,-11.19912528964334],[-45.30773735299104,-11.1984806058062],[-45.31194305671207,-11.19880294772672],[-45.31209182990524,-11.1978073117405],[-45.31244087470407,-11.19711875888418],[-45.31309318793448,-11.1966838833961],[-45.31486320745984,-11.1962661740461],[-45.3154468561397,-11.1958236691636],[-45.31702995549983,-11.19497108432541],[-45.3181247736117,-11.19412040683567],[-45.3202114130093,-11.19324111911662],[-45.32036018620195,-11.19377326938527],[-45.32180214176284,-11.19596099826766],[-45.32268715152458,-11.19874572727182],[-45.32329178103912,-11.19911575290667],[-45.32459640749904,-11.2006797787862],[-45.32496834048111,-11.20116615268768],[-45.32517814882973,-11.20188140842504],[-45.32580757387614,-11.20311927768797],[-45.32732010133645,-11.2046184537139],[-45.32829857118146,-11.20588302585784],[-45.32950973755834,-11.20862197849496],[-45.32969475037491,-11.2094554898476],[-45.32995224243928,-11.20996093723534],[-45.33004379517313,-11.21073913547755],[-45.33006859070461,-11.21270179722072],[-45.32976532227261,-11.21408462497937],[-45.32911300904164,-11.21629142734729],[-45.32799530274578,-11.21843719455862],[-45.32778549439655,-11.21953964206851],[-45.32766914612986,-11.22105979892874],[-45.32776069886329,-11.22313117954396],[-45.32762146241314,-11.22430610630177],[-45.32703972108151,-11.22599029514412],[-45.32692146546621,-11.22737312290286],[-45.32692146546479,-11.23204803440185],[-45.32778358704304,-11.23474311802027],[-45.32803917175841,-11.23688697788375],[-45.32785225159248,-11.2384052273953],[-45.32717705017813,-11.24017906162353],[-45.32712936646225,-11.24082183811293],[-45.32712936646182,-11.24232292148698],[-45.32766533142463,-11.24614715549581],[-45.32768821960769,-11.24750328037381],[-45.32752609497393,-11.24899673435318],[-45.32633781677878,-11.25172042820032],[-45.3256626153646,-11.25291442844422],[-45.32519531495094,-11.25344848606124],[-45.3240776086551,-11.2555389401624],[-45.32386780030566,-11.25699424716916],[-45.32270241029424,-11.25911140415095],[-45.32086372621745,-11.26176452609851],[-45.32004738100509,-11.26252365085421],[-45.31799888857974,-11.26397323581427],[-45.31665230044895,-11.26563072177556],[-45.31427002201424,-11.26659965488026],[-45.31212806950664,-11.26713561984531],[-45.30914688360308,-11.2684059140335],[-45.30837822210658,-11.26858711215333],[-45.3062820459658,-11.26979255648851],[-45.30185508980386,-11.27033996554454],[-45.30094719185766,-11.27050209017795],[-45.30043411507712,-11.27073860140821],[-45.29938698068104,-11.27135467501618],[-45.2977561976051,-11.27272224398529],[-45.29402923838833,-11.27551078768494],[-45.29004478710741,-11.27735137911404],[-45.28792572278329,-11.27857398958678],[-45.28666687268958,-11.27956008882948],[-45.28603935499146,-11.27988624544551],[-45.28210068007714,-11.28334617586373],[-45.27963066360545,-11.28576278658049],[-45.27793121597892,-11.28762626619403],[-45.27622986100354,-11.29014205904017],[-45.27494812272576,-11.29283905000638],[-45.27396965288008,-11.29437637300399],[-45.27236175798778,-11.29553604097222],[-45.27058983111385,-11.29643249482887],[-45.26989174151648,-11.29703140229927],[-45.26884269977162,-11.29843330354383],[-45.26774788165991,-11.29963684053083],[-45.26411247517751,-11.30265235871788],[-45.26297188069861,-11.30399131745755],[-45.26187515523806,-11.30560302705182],[-45.26015091207962,-11.30725860566432],[-45.2594757106658,-11.30770301789547],[-45.25625992088171,-11.30928802460812],[-45.2546291378061,-11.31046485871386],[-45.25243950158302,-11.31173324555378],[-45.25057602197514,-11.31247711151971],[-45.24482155117003,-11.31418228119517],[-45.24235153469913,-11.31537628143832],[-45.24165153775331,-11.31558608978759],[-45.24076652799082,-11.31572151154011],[-45.23891449247506,-11.31572341888811],[-45.23896217619064,-11.31599044769662],[-45.23916435514493,-11.31619071930314],[-45.24327850613071,-11.31708908051089],[-45.24617576869365,-11.31653594940853],[-45.24836921961344,-11.31668090790552],[-45.24981880456897,-11.31730270356046],[-45.25345993309594,-11.31730079621327],[-45.25487327842817,-11.31637001008111],[-45.25560570030066,-11.3160305020247],[-45.2564163234667,-11.31615257233759],[-45.25714874533894,-11.3165054318348],[-45.2573204067151,-11.31711959809478],[-45.2571353938982,-11.31782722443745],[-45.25616646079583,-11.31855964631204],[-45.25491142539973,-11.31916999787403],[-45.25425148277484,-11.31997299164825],[-45.25426864891198,-11.32127761811302],[-45.25361442833288,-11.32247161835683],[-45.25287056236858,-11.3228759762667],[-45.2517738369085,-11.32325553864423],[-45.25146293908231,-11.32362556427885],[-45.25138473778855,-11.32402420014306],[-45.25154114037562,-11.32483863800939],[-45.25255584984406,-11.32638931244823],[-45.25260353355949,-11.32687950104675],[-45.25249481468775,-11.32714080780948],[-45.25183487206309,-11.32749938935218],[-45.25038528710714,-11.32779312104095],[-45.24864006311405,-11.32896804779815],[-45.24696922571705,-11.33069419831022],[-45.24451637538328,-11.33293342560402],[-45.24396133693276,-11.33399772614086],[-45.24377632411565,-11.33517074554996],[-45.24414825709732,-11.33619689911453],[-45.24440956385907,-11.33634376495933],[-45.24522590907093,-11.33630561798703],[-45.24578285486982,-11.33605003327052],[-45.24816131860703,-11.33417701691406],[-45.24875641137837,-11.33417701691422],[-45.24946213036984,-11.3346157071001],[-45.24968529015875,-11.33534812897507],[-45.24955177575485,-11.33576583832576],[-45.24962997704846,-11.33604240387762],[-45.2510547664719,-11.33626365631949],[-45.25188255577514,-11.33747673005022],[-45.25247383384929,-11.33746147126142],[-45.25267601280376,-11.33713912934265],[-45.25300407676744,-11.33710670441592],[-45.25366401939196,-11.33747291535375],[-45.25463104514506,-11.33831596344986],[-45.25652694967904,-11.33889961213225],[-45.25769233968956,-11.33891677827034],[-45.2587947871952,-11.33955955476012],[-45.25965118672785,-11.34084129304169],[-45.26039505269185,-11.34150123566894],[-45.26046943928806,-11.34212493867183],[-45.26043319966399,-11.34252738923335],[-45.25995064046126,-11.3432998654294],[-45.25982857014881,-11.34453582734352],[-45.25945282246914,-11.3454742428707],[-45.25865364339451,-11.34634399384694],[-45.25820732381593,-11.34649085969144],[-45.25772476461355,-11.34660148591198],[-45.25638580587814,-11.34638404816722],[-45.25462913779379,-11.34565162629154],[-45.25225830345217,-11.34418487519198],[-45.25140190391916,-11.34389305085078],[-45.25024986534911,-11.34400558441964],[-45.24846649438348,-11.34488677948734],[-45.24809646874986,-11.3452892300487],[-45.24787330896041,-11.34598731964823],[-45.24843216210748,-11.34690475434083],[-45.24930000573198,-11.3478603360062],[-45.24934578209868,-11.34849166840361],[-45.24917602807075,-11.34930610626976],[-45.24934768944668,-11.35045623749558],[-45.24923897057487,-11.35088729828634],[-45.2484722164269,-11.35163497895013],[-45.2472839382328,-11.35200309723581],[-45.2465400722686,-11.35207748383213],[-45.24360275538498,-11.35130882233197],[-45.24312019618259,-11.35138130157981],[-45.24234199794299,-11.35189628571022],[-45.24107933315215,-11.35321807831233],[-45.2406749752428,-11.35514640777994],[-45.24027061733396,-11.35548400848764],[-45.23975563320493,-11.35563850372672],[-45.23782348904688,-11.35551643341339],[-45.23743438992717,-11.35573196380874],[-45.23632240567817,-11.35593605011206],[-45.23602485929247,-11.35619354217737],[-45.23561668668616,-11.35711097686954],[-45.23532295499702,-11.35912895172296],[-45.23570442472148,-11.36119270294376],[-45.23539352689487,-11.36277389496024],[-45.2354755428856,-11.36325263946706],[-45.24155235560897,-11.36000251739931],[-45.24202728541675,-11.36029434174043],[-45.24327659876665,-11.36048126190688],[-45.24518776208956,-11.36136054962735],[-45.24577713281499,-11.36134719818718],[-45.24664497643989,-11.36112403839754],[-45.24714660912863,-11.3608379361028],[-45.24908066063586,-11.35939025849127],[-45.25093269615202,-11.35874748200293],[-45.25167656211617,-11.35874748200313],[-45.25264168052082,-11.35896682709633],[-45.25535583761541,-11.3597717282204],[-45.25572967794604,-11.35999107331339],[-45.25621223714791,-11.36138343781539],[-45.25653457906473,-11.36433219880185],[-45.25663376119319,-11.36462974518872],[-45.25691032674381,-11.36488914460285],[-45.2574272182214,-11.36512374848489],[-45.25776672627685,-11.36512374848495],[-45.26015472675716,-11.36376380891076],[-45.26049042011536,-11.36365318269027],[-45.26123237873099,-11.3637638089113],[-45.26156807208903,-11.36416625947287],[-45.26201629901551,-11.36607360810579],[-45.2627601649794,-11.36673355073319],[-45.26372719073267,-11.36731910676381],[-45.2690811183257,-11.36889076203935],[-45.2723159815953,-11.37013626069791],[-45.27369117995448,-11.37097740144545],[-45.27441215773466,-11.37233543367227],[-45.27483940382683,-11.37287330598691],[-45.27515411635013,-11.37289810151938],[-45.27688789625154,-11.37230110139796],[-45.27783203382148,-11.37252426118834],[-45.27833366650991,-11.37307929964055],[-45.27844810742743,-11.37341499299999],[-45.27799606580258,-11.37487602205266],[-45.27802276868317,-11.37518501253111],[-45.27829933423384,-11.37550926179877],[-45.27858925122499,-11.37560653657924],[-45.2790527369412,-11.37556838960675],[-45.27990913647476,-11.37455940218025],[-45.28235435741409,-11.37309646577998],[-45.28268814342394,-11.37269401521855],[-45.28317070262672,-11.37170219392971],[-45.2848434473723,-11.3704910275484],[-45.28565979258483,-11.36898612947752],[-45.28628921763163,-11.36861801119165],[-45.28695869699948,-11.3685817715679],[-45.28744316355051,-11.3688735959089],[-45.2876663233397,-11.36916732759836],[-45.28803825632122,-11.37088966341405],[-45.28789139047673,-11.37162589998621],[-45.28700256601611,-11.37401008577692],[-45.28464699046153,-11.37716484041455],[-45.28462219492867,-11.37934303255316],[-45.28430938975381,-11.37974929781198],[-45.28290939586179,-11.38088035555062],[-45.28249740855793,-11.38245773286967],[-45.28211403148396,-11.38277816743983],[-45.28065490978464,-11.38336563081818],[-45.28040123241726,-11.38353538484639],[-45.28027344005928,-11.38384056062762],[-45.28026008861867,-11.38421821565689],[-45.28044510143538,-11.38445663423599],[-45.28227234141925,-11.38466262788923],[-45.28276825206193,-11.38536071748895],[-45.2841148401921,-11.38523292513103],[-45.28456878916513,-11.38535881014102],[-45.28489494578,-11.38601493807081],[-45.28518486277046,-11.38809013338343],[-45.28518486277014,-11.38909721346155],[-45.28525734201784,-11.38933372469193],[-45.28551101938504,-11.38948631258272],[-45.28585243478921,-11.38948631258284],[-45.28626251474399,-11.38913726778325],[-45.2865047480195,-11.38909530611344],[-45.28708458200182,-11.38951301546423],[-45.28756714120429,-11.38944244356509],[-45.28692627206643,-11.38767051668486],[-45.28697014108501,-11.38718032808628],[-45.2874202753612,-11.38596534700738],[-45.28739357248067,-11.3853511807476],[-45.28719330087495,-11.38508796663611],[-45.28655624643388,-11.38489150972674],[-45.28639984384661,-11.3847293850928],[-45.28676796213159,-11.38440895052275],[-45.28807068124341,-11.38412666292553],[-45.2882404352712,-11.38394737215415],[-45.28828239694123,-11.38344383211513],[-45.28792763009681,-11.38309478731514],[-45.28679466501277,-11.38295555086451],[-45.28619575754459,-11.3815784451514],[-45.28626632944395,-11.38111877413099],[-45.28696060434407,-11.3807258603129],[-45.28713035837187,-11.38050270052297],[-45.28705787912449,-11.37938499422403],[-45.28728485361118,-11.37870216341351],[-45.28830719247529,-11.37749099703216],[-45.28923607125643,-11.37719726534309],[-45.29012871041352,-11.37719726534336],[-45.29131508125951,-11.37605857821017],[-45.29198456062754,-11.37565612764875],[-45.29254150642642,-11.37561798067642],[-45.29359817756532,-11.37608146639453],[-45.29458809150176,-11.37777900667824],[-45.29540825141055,-11.37953948946669],[-45.29537201178617,-11.38078689547242],[-45.29470443976661,-11.38195991488128],[-45.29470443976651,-11.38232803316738],[-45.29504013312462,-11.38261985750844],[-45.29585647833673,-11.38261985750865],[-45.29637718451188,-11.38228797884677],[-45.29745483648614,-11.38104057284141],[-45.29801178228507,-11.38096618624487],[-45.29827308904675,-11.38148117037589],[-45.29808616888118,-11.38217735262682],[-45.29812050115591,-11.38344764681622],[-45.29790687810953,-11.38421821566377],[-45.29800606023809,-11.38438415499494],[-45.29864502202793,-11.38446807833499],[-45.29888725530316,-11.38544464083504],[-45.29928398381733,-11.38561248751485],[-45.29985046635957,-11.38512229891638],[-45.30010605107666,-11.38163757296445],[-45.30085754643629,-11.3792591092197],[-45.30147362004272,-11.37881660433708],[-45.30299186954952,-11.37833404513355],[-45.30398369083549,-11.37773132296605],[-45.30624008426066,-11.37733077975392],[-45.30659675845401,-11.37687683077944],[-45.30687713870248,-11.37567901583818],[-45.30710983523505,-11.3753318783871],[-45.30800438174101,-11.37483978244014],[-45.30889892824687,-11.37475013705487],[-45.30949974306409,-11.37497711154236],[-45.310218813496,-11.37590789767546],[-45.31023788698184,-11.37710380526808],[-45.30994034059599,-11.37765312167423],[-45.30852890261205,-11.37871932955955],[-45.30807495363865,-11.37956619235226],[-45.30808258303299,-11.38006973239146],[-45.30835724123482,-11.38116264315801],[-45.30752945193049,-11.38266563388042],[-45.30747795351719,-11.38365173312352],[-45.30720329531489,-11.38390731784021],[-45.30631447085482,-11.38429641696087],[-45.3060855890196,-11.38460922213673],[-45.3064022088906,-11.38752555819626],[-45.30630874880762,-11.38860893221974],[-45.30648803957827,-11.38891601534969],[-45.30736160524914,-11.38912582369952],[-45.30835533388365,-11.3888339993591],[-45.30900001771943,-11.38884735079972],[-45.30919265993064,-11.38905143710363],[-45.30957412965554,-11.39025306674246],[-45.30997467286697,-11.3907432553412],[-45.31050682313371,-11.39089584323212],[-45.31282615906351,-11.39092254611377],[-45.31425667053322,-11.39157867404406],[-45.31465721374477,-11.39159393283321],[-45.31499672180033,-11.39143943759395],[-45.31508445983735,-11.39084815951783],[-45.31445312744237,-11.38957977267691],[-45.3143482232681,-11.38885116549906],[-45.31465339904859,-11.38836097690062],[-45.31536484008637,-11.38789367648588],[-45.31619453673965,-11.38575363132014],[-45.31686210875908,-11.38534927341024],[-45.31741905455804,-11.38527488681382],[-45.31820106749492,-11.38541984531018],[-45.31931686644124,-11.38604164096498],[-45.32035637144283,-11.38571166965189],[-45.32121277097623,-11.38563728305538],[-45.32195663694044,-11.38600349399315],[-45.32295227292318,-11.38680267307073],[-45.32419967892458,-11.38827323886712],[-45.32481193783366,-11.38843536350113],[-45.32506942989829,-11.38817977878447],[-45.32516098263251,-11.38775444003933],[-45.32558441402743,-11.38820075961948],[-45.32580185177061,-11.38936805698303],[-45.32671165706481,-11.39153480503006],[-45.32772255183637,-11.39325141879999],[-45.32797813655274,-11.39186286899545],[-45.32888984919689,-11.3899822232438],[-45.32897949458248,-11.38941574069996],[-45.32874298335327,-11.38779640171061],[-45.32814789058229,-11.38633728000624],[-45.32740783931551,-11.38516998264282],[-45.3273582482514,-11.38453865024524],[-45.3276023888759,-11.38395500156378],[-45.32809639217022,-11.3836135861586],[-45.32928085566741,-11.38346672031426],[-45.33036422968741,-11.38317489597403],[-45.33100700617472,-11.38273620578866],[-45.33125114679914,-11.38215255710705],[-45.33125114679944,-11.38137435886492],[-45.3303604149913,-11.37977027866427],[-45.33001518489012,-11.37880897495328],[-45.32994842768875,-11.37719726535862],[-45.33121872187433,-11.37637519809843],[-45.33164024592095,-11.37593841526148],[-45.3316383385726,-11.37516021701949],[-45.33089637995744,-11.37336158725847],[-45.33015442134209,-11.37195396396715],[-45.32951355220369,-11.37156486484593],[-45.32809829952277,-11.37152099582672],[-45.32799530269696,-11.3713207242203],[-45.32815361263317,-11.37086486789712],[-45.32878494502869,-11.37040901157408],[-45.33094215632558,-11.36976432773693],[-45.3315525078863,-11.3691196438993],[-45.33168030024451,-11.36840248081353],[-45.33164215327246,-11.36697196933883],[-45.33197403193381,-11.36606788608702],[-45.33313942194516,-11.36468315098005],[-45.33581733941774,-11.36218452427214],[-45.33719825982371,-11.36145210239756],[-45.33917045830392,-11.36081886265225],[-45.34070015190236,-11.36110877964496],[-45.34263420340989,-11.36096954319541],[-45.34388733145764,-11.36107063267349],[-45.34548187490963,-11.36089515659991],[-45.34803581472048,-11.36207771275304],[-45.34929085011665,-11.36292457554646],[-45.34976959462184,-11.3630981442722],[-45.35019493336567,-11.36305618260257],[-45.350265505265,-11.3624629971778],[-45.34858131642853,-11.35939788792417],[-45.34749603506074,-11.35683059666398],[-45.34739303823509,-11.35604476902734],[-45.34763908620825,-11.35531425450114],[-45.34926414723886,-11.35312461827127],[-45.34989547963487,-11.35174751255848],[-45.35048866505804,-11.35082817051768],[-45.35044098134245,-11.35050392125021],[-45.34911155934999,-11.34924507115209],[-45.34861755605607,-11.34798240635704],[-45.34866523977201,-11.34700965855423],[-45.34881210561655,-11.34632873509238],[-45.34935379262689,-11.34520912144514],[-45.35038757558295,-11.34399414036633],[-45.35097122426281,-11.34375190709034],[-45.35136795277715,-11.34378242466858],[-45.35199356312663,-11.3441467282577],[-45.35239219898963,-11.34399032566989],[-45.35239029164112,-11.34368324253996],[-45.35142135853948,-11.34141540501526],[-45.35132026906266,-11.34000396702692],[-45.35176277394452,-11.3386917111677],[-45.3528461479651,-11.33679389927858],[-45.3550987266941,-11.33420944188192],[-45.35511207813477,-11.33338165257522],[-45.35490989918073,-11.33202362034864],[-45.35540390247545,-11.33086967442601],[-45.35656166309241,-11.32899665806901],[-45.35813713305876,-11.3272705075568],[-45.35984802477733,-11.32611083958867],[-45.36131668322013,-11.32570838902781],[-45.36235237352452,-11.32560920689921],[-45.36495018235401,-11.32663917516185],[-45.36639785996181,-11.32647895787721],[-45.36767959823924,-11.32604026769214],[-45.36989784469263,-11.3248710629809],[-45.37240219344001,-11.32389640783055],[-45.37531280744467,-11.32389259313442],[-45.37669372785053,-11.3241329190625],[-45.37812614666923,-11.32452011083546],[-45.37921142803784,-11.32510185216894],[-45.38010025249777,-11.32583045934688],[-45.38138389812353,-11.32631492590002],[-45.38384247050374,-11.32626724218507],[-45.38564872965363,-11.32574272131168],[-45.38638115152634,-11.32593345617526],[-45.38683319315082,-11.32633209203968],[-45.38735580667395,-11.32868957495],[-45.38750839456325,-11.33165550207413],[-45.38756370767175,-11.33724594091676],[-45.38776207192868,-11.33826637243544],[-45.38866234048019,-11.33976364111249],[-45.39265251380721,-11.34234809851124],[-45.39377212745069,-11.34426689123623],[-45.39419746619364,-11.34709739660744],[-45.39385414344034,-11.34860610937583],[-45.39316559058539,-11.3505020139166],[-45.39311790686955,-11.35137748693908],[-45.39381027442067,-11.35291290258869],[-45.39396476965929,-11.35361099218839],[-45.39372062903474,-11.3545856473396],[-45.39273452979408,-11.35609245275919],[-45.39183807593856,-11.35885620092789],[-45.39190101844306,-11.35951614355486],[-45.3924751303795,-11.36047553991725],[-45.39268493872823,-11.36144256567421],[-45.39295387488452,-11.36183547949274],[-45.39391899328976,-11.36201477026447],[-45.39436340551976,-11.36238288855078],[-45.39761162023169,-11.3624324796162],[-45.39904594639918,-11.36282539343513],[-45.40071296909907,-11.36359786963195],[-45.40123367527412,-11.36405181860678],[-45.40167999485267,-11.36494064306977],[-45.40167236545783,-11.36590003943206],[-45.40154266575104,-11.36630248999355],[-45.40041351536338,-11.36759567236624],[-45.40015411594975,-11.36887931799612],[-45.40035438755536,-11.36986350989069],[-45.40145302036393,-11.37183189367992],[-45.40149879673075,-11.37262725805985],[-45.4012641928493,-11.37371253943189],[-45.40091705539905,-11.37415885901184],[-45.39925766209333,-11.37470054602298],[-45.39878082493645,-11.37500953650132],[-45.39837646702734,-11.37560653662321],[-45.39817047337535,-11.37625884985564],[-45.39828300694421,-11.37679672217005],[-45.39932251194571,-11.37771224951417],[-45.39982986668004,-11.37927818274194],[-45.40001297214825,-11.379501342532],[-45.40054321506654,-11.37971496557904],[-45.40178489902284,-11.37940406775228],[-45.40273285129054,-11.37953186011104],[-45.40307617404331,-11.37984466528695],[-45.40329551913535,-11.38032531714247],[-45.40323448397903,-11.38113784766006],[-45.4034366629332,-11.38195991492083],[-45.40410614230133,-11.38235282873931],[-45.40745735383935,-11.38188171362827],[-45.40923881745739,-11.3813381192684],[-45.41031265473443,-11.3812427518372],[-45.41119957184606,-11.38142013526029],[-45.4118251821957,-11.38183021521651],[-45.41299629425215,-11.38413047766822],[-45.4137706777946,-11.3848152158276],[-45.41490173553051,-11.38480377173619],[-45.41638374541395,-11.38443565345059],[-45.41735840056243,-11.38479423499383],[-45.41856765959207,-11.38497161841709],[-45.42038727018212,-11.38626861548792],[-45.42139816495465,-11.38634490943366],[-45.42320060940748,-11.38590240455145],[-45.42630386562421,-11.38567543006512],[-45.42781257838849,-11.38534545875224],[-45.42913246363879,-11.38476181007102],[-45.43040847987083,-11.38347434974422],[-45.4309406301381,-11.38261032081381],[-45.43167877405747,-11.3806152341441],[-45.431751253306,-11.37783622718614],[-45.43243789881235,-11.37619209266491],[-45.43238449305093,-11.37577247596567],[-45.43221092432592,-11.37558555579968],[-45.43159485071913,-11.37593650794789],[-45.4314212819941,-11.37591171241557],[-45.4314975759394,-11.37517547584333],[-45.43165397852691,-11.3749427793102],[-45.43379211633853,-11.37374496436946],[-45.43441772668853,-11.37281799293407],[-45.43435287683551,-11.37164878822233],[-45.43375206201827,-11.37038993812438],[-45.43379402368849,-11.36888504005314],[-45.43410492151518,-11.36732673622026],[-45.43390274256086,-11.36671066261182],[-45.43308448999989,-11.36595725990158],[-45.43133735865744,-11.36548042274275],[-45.43101120204214,-11.36521720863125],[-45.4310092946937,-11.36483955360218],[-45.43172264308046,-11.36432647682006],[-45.43349456995543,-11.3635749814593],[-45.43541717737214,-11.36245536781252],[-45.44194603172532,-11.35678863502662],[-45.44659614767901,-11.35631179786995],[-45.44787788595683,-11.35567855812417],[-45.44881439413317,-11.35489845253379],[-45.44955253805237,-11.35369110084937],[-45.44989013875989,-11.35199165321768],[-45.45043564046748,-11.35121154762705],[-45.45373726094229,-11.34887123085561],[-45.45482063496314,-11.34745979286785],[-45.4557552357911,-11.3455142972627],[-45.45589828693884,-11.34308242775579],[-45.45525551045176,-11.34167289711598],[-45.45441055501001,-11.34091186501121],[-45.45254135335512,-11.34046173073326],[-45.45170211995922,-11.33992958046446],[-45.45051002706735,-11.3387165067336],[-45.44942283835027,-11.33696937538566],[-45.4485263844967,-11.33220481850067],[-45.44828224387253,-11.331428527607],[-45.44739723410979,-11.33033180214293],[-45.44613075462151,-11.32908630348525],[-45.44592666831853,-11.32850837684951],[-45.4459629079425,-11.32823753334351],[-45.44691658225636,-11.32754898048749],[-45.44814491477258,-11.3271865842476],[-45.44889641013182,-11.32711219765118],[-45.45009041037257,-11.32721900917494],[-45.45264053548706,-11.32851600624611],[-45.45686912739377,-11.33000183083238],[-45.45744133198205,-11.33003234841078],[-45.45888710224175,-11.32968711830857],[-45.46023369037294,-11.32890701271826],[-45.46060371600673,-11.32884407021354],[-45.46136093341183,-11.32898902870967],[-45.46243286334043,-11.32941246010664],[-45.46349334917705,-11.33008003212856],[-45.46401214800363,-11.33062553383754],[-45.46445846758225,-11.33150100686017],[-45.46480560503208,-11.33300590493156],[-45.46525001726219,-11.33334732033705],[-45.46606636247468,-11.33355331398955],[-45.46722412309158,-11.33363532998112],[-45.46781730851471,-11.33387756325764],[-45.4687404652503,-11.33448982216909],[-45.46963119705903,-11.33555793740384],[-45.47052002151937,-11.33594512917649],[-45.47239494522014,-11.33642768838113],[-45.47362518508493,-11.33646392800563],[-45.47392845351686,-11.33610916116],[-45.4736785908469,-11.33525276162371],[-45.47381591994814,-11.33473587014439],[-45.47443580825225,-11.33431434609662],[-45.4751796742171,-11.33405494668284],[-45.47588348586066,-11.33412170388511],[-45.47606277663153,-11.33448982217141],[-45.47576141554807,-11.3356571195346],[-45.47569275099716,-11.3369731900911],[-45.47536659438162,-11.3377933500032],[-45.47536659438151,-11.33809661843574],[-45.47569656569402,-11.33851623513514],[-45.47627639967669,-11.33885765054054],[-45.47836876112098,-11.33977317788493],[-45.47916031080118,-11.34089088418403],[-45.47950554090274,-11.34098815896441],[-45.48009681897736,-11.34064483621063],[-45.48142624097122,-11.3391838071584],[-45.4827575703135,-11.3383083341364],[-45.48374939160002,-11.33808517434655],[-45.48626136974239,-11.33917617776521],[-45.48749542430421,-11.34004974343934],[-45.48789024546996,-11.34073066690146],[-45.48794174388274,-11.34126472451876],[-45.48764610484525,-11.34199523904501],[-45.48671150401749,-11.34301757791189],[-45.48523140148224,-11.34360313394169],[-45.48320961193673,-11.34419059731991],[-45.4827175159907,-11.3445796964409],[-45.48252105908194,-11.34521293618686],[-45.48247528271448,-11.34681701638714],[-45.48183632092362,-11.34881019570811],[-45.4817409534921,-11.34963798501472],[-45.4819393177491,-11.3503665921926],[-45.48232269482314,-11.35081863381873],[-45.48249626354816,-11.35126876809611],[-45.48243141369452,-11.35250282266149],[-45.48198890881266,-11.35332870461942],[-45.48130035595796,-11.35401153542962],[-45.48031425671722,-11.35459518411103],[-45.47992134289979,-11.35513114907674],[-45.48003959851457,-11.35570335366649],[-45.48069954113933,-11.35722541787574],[-45.4812603016353,-11.35931014993156],[-45.48190307812246,-11.3606719968555],[-45.48373222545584,-11.36275863626035],[-45.48590851023909,-11.3661098478089],[-45.48625755503742,-11.36815071084604],[-45.48567390635698,-11.36984634378048],[-45.48493766978626,-11.37130546548439],[-45.48479080394176,-11.37198638894629],[-45.48509597972085,-11.37718963601654],[-45.48628807261182,-11.38229179360967],[-45.48698234751193,-11.38379859902977],[-45.48754120065932,-11.38563346841484],[-45.48808860971467,-11.3887443540349],[-45.48878288461474,-11.39054298379598],[-45.48967361642355,-11.39170646646213],[-45.49071121407673,-11.39277458169697],[-45.49263763619045,-11.39389038064759],[-45.49394226265186,-11.39401435830924],[-45.49555397224236,-11.39375686624424],[-45.49914550970904,-11.39144706705097],[-45.50049781988634,-11.39105415323313],[-45.50100517462124,-11.39103889444417],[-45.50221252630258,-11.39136505106077],[-45.50283050725808,-11.3909740445913],[-45.50352859685608,-11.3901576993765],[-45.5041313190229,-11.38861465433288],[-45.50400161931652,-11.3873939512079],[-45.50337982366431,-11.38575172403478],[-45.50377464483063,-11.38430023172538],[-45.50637436101147,-11.37966918924568],[-45.50767517277601,-11.3785705564336],[-45.50961113163341,-11.37769126871436],[-45.51005363651521,-11.3772220609508],[-45.51010132023135,-11.3755950925671],[-45.51049614139753,-11.37468719461801],[-45.51049614139762,-11.37437438944224],[-45.51028824039729,-11.37388992288946],[-45.50968361088236,-11.37340545633665],[-45.50950813480868,-11.37310981729845],[-45.50952339359782,-11.37268638590194],[-45.50963401981836,-11.37223243692728],[-45.51074409672034,-11.37016868570702],[-45.51113891788652,-11.36916542032632],[-45.51128006168518,-11.36832046488201],[-45.5112915057777,-11.36555671671297],[-45.51140213199818,-11.36500930765556],[-45.51179886051294,-11.36438178995536],[-45.51282882877227,-11.36345672586883],[-45.51421737857344,-11.36304664591317],[-45.51561546511768,-11.36299705484903],[-45.51736259646086,-11.36302566507916],[-45.5189495105192,-11.36332130411764],[-45.52131080812015,-11.36451339701383],[-45.52317047303214,-11.36563682535913],[-45.52644348327719,-11.36721038798212],[-45.52709388915934,-11.36741256693748],[-45.53173446837041,-11.37033653239282],[-45.53433799924753,-11.37073898295509],[-45.53503608884538,-11.37059593180781],[-45.53548050107577,-11.37036132792617],[-45.53589248837951,-11.3699855802457],[-45.53723335446546,-11.36822128276065],[-45.53793144406337,-11.36779785136447],[-45.53978729427855,-11.36741828898699],[-45.54189682186134,-11.36672592143389],[-45.54467392146416,-11.36529731730878],[-45.54556274592484,-11.36528015117134],[-45.54616546809123,-11.3654670713374],[-45.54820060907692,-11.36743736247578],[-45.54888534723427,-11.36795425395552],[-45.54932975946454,-11.36810874919481],[-45.5502338427143,-11.36807632426822],[-45.55170822320387,-11.36736869792594],[-45.55215263543433,-11.36729049663217],[-45.55331230340015,-11.3673820493667],[-45.55463028130215,-11.36767578105654],[-45.55807686027278,-11.36903762798143],[-45.55930137809182,-11.36980247478336],[-45.56046104605758,-11.37034797649282],[-45.56362343008287,-11.37142181377395],[-45.56462860280967,-11.3724040983201],[-45.56525039846215,-11.37357521038091],[-45.5653800981687,-11.37438964824707],[-45.56533432180143,-11.37540626506837],[-45.56509781057121,-11.37637710552238],[-45.5644168871107,-11.37783241252914],[-45.56397819692553,-11.38072776775344],[-45.56430053884319,-11.38277435283649],[-45.56522751027588,-11.38544845562002],[-45.56764030628951,-11.38966751079644],[-45.56946754627493,-11.39114952068454],[-45.57068252735078,-11.39253616314102],[-45.57122421436094,-11.39361381511868],[-45.57256508044575,-11.39714813213562],[-45.57282638720738,-11.39899253826362],[-45.5731124895014,-11.39983558635929],[-45.57502174547781,-11.40166282635021],[-45.57564926317617,-11.40324020366968],[-45.57617569139741,-11.4040374753983],[-45.57747841051025,-11.40486335735658],[-45.57849693467755,-11.4058628080405],[-45.5806980149939,-11.40892410259676],[-45.58193969895053,-11.4103775022552],[-45.58203697373044,-11.41098785381771],[-45.58180046250029,-11.41208267193294],[-45.58196067978491,-11.4128170011566],[-45.58237457443707,-11.41366004925241],[-45.58253669907027,-11.41445732098093],[-45.58163261582015,-11.41580390911541],[-45.5801429765412,-11.41673088055073],[-45.57957267930128,-11.41718673687374],[-45.57927131821791,-11.41760826092152],[-45.57906532456587,-11.41804695110715],[-45.57922172715318,-11.41929626446153],[-45.57955932786013,-11.42039108257684],[-45.57943344285039,-11.42151832561879],[-45.57906913926217,-11.42208290081399],[-45.57819748093903,-11.42259979229321],[-45.57791328599322,-11.42323875408519],[-45.57951927353702,-11.42820930462267],[-45.58002853562059,-11.42917823772828],[-45.58123779465066,-11.43037986736728],[-45.58392334151912,-11.43139076214339],[-45.5849571244755,-11.43190574627454],[-45.58533859420113,-11.43195152264191],[-45.58622551131349,-11.43146514874063],[-45.58670044112213,-11.43082427960024],[-45.5869846360678,-11.43030738812083],[-45.58765411543688,-11.42796325665133],[-45.58841324019119,-11.42688178997658],[-45.58906364607358,-11.4265518186634],[-45.59032058881953,-11.426986694152],[-45.59197998212591,-11.42827606182821],[-45.59414482281862,-11.43038368206792],[-45.59626960918976,-11.43416404705878],[-45.59737205669633,-11.4371032713022],[-45.59778595134856,-11.43752479535019],[-45.59835815593707,-11.43755340557983],[-45.60033607646497,-11.43658828717216],[-45.60127258464153,-11.43649291974087],[-45.60225868388226,-11.43706893902815],[-45.60410118265724,-11.437799453555],[-45.60627937479061,-11.43903160077231],[-45.60685157937907,-11.43923377972754],[-45.61000633401051,-11.43919181805847],[-45.61068916481936,-11.43947219830764],[-45.61296653908119,-11.44223594647728],[-45.61518478553565,-11.44419670087235],[-45.61668014685998,-11.44607162457881],[-45.6206016556394,-11.44992256146941],[-45.62109565893405,-11.45053100568335],[-45.62128639379679,-11.45099830609847],[-45.62193298498123,-11.45388984662598],[-45.62228393712883,-11.45426559430673],[-45.62328529515867,-11.45490455609889],[-45.62419128575711,-11.4551372526324],[-45.62577819981612,-11.45508766156827],[-45.62801551975726,-11.45566749555326],[-45.62865066685045,-11.45612144452811],[-45.62916183628278,-11.45705795270694],[-45.62952613987078,-11.45730781537777],[-45.63011551059696,-11.45749473554398],[-45.63125801242543,-11.45761680585691],[-45.63418197787288,-11.45847129804518],[-45.63645172274081,-11.45879745466188],[-45.63835716402084,-11.45874595624922],[-45.63978576814373,-11.45844650251429],[-45.64083290254087,-11.45858573896478],[-45.64240265046195,-11.4598445890629],[-45.64361190949234,-11.46056175214905],[-45.64385032807086,-11.46088790876528],[-45.64413833771354,-11.4619998930183],[-45.64423751984186,-11.46373558027415],[-45.64458656464084,-11.46403312666098],[-45.64485740814611,-11.46407890302829],[-45.64539718780808,-11.46381187421982],[-45.6461563125626,-11.46241760236943],[-45.64647293243498,-11.46216583234998],[-45.64798164520041,-11.46178817732099],[-45.6493625656075,-11.46189308149617],[-45.65337944181931,-11.46287536604296],[-45.65530395658551,-11.46387290937857],[-45.65782547147249,-11.46486091597092],[-45.65934944302683,-11.46448135359325],[-45.66030311734122,-11.4645252226122],[-45.66087532192984,-11.46469688398914],[-45.66310119777931,-11.46609878523486],[-45.66399192958876,-11.46647262556713],[-45.6649761214813,-11.46651840193454],[-45.66679954677048,-11.4661579130434],[-45.66772079615812,-11.4663124082829],[-45.66857910304094,-11.46690559370785],[-45.67010498194396,-11.46702766402079],[-45.67066002039489,-11.46724510176511],[-45.67131233362589,-11.46764945967537],[-45.67166328577347,-11.4680404661451],[-45.673206330814,-11.46892929060834],[-45.67368126062257,-11.46891212447091],[-45.67422104028457,-11.46870613081865],[-45.67521476892036,-11.46796226485207],[-45.6760387435282,-11.4669113157557],[-45.6768150344202,-11.46647071822165],[-45.67849922325939,-11.46659278853448],[-45.67891121056326,-11.46649742110303],[-45.68202018882872,-11.4646759031595],[-45.68454170371616,-11.46361732466883],[-45.68690490866767,-11.46240806563618],[-45.68745994711866,-11.46224975569983],[-45.68898582602175,-11.46248054488477],[-45.69073486471424,-11.46313285811759],[-45.69551086568088,-11.46387481673689],[-45.69667053364729,-11.46421623214229],[-45.69846725605558,-11.46499443038505],[-45.70092964313547,-11.46534728988254],[-45.70353508136231,-11.46690177901898],[-45.70504570147613,-11.46846389754953],[-45.7065429701496,-11.46968078597769],[-45.70744514605092,-11.47059822067018],[-45.70782661577666,-11.47083091720348],[-45.70917511125739,-11.47071838363459],[-45.71041679521479,-11.47126388534378],[-45.71261215348636,-11.47338485702399],[-45.71297836442299,-11.47382163986102],[-45.71310615678107,-11.47426033004652],[-45.7134895338554,-11.47482299789342],[-45.71415138382958,-11.47526931747356],[-45.71566391129219,-11.47611045822108],[-45.717140199131,-11.47643661483737],[-45.72098922866401,-11.47864723190384],[-45.7214813246103,-11.47871017440889],[-45.72367096083648,-11.4782714842238],[-45.7239875807089,-11.47831535324235],[-45.7246570600776,-11.47883033737329],[-45.72497177260123,-11.47957229599148],[-45.72524261610659,-11.47974014267146],[-45.72557830946526,-11.47972106918516],[-45.72605514662268,-11.47903442367737],[-45.72660827772525,-11.47862243637281],[-45.72773552076497,-11.47857284530866],[-45.73526382580369,-11.48043823227331],[-45.74317550791688,-11.48292732224071],[-45.74471664560926,-11.48284339890126],[-45.7461452497324,-11.48310661301282],[-45.74670219553223,-11.48329353317913],[-45.74806976449909,-11.48411941513736],[-45.75237655770355,-11.48562049851233],[-45.7545871747645,-11.48678779587607],[-45.75591468941046,-11.48713111863032],[-45.75923729072224,-11.48870277390445],[-45.76101684699327,-11.48891830430032],[-45.76485824713234,-11.4903678892622],[-45.76676559576156,-11.49076843247539],[-45.76711654790934,-11.49092483506341],[-45.76819992193052,-11.49187278733399],[-45.76967811711813,-11.4923686979788],[-45.7700767529816,-11.4927749632379],[-45.77028656133059,-11.49399375901414],[-45.77020836003668,-11.49451065049361],[-45.76929283269432,-11.49605560288604],[-45.76913643010665,-11.49674415574247],[-45.76939964421685,-11.49976158127963],[-45.76902580388537,-11.50096321091814],[-45.76770973333078,-11.50279808030267],[-45.76696396001627,-11.50513267502915],[-45.7670574200991,-11.50564765915996],[-45.7676029218071,-11.50548934922349],[-45.76857948430548,-11.50427627549322],[-45.76871299870977,-11.50313186631369],[-45.76916504033504,-11.5023899076956],[-45.76935768254664,-11.50220870957544],[-45.77000808842922,-11.50200653062051],[-45.77101326115708,-11.50095939622137],[-45.77209282048134,-11.50031852708109],[-45.77278518803395,-11.49947929368268],[-45.7729702008512,-11.49845504746687],[-45.77313041813606,-11.49819946275013],[-45.77506637699518,-11.49634933457674],[-45.77559280521697,-11.49594688401539],[-45.77623939640237,-11.49571037278501],[-45.77678489811022,-11.49589347825385],[-45.77768898136042,-11.49693107591029],[-45.77804756290269,-11.49709701524145],[-45.7795619977143,-11.49744606004154],[-45.78099250918639,-11.49702262864527],[-45.78165626650932,-11.49728775010549],[-45.78239059573146,-11.49804115281548],[-45.78285026675111,-11.49810791001785],[-45.78371429568031,-11.49775505052098],[-45.78577423220006,-11.4976158140712],[-45.78806305055515,-11.49840927110286],[-45.79017257813922,-11.49856948838853],[-45.79119110230718,-11.49896049485847],[-45.79341697815769,-11.49895477281296],[-45.79401588562734,-11.49880790696859],[-45.79576873901783,-11.49871253953708],[-45.7995471966526,-11.49885368333673],[-45.80402183653706,-11.49976158128673],[-45.80418014647327,-11.50021362291284],[-45.80540466429325,-11.50100707994437],[-45.80750656248278,-11.50161552415868],[-45.80810165525508,-11.50214576707874],[-45.80842590452196,-11.50262641893426],[-45.80867958188953,-11.5038452147107],[-45.80897140622969,-11.50420951829957],[-45.81074524045511,-11.50419807420814],[-45.81214714169767,-11.50500869737737],[-45.81362152218826,-11.50507163988254],[-45.81475448727417,-11.50526618944333],[-45.81748771785997,-11.50648879991748],[-45.81983947872011,-11.50716400133395],[-45.82097053645729,-11.50732612596799],[-45.82188606379945,-11.50728988634424],[-45.82389450190643,-11.50680541979187],[-45.82517051813954,-11.50738143907922],[-45.82845687982816,-11.50738906847437],[-45.8307800304589,-11.50795936571595],[-45.83135223504787,-11.50777435289882],[-45.83161163446155,-11.5071849821713],[-45.83319473382413,-11.50704193102414],[-45.83433914300178,-11.50751876818256],[-45.83534240838078,-11.50837516771887],[-45.83620643730996,-11.50871467577572],[-45.83884048576728,-11.50893402086885],[-45.84007644767938,-11.50874900805182],[-45.84098816032422,-11.50938987719265],[-45.84152603263752,-11.51056289660193],[-45.84236908073173,-11.5113830565141],[-45.84372139091003,-11.51167869555256],[-45.84486580008764,-11.51252365099703],[-45.84622001761462,-11.51296424853147],[-45.84743309134298,-11.51357460009423],[-45.8485088359699,-11.51431274401535],[-45.84942054861484,-11.51525115954297],[-45.85250282399997,-11.51719474780028],[-45.85469818227249,-11.51836395251253],[-45.85789871327266,-11.5206966398911],[-45.85869217030253,-11.52118301379262],[-45.86149406543937,-11.52243232714761],[-45.86303520313202,-11.52339553820757],[-45.86532211413894,-11.52403068530269],[-45.86681556811585,-11.52474021899445],[-45.86861229052493,-11.525196075318],[-45.86991882433629,-11.52537345874117],[-45.87294960130898,-11.52527236926408],[-45.87427711595529,-11.52544975268721],[-45.87491035570021,-11.526443481325],[-45.87575149644582,-11.52693748462105],[-45.87717437852355,-11.52709579455784],[-45.87758636582748,-11.527484893679],[-45.87859344590442,-11.52515792834714],[-45.87482071031509,-11.5235939024676],[-45.87261962999691,-11.51941490161267],[-45.87047577013765,-11.51625633227626],[-45.86817741503957,-11.51222038256892],[-45.86530304065556,-11.50551033007815],[-45.86491203418745,-11.49984168994141],[-45.8592395793636,-11.49455070483287],[-45.8542404186058,-11.49104881274209],[-45.82175636409724,-11.48048019396142],[-45.80731010557849,-11.47555541978858],[-45.79519653443379,-11.47121238694926],[-45.7815322888541,-11.46562385545233],[-45.76759338507168,-11.46304702744637],[-45.7468872083529,-11.46368026718794],[-45.73937988414858,-11.46360015854365],[-45.73447036877735,-11.46272659286887],[-45.72124862808125,-11.45972061142049],[-45.70862198015828,-11.45400619491371],[-45.7098464979786,-11.45134544357134],[-45.71158409258001,-11.44941711410395],[-45.71544647355424,-11.44709205612146],[-45.71807289261661,-11.44567489608783],[-45.7194213880974,-11.44534492477473],[-45.72366333144829,-11.44553756698756],[-45.73081970350489,-11.44417572006543],[-45.73320388929115,-11.44429206833251],[-45.73520088330588,-11.44404220566211],[-45.73717117443969,-11.44462013229832],[-45.74020195141132,-11.4447116850333],[-45.74213028087528,-11.44500541672321],[-45.74425315989938,-11.44558334335938],[-45.74571037425203,-11.44578742966346],[-45.74674415720895,-11.44639587387751],[-45.74843788279169,-11.44628334030855],[-45.74893570078381,-11.44640350327257],[-45.75038337839327,-11.44714736923962],[-45.75107383859695,-11.44736289963533],[-45.75327301156645,-11.44722366318566],[-45.75444793832185,-11.44789886460195],[-45.75488853585523,-11.44799232468494],[-45.7557144178116,-11.44796180710694],[-45.75717353951305,-11.44757843003215],[-45.76064491401829,-11.44742012009641],[-45.76190948615948,-11.44707870469136],[-45.76231002937161,-11.44709014878325],[-45.76463890204781,-11.44775009141077],[-45.76615715155657,-11.4484653471482],[-45.76884269842651,-11.44866180405816],[-45.77001381048486,-11.44863128648021],[-45.77377319463334,-11.44798469529453],[-45.77780532963558,-11.44785308823966],[-45.77894973881314,-11.4481086729567],[-45.78077316410244,-11.44958305345028],[-45.78118515140636,-11.44975852952461],[-45.78242683536406,-11.45005226121422],[-45.78493118411431,-11.45036125169331],[-45.78655815249502,-11.45088577256767],[-45.7871360791298,-11.45080184922798],[-45.78772735720493,-11.45013618455527],[-45.78821373110544,-11.44993972764607],[-45.78950500612746,-11.45030593858389],[-45.79027938967103,-11.45033264146496],[-45.79072189455309,-11.44995307908706],[-45.79066467409432,-11.4494876860207],[-45.79035186891913,-11.44910621629409],[-45.78956031923802,-11.44867515550288],[-45.78821945315164,-11.4485588072361],[-45.78670883303705,-11.4494705198822],[-45.78646659976106,-11.4494991301117],[-45.78508758670208,-11.44908332810932],[-45.78412437564434,-11.44911193833859],[-45.78355217105551,-11.4489994047692],[-45.78286171085178,-11.44859313951018],[-45.78110695011317,-11.44664382920718],[-45.78033256656975,-11.44613075242473],[-45.77992057926586,-11.44594192491005],[-45.77708435185422,-11.44541740403538],[-45.77514267094953,-11.44547653184273],[-45.77391624578085,-11.44590187058747],[-45.77322769292571,-11.44579505906398],[-45.77268219121775,-11.4455108641174],[-45.77142906316843,-11.44556808457612],[-45.76943206915352,-11.44543838486871],[-45.7690734876112,-11.44554710374076],[-45.76827621588414,-11.44610595688997],[-45.76757431158846,-11.44620323167023],[-45.76680183539369,-11.44598770127448],[-45.76565933356497,-11.44494438157209],[-45.76534271369254,-11.44489097581025],[-45.76480484137902,-11.44495964036095],[-45.76453018317639,-11.44519042954553],[-45.76407623420264,-11.44531440720648],[-45.76337432990706,-11.44540977463801],[-45.76154136787434,-11.44529342637098],[-45.75913429390429,-11.44537925705897],[-45.75793457161657,-11.44520759568173],[-45.75611686837281,-11.4454555510036],[-45.75462913644218,-11.44541931137926],[-45.75274467599659,-11.44486236557806],[-45.7515449537088,-11.4447288511734],[-45.75096702707426,-11.4443225859146],[-45.75059318674308,-11.44383621201316],[-45.74986267221814,-11.44353866562623],[-45.74829292429636,-11.44358444199311],[-45.74656868113563,-11.44314002976128],[-45.74385643138504,-11.44283294663076],[-45.74196815624236,-11.4421176908931],[-45.74093437328536,-11.4421195982415],[-45.73969268932789,-11.44164848312888],[-45.73809814587401,-11.4413261412097],[-45.73658371106254,-11.44120788559407],[-45.73587989941844,-11.44092369064768],[-45.73498344556278,-11.44089889511522],[-45.73375892774282,-11.44124221786873],[-45.73272514478592,-11.44120407089592],[-45.73143386976393,-11.44145202621788],[-45.72916031019815,-11.44091606125157],[-45.72856903212315,-11.44105339035305],[-45.72620201247428,-11.44207572921961],[-45.72541618483904,-11.44222831711008],[-45.72309303420883,-11.44219398483424],[-45.72061157364254,-11.44188880905235],[-45.72025489944895,-11.44197082504351],[-45.71971893448416,-11.44233894332945],[-45.71792984147015,-11.44208526596079],[-45.71747589249637,-11.44230270370502],[-45.71699524064182,-11.44275093063356],[-45.71665001053999,-11.44283485397335],[-45.71552086015157,-11.44278335555993],[-45.7142009749004,-11.44240951522763],[-45.71380615373413,-11.44245910629188],[-45.71356582780684,-11.44254875167769],[-45.71234130998685,-11.44369316085701],[-45.71028518816468,-11.44413757308798],[-45.70939636370349,-11.44455718978705],[-45.70424080035877,-11.44762611373607],[-45.70336532733793,-11.44835853561081],[-45.70068359516534,-11.45008850082013],[-45.69851303242523,-11.45226478560959],[-45.6977481856247,-11.45379829391039],[-45.69678688191559,-11.45457458480367],[-45.69238472127996,-11.45520973189732],[-45.68719101096342,-11.45539855941063],[-45.68500328208607,-11.45577049239354],[-45.68354416038483,-11.45624351485424],[-45.68171501304951,-11.45730590804226],[-45.68077850487271,-11.45767402632809],[-45.67805290368196,-11.4586315153411],[-45.67706489709224,-11.45866203291902],[-45.67379951623976,-11.45833015425612],[-45.67158126978443,-11.45841789229269],[-45.66757393031539,-11.45824432356615],[-45.66528511196091,-11.45788383467404],[-45.6638374343518,-11.45731735212976],[-45.65952301175403,-11.45515060408169],[-45.65895652921135,-11.45504379255818],[-45.65591240079991,-11.45518493635624],[-45.65544510038588,-11.45509147627316],[-45.65453910978744,-11.45435714704926],[-45.65327072294944,-11.45366668684391],[-45.65030861052914,-11.45353698713603],[-45.64810753021171,-11.45318794233569],[-45.64539337311315,-11.45311355573849],[-45.64430427704621,-11.45296668989339],[-45.64323043976823,-11.45321273786675],[-45.64244461213321,-11.45320129377465],[-45.64194870148978,-11.45302581770038],[-45.64134788667192,-11.45259857160654],[-45.64100265657029,-11.45182609541021],[-45.64095878755197,-11.45082092268055],[-45.64048957978948,-11.45021247846671],[-45.63959312593413,-11.44999504072229],[-45.63848304903222,-11.45005989057552],[-45.63724327242368,-11.44968223554586],[-45.63609504854964,-11.44797515851929],[-45.63415336764579,-11.447626113719],[-45.63356018222235,-11.44735717756162],[-45.63311767734061,-11.44711303693657],[-45.63149261630939,-11.44565200788338],[-45.62930107273538,-11.44457054120793],[-45.62782478489707,-11.44335174543132],[-45.6276302353371,-11.44305419904449],[-45.62765693821799,-11.44259262067546],[-45.62811088719172,-11.44202232343438],[-45.62846565403677,-11.44123649579759],[-45.62847709812866,-11.44077491742855],[-45.6281185165867,-11.43985176069004],[-45.62716484227264,-11.4388084409877],[-45.62463569799153,-11.43740653974201],[-45.62343597570435,-11.43638992292051],[-45.62309074560277,-11.43569946271523],[-45.62341690221861,-11.43409728986385],[-45.62327766576883,-11.43358039838424],[-45.61955833594421,-11.42921447736281],[-45.61844444434571,-11.42689704877375],[-45.61731338660913,-11.42600440961324],[-45.61678695838796,-11.42519187909561],[-45.61613845985431,-11.42462348920283],[-45.6133823410863,-11.42388153058396],[-45.61232757729496,-11.42330360394783],[-45.61158180398128,-11.42259979230215],[-45.61097335976908,-11.42150115948947],[-45.61038780374076,-11.41860008221884],[-45.61001205606131,-11.41740608197476],[-45.60876274271036,-11.41456031781422],[-45.60762977762545,-11.41286659222793],[-45.60538673563902,-11.40994071942467],[-45.60401916667271,-11.40868186932667],[-45.60173225566745,-11.40777778607405],[-45.60098457500529,-11.40692329388638],[-45.60072326824333,-11.40640830975533],[-45.60058021709642,-11.40570449810989],[-45.60036850139908,-11.40347862225545],[-45.60014724895848,-11.40270614605906],[-45.59984207317807,-11.40183639508248],[-45.59891319439632,-11.40052413922277],[-45.59814071820203,-11.39971160870497],[-45.59681701825418,-11.39880561810411],[-45.59562301801316,-11.39743995648264],[-45.59398079084473,-11.39508056622357],[-45.59340095686169,-11.39483833294698],[-45.59233856367571,-11.39473152142328],[-45.59193992781245,-11.39456939678931],[-45.59152603316019,-11.3941898344112],[-45.5911769883614,-11.39337921124221],[-45.59136581587597,-11.39177703839083],[-45.59087944197632,-11.38943481426957],[-45.59096145796737,-11.38898658734086],[-45.59123611616995,-11.38866043072472],[-45.59149742293204,-11.3884849546505],[-45.59335518049614,-11.38813972454858],[-45.59372711347875,-11.38794898968537],[-45.59420967268177,-11.38755607586715],[-45.59538269208851,-11.38616180401682],[-45.59590530561284,-11.38571166973961],[-45.59672928022036,-11.38526153546254],[-45.59844589398607,-11.38456153851488],[-45.59910583661149,-11.38445091229415],[-45.60110283062543,-11.38450241070791],[-45.60176468059949,-11.38436508160651],[-45.6026573197577,-11.38376617413604],[-45.60454368755167,-11.38171768170495],[-45.60486030742404,-11.38120079022554],[-45.60496902629606,-11.38038635235932],[-45.60449791118509,-11.37929344159266],[-45.60317039654014,-11.3773841856108],[-45.60290718242963,-11.37656974774452],[-45.60292053387015,-11.37617492657749],[-45.60473632976477,-11.3742046354403],[-45.60499572917841,-11.3736209867589],[-45.60499572917855,-11.37328147870213],[-45.60467720195768,-11.37264442425861],[-45.60449600383825,-11.37158584576745],[-45.60276794598131,-11.36966705304241],[-45.60203552410834,-11.36852836590841],[-45.59969711469064,-11.36563301068322],[-45.59818649457731,-11.36398124676681],[-45.59591102766415,-11.36182785015974],[-45.59561920332413,-11.36139488202008],[-45.59478569197396,-11.35964584332355],[-45.59246444869407,-11.35620307904074],[-45.59139633346291,-11.35321044903565],[-45.59050750900255,-11.35123443585177],[-45.59000969101069,-11.35048866253623],[-45.5888919847148,-11.34932327252123],[-45.58801841904318,-11.34864997845368],[-45.58712005783957,-11.34760665875131],[-45.58521652390888,-11.34602355938551],[-45.58467865159571,-11.3457660673199],[-45.58383941819945,-11.34550857525434],[-45.58116722277123,-11.3451023099948],[-45.57511902027152,-11.34382629375777],[-45.57407379322334,-11.34342575054473],[-45.57275200062411,-11.34287071209218],[-45.5713043230155,-11.34207344036327],[-45.57035064870157,-11.34120559673502],[-45.56884384328582,-11.33931541423954],[-45.56797409231152,-11.33865165691514],[-45.56553650076486,-11.33801841716831],[-45.56409263785351,-11.33740615825677],[-45.56293487723625,-11.33728599529268],[-45.56188774283945,-11.33689498882258],[-45.55858802971282,-11.33711433391447],[-45.55751228508659,-11.33657264690243],[-45.55710029778298,-11.33661270122362],[-45.55588722405561,-11.33633041362555],[-45.55518341241194,-11.33574867229239],[-45.55328178583,-11.33461189250662],[-45.55199051080889,-11.33439064006498],[-45.5505008715306,-11.33340263347271],[-45.54817390620453,-11.33257865886267],[-45.54638862788899,-11.33131217937017],[-45.54436111629767,-11.33014869670345],[-45.54123497189721,-11.32684516887054],[-45.53824234190051,-11.32403945903076],[-45.53767395200953,-11.32326889018292],[-45.53653907957651,-11.32124900798057],[-45.53591919127256,-11.32050323466499],[-45.53533744994137,-11.31919097880547],[-45.53522491637247,-11.31859397868327],[-45.53537368956564,-11.31739807109062],[-45.53494644347332,-11.31628608683769],[-45.53505134764824,-11.31458091715991],[-45.53500938597851,-11.31420135478195],[-45.53462219420729,-11.31330680827298],[-45.53457641784063,-11.31180191020166],[-45.53429985228966,-11.31130027751115],[-45.53207969848734,-11.30867195109452],[-45.53205681030412,-11.30759048441978],[-45.53197288696459,-11.30717086772054],[-45.53175163452382,-11.30689811686603],[-45.53011322205244,-11.30673789958035],[-45.52756309693731,-11.30519485453564],[-45.52659034913736,-11.30434417704522],[-45.52589988893435,-11.3028926847354],[-45.52463150209719,-11.30150985697624],[-45.52167129702714,-11.29957580546186],[-45.52080154605306,-11.29873657206298],[-45.51861190982845,-11.29813003519715],[-45.51644897648471,-11.2971820829261],[-45.5154151935286,-11.29648017862885],[-45.51473236272002,-11.29556083658768],[-45.51382065007655,-11.29340362528369],[-45.51269531438658,-11.29162979105479],[-45.51158523748541,-11.29056549051757],[-45.51000786017053,-11.28961181620059],[-45.50790405463452,-11.28779983499884],[-45.50744819831265,-11.28713607767437],[-45.50686836433021,-11.28523635843593],[-45.5057563800808,-11.28317832926089],[-45.50476455879462,-11.28214836099892],[-45.50284767342411,-11.28075218179905],[-45.50202179146834,-11.28038787820999],[-45.50060081674095,-11.27949523904934],[-45.49946594430744,-11.27934455850705],[-45.49904632760924,-11.27987098672963],[-45.49880218698476,-11.28058052042094],[-45.49860000802982,-11.28190231302348],[-45.49793434335847,-11.28314971902909],[-45.49567222788576,-11.28431129434577],[-45.49497032359069,-11.2843132016942],[-45.49361801341388,-11.2833118436616],[-45.49180984691497,-11.28271102884166],[-45.49103737072087,-11.28229713418814],[-45.49043655590339,-11.28154182412937],[-45.49024200634355,-11.28102493264982],[-45.48995781139854,-11.27905273416335],[-45.48900795178216,-11.27825927713177],[-45.48818206982664,-11.27725601175073],[-45.48778724866112,-11.27594566323988],[-45.48740005688971,-11.27575683572518],[-45.4860839863365,-11.27619171121307],[-45.48573303418907,-11.27610588052446],[-45.48569870191396,-11.27541351297074],[-45.48615265088766,-11.27402877786347],[-45.4858512898047,-11.27342414834676],[-45.48564148145568,-11.27325248696977],[-45.48507881361054,-11.27318382241869],[-45.48449897962787,-11.27275085427899],[-45.48400879103061,-11.27266693093901],[-45.48355293470854,-11.27276992776502],[-45.48276329237654,-11.27327346780386],[-45.48221016127454,-11.27336311318944],[-45.48120880324505,-11.27338027932673],[-45.47985840041681,-11.2731246946096],[-45.47829628189074,-11.27322959878389],[-45.47803306778012,-11.27331733682087],[-45.47768211563258,-11.27369880654744],[-45.4771060963467,-11.27475357034103],[-45.47691154678672,-11.2748241422405],[-45.47656059463926,-11.27482414224042],[-45.47598266800513,-11.27451515176165],[-45.47470092972758,-11.27418708779648],[-45.47431373795618,-11.27392768838232],[-45.474084856121,-11.2734622953157],[-45.47410202225882,-11.27292633034997],[-45.47513389786665,-11.27172279336304],[-45.47506141861895,-11.27116966225951],[-45.4735507985062,-11.26994323708814],[-45.47302246293654,-11.26936149575504],[-45.4725646992662,-11.26832389809868],[-45.47299957475384,-11.26609230019839],[-45.47255706987285,-11.263921737454],[-45.47262573442352,-11.26362609841604],[-45.47316932878253,-11.26309013345042],[-45.47316742143405,-11.26250076272284],[-45.47232437334087,-11.26182937600373],[-45.47232246599274,-11.26010513283968],[-45.4720573445338,-11.25889396645779],[-45.47182846269865,-11.25839233376745],[-45.47103119097262,-11.25718879677982],[-45.46999550066816,-11.25625610329806],[-45.46967697344763,-11.25534057595426],[-45.46969413958546,-11.2545108792991],[-45.46953392230097,-11.25364685036832],[-45.46907043658482,-11.25249290444538],[-45.46685409748049,-11.24926185586068],[-45.46636200153472,-11.24877738930769],[-45.46618652546121,-11.24827575661736],[-45.46630859577349,-11.24777603127558],[-45.4669742604445,-11.2476882932387],[-45.46807480060246,-11.24785804726729],[-45.47135734759002,-11.24956512429471],[-45.47186660967351,-11.24968528725872],[-45.47233963213319,-11.24961662270813],[-45.47254944048232,-11.24940872170717],[-45.47298622331827,-11.24828338601392],[-45.47402572832042,-11.24783897378286],[-45.47481346330382,-11.24683380105355],[-45.47511100968992,-11.24624633767485],[-45.47528457841514,-11.24570846536031],[-45.47533607682828,-11.24493026711816],[-45.47519684037856,-11.24451637246486],[-45.47459411821245,-11.24378013589232],[-45.47454071245104,-11.24343490578995],[-45.47504806718636,-11.24172210671784],[-45.47506904802209,-11.23863601662981],[-45.47522545060969,-11.23816871621493],[-45.47559356889489,-11.23768424966231],[-45.47606849870328,-11.23751068093682],[-45.47678756913575,-11.2375774381392],[-45.47776985367878,-11.23835563638166],[-45.47959709366384,-11.23909568765187],[-45.48019409378403,-11.23978614785705],[-45.48158645828143,-11.242666244293],[-45.48229026992477,-11.2434787748107],[-45.48258972365918,-11.24408340432753],[-45.48278236587013,-11.24565887429817],[-45.48296928603557,-11.24592018106094],[-45.48347473342184,-11.24612998941073],[-45.48629570204198,-11.24638748147695],[-45.48793029981571,-11.24690246560846],[-45.48971557813086,-11.24818420389018],[-45.49126243786723,-11.25064849832418],[-45.49206352429073,-11.2512493131438],[-45.49464607433228,-11.25242614725103],[-45.49642944529898,-11.25302696207094],[-45.49717521861238,-11.25318145731035],[-45.49895858957925,-11.2532062528431],[-45.49942207529573,-11.25345611551403],[-45.50113296701434,-11.25527763345892],[-45.50202942086918,-11.25596427896703],[-45.50245094491585,-11.25614738443584],[-45.50437164498393,-11.25638008096976],[-45.5050716419301,-11.25708961466133],[-45.5059909839681,-11.25949859598478],[-45.50745010566777,-11.2616615293347],[-45.50860786628455,-11.26288604715743],[-45.50981140326836,-11.26389503458455],[-45.51116562079389,-11.2646903989648],[-45.51217079352067,-11.26509666422391],[-45.51315307806384,-11.2654190061432],[-45.51524925420569,-11.26575851420036],[-45.51770782658699,-11.26592636088076],[-45.52087211796064,-11.26566314677041],[-45.52207184024756,-11.26548767069652],[-45.5227031726435,-11.26503562907071],[-45.52399063296795,-11.26222228983773],[-45.52532005496192,-11.26090621928151],[-45.52610206789977,-11.25922584513625],[-45.52645111269879,-11.25881576518021],[-45.52836799807013,-11.25745773295432],[-45.53238868897823,-11.25567626933244],[-45.53450393860682,-11.25451087931837],[-45.53494072144271,-11.25440216044643],[-45.53607559387631,-11.25446510295167],[-45.53697014038266,-11.25485038737576],[-45.53888321105628,-11.25588798503251],[-45.53982353392964,-11.25676918010113],[-45.54060936156424,-11.25734710673709],[-45.54115677062035,-11.25758361796764],[-45.54281425657805,-11.25775337199644],[-45.54504013242693,-11.2574481962159],[-45.54795456113087,-11.25610160808193],[-45.54913330258307,-11.25579833964957],[-45.55140114010182,-11.25555610637397],[-45.55374908626295,-11.25546646098883],[-45.55763435541822,-11.25599670390992],[-45.5589427965769,-11.25629615764557],[-45.56097412286562,-11.25710868816362],[-45.56184768853727,-11.25719451885237],[-45.56313514886129,-11.25704193096217],[-45.56529426750855,-11.25613403301355],[-45.56702995476007,-11.25595664959121],[-45.56799125846874,-11.25599861126145],[-45.57163620169692,-11.25655174236596],[-45.57244491751531,-11.25639915447546],[-45.57677650625021,-11.25477600079016],[-45.57890701466795,-11.25451469402797],[-45.5801448839276,-11.2545204160743],[-45.58169937305978,-11.25392723064993],[-45.58380699329398,-11.25373840313586],[-45.58435630969891,-11.25347518902468],[-45.58464241199327,-11.25316047650036],[-45.5850830095266,-11.25230979901019],[-45.58599662951974,-11.25120735150074],[-45.58628082446554,-11.25050926190118],[-45.58602523974967,-11.24921226483086],[-45.58621978930988,-11.2483673093864],[-45.58744812182681,-11.24699783306856],[-45.58775139025878,-11.24635887127659],[-45.58780098132333,-11.24589538555878],[-45.58757019213933,-11.24545288067598],[-45.58758926562581,-11.24486923199425],[-45.5882148759766,-11.24129676800525],[-45.58906364611657,-11.24000358563249],[-45.58981132677896,-11.23931884747351],[-45.5901374833945,-11.2386741636357],[-45.59013557604609,-11.23800659161422],[-45.59048271349659,-11.23733901959283],[-45.59083175829558,-11.23697090130671],[-45.59244537523531,-11.23602294903669],[-45.59432983568033,-11.23458671551668],[-45.59576797654631,-11.23378753643988],[-45.59936714340789,-11.23341560345752],[-45.60034942795149,-11.23347663861406],[-45.60157203842208,-11.23403549176378],[-45.60227203536852,-11.23457145672974],[-45.60280990768163,-11.23521041852183],[-45.60386276412371,-11.23822021466478],[-45.60445213484975,-11.23884201031917],[-45.6081676499772,-11.24109458905554],[-45.60942077802591,-11.24153709393865],[-45.61001014875196,-11.24194526654611],[-45.61038208173441,-11.24243926984213],[-45.61088752912062,-11.24387931806005],[-45.61187172101263,-11.24484634381703],[-45.61355400250272,-11.24555397016031],[-45.61527824566278,-11.24557113629843],[-45.61577987835192,-11.24593543988747],[-45.61656761333521,-11.247138976875],[-45.61758613750256,-11.2482509611281],[-45.61920356913912,-11.24938774091365],[-45.61999321147097,-11.25097846967377],[-45.62394333047958,-11.25459861737966],[-45.62606239480557,-11.25562667829339],[-45.62820243996666,-11.25598907453423],[-45.62929535073062,-11.25646018964672],[-45.63043022316445,-11.25727462751322],[-45.63108635109256,-11.25753211957882],[-45.63178444069057,-11.25774574262591],[-45.63331222694192,-11.25780677778255],[-45.63398933570501,-11.25795555097597],[-45.63484192054182,-11.25838470441857],[-45.63599014441596,-11.25951766950687],[-45.6390285507807,-11.26183509809647],[-45.64435577549939,-11.26526451093951],[-45.64490127720719,-11.26547813398649],[-45.64590644993446,-11.26539039594974],[-45.64865303195976,-11.26456642134096],[-45.650028230321,-11.26447868330419],[-45.65089988864423,-11.26460647566285],[-45.65414810335845,-11.26581573469685],[-45.65663719331868,-11.26628303511257],[-45.65807914888183,-11.2670536039605],[-45.65923690949903,-11.26827812178305],[-45.66050529633698,-11.26896476729114],[-45.66301536713225,-11.26923751814629],[-45.66376686249186,-11.26944351179872],[-45.66457557831036,-11.26987266524146],[-45.66534042511026,-11.27077293379625],[-45.66599846038686,-11.27208518965578],[-45.66670227203036,-11.27414894087659],[-45.66664314422238,-11.27670669539327],[-45.66699981841518,-11.28064346297141],[-45.6668930068913,-11.28356742842546],[-45.66663551482607,-11.28531074507576],[-45.66616058501711,-11.28750610335203],[-45.66472625884764,-11.29077911360555],[-45.6645755783058,-11.29166030867383],[-45.66464233550762,-11.29254341109082],[-45.6651496902424,-11.29475784285366],[-45.66671562346573,-11.2985610960279],[-45.66831588896454,-11.30193519575967],[-45.67033767851024,-11.30534744246414],[-45.67123413236548,-11.30655097945167],[-45.67171859891693,-11.30779838545758],[-45.67187309415552,-11.30900192244499],[-45.67246627957885,-11.31011962874401],[-45.67253303678074,-11.31108856184962],[-45.67367935330628,-11.3121147154141],[-45.67455482632666,-11.31353187544851],[-45.6760864272751,-11.31533622725567],[-45.67931747585158,-11.31865882857474],[-45.68307876734695,-11.32131957991836],[-45.68465042261699,-11.32193946822429],[-45.68635368494238,-11.32236671431861],[-45.69056892541189,-11.32312965377268],[-45.69431877281602,-11.32414054854888],[-45.69527816917621,-11.32444000228439],[-45.6969833388503,-11.32544708236306],[-45.69829559470676,-11.32602500899897],[-45.69986152793108,-11.3256568907133],[-45.70156288290828,-11.32466316207602],[-45.70230484152491,-11.32463836654385],[-45.70398521566699,-11.32478713973768],[-45.70512199544972,-11.32519149764817],[-45.70673942708682,-11.32617759689164],[-45.70750427388686,-11.32682228072969],[-45.7081623091637,-11.32768058761465],[-45.70917511128513,-11.33029746993895],[-45.71040153645328,-11.33167266830363],[-45.71188736103493,-11.33287429794257],[-45.71252250812818,-11.33377647384601],[-45.71526909015288,-11.33907890304578],[-45.71656799456863,-11.34193611129809],[-45.71744728228602,-11.34460067733825],[-45.72026062151284,-11.34934616073736],[-45.72218895097628,-11.3519248960894],[-45.72633361954633,-11.35552215561165],[-45.72817611832144,-11.35863685592954],[-45.72828674454174,-11.3595180509979],[-45.72868156570789,-11.35999107345893],[-45.72896576065351,-11.36016273483599],[-45.72953415054498,-11.36024665817583],[-45.73253822463583,-11.35947608932895],[-45.73362922805169,-11.35938835129205],[-45.73542022841438,-11.35949134811868],[-45.73727607863034,-11.35991668686429],[-45.7403144849962,-11.36113548264112],[-45.74098968641095,-11.36121940598125],[-45.74142837659558,-11.36141395554187],[-45.74160385266943,-11.36177825913087],[-45.74171638623815,-11.36360549912104],[-45.74207115308287,-11.36530494675282],[-45.74242973462484,-11.3664855955567],[-45.74420738354647,-11.3705692289798],[-45.74493980541951,-11.37333488449764],[-45.74550247326395,-11.37926864609444],[-45.74682045116617,-11.3822135923838],[-45.74740219249723,-11.38644790634863],[-45.74775314464483,-11.38752174362903],[-45.74827957286632,-11.38820838913705],[-45.74983215465024,-11.38943099961084],[-45.75094986094666,-11.3907642363054],[-45.75260543955665,-11.39129829392308],[-45.75352096689864,-11.3913822172631],[-45.75402450693672,-11.39133834824456],[-45.75478744638848,-11.39077568039802],[-45.75520134104103,-11.39062499985624],[-45.75891304147334,-11.39080810532579],[-45.76180076729757,-11.39310455308028],[-45.76267624031822,-11.39363861069768],[-45.76559639106939,-11.39491844163092],[-45.7670822156515,-11.39530181870649],[-45.76806640754398,-11.39622497544482],[-45.76981353888837,-11.39626312241783],[-45.7706451428906,-11.396907806256],[-45.77176094183861,-11.39725875840463],[-45.77351379522857,-11.39880561814615],[-45.77402305731261,-11.39883232102718],[-45.77415657171669,-11.39870643601741],[-45.77420807012983,-11.39824295029976],[-45.77403640875313,-11.39797782883974],[-45.77160072455408,-11.39526939378072],[-45.77179145941723,-11.39398384080211],[-45.77157020697626,-11.39374732957154],[-45.77130890021414,-11.3937683104066],[-45.77091789374508,-11.39407157883909],[-45.77021980414676,-11.3940944670226],[-45.76715469490011,-11.39100456223671],[-45.76494789253624,-11.39047050461912],[-45.76376724373493,-11.38993644700175],[-45.76258468758504,-11.38851928696717],[-45.75907325875913,-11.38627624497435],[-45.75815391671998,-11.3852024076939],[-45.75813102853661,-11.3844928740024],[-45.75911140573259,-11.38126754746453],[-45.75960540902814,-11.37802505478889],[-45.76058197152651,-11.37704658494051],[-45.76069069039843,-11.37631034836825],[-45.7599811567086,-11.37524414048229],[-45.75955391061596,-11.37392044053111],[-45.75963211190997,-11.37253379807499],[-45.76031875741681,-11.37075996384673],[-45.7603168500683,-11.37008285508204],[-45.75984573495706,-11.36890411362692],[-45.76018142831639,-11.36593246445709],[-45.76017761361935,-11.36502838120514],[-45.75982475412317,-11.36356544480365],[-45.75979805124277,-11.36133193955472],[-45.75944519174652,-11.3603420256142],[-45.75924110544376,-11.35765457139048],[-45.75931739938934,-11.35516357407598],[-45.75905037058159,-11.35337829575577],[-45.75837135446981,-11.35213088974969],[-45.75841140879127,-11.35107803330438],[-45.75825500620393,-11.3498935698035],[-45.75851631296631,-11.34916114792857],[-45.76041221750393,-11.3475513456828],[-45.76158905160826,-11.34683799729444],[-45.76457405221295,-11.34644126877945],[-45.76560020577544,-11.34667587266135],[-45.76656150948454,-11.34663009629438],[-45.76704025399045,-11.3467350004693],[-45.76804733406659,-11.34759330735442],[-45.76876831184838,-11.34776496873143],[-45.77016449104509,-11.34696388230597],[-45.77112388740569,-11.34663963303865],[-45.77696418890862,-11.34520339951935],[-45.77770614752534,-11.34526443467576],[-45.77925682196086,-11.34601402268872],[-45.77986908087083,-11.34603309617517],[-45.78233337529986,-11.34557533250379],[-45.78423500188321,-11.34621620164489],[-45.78686714299162,-11.34618759141601],[-45.78985977299089,-11.34667396531805],[-45.79029655582694,-11.34688758836493],[-45.79101753360879,-11.34701538072357],[-45.79374694949744,-11.34690093980606],[-45.79708290225,-11.34740829454312],[-45.80149269228103,-11.34782791124309],[-45.80360794191094,-11.34815216051118],[-45.80596542481673,-11.34894371019429],[-45.80645752076312,-11.34894943224015],[-45.80661201600201,-11.34884071336818],[-45.80673027161713,-11.34866332994539],[-45.80668640259867,-11.34835433946686],[-45.80598640565179,-11.34767532335346],[-45.80350494508516,-11.34677886949551],[-45.80223083620088,-11.3460178373908],[-45.7963600171203,-11.34313964830259],[-45.79524421817222,-11.34236717210614],[-45.79283905155084,-11.34123229966915],[-45.78997421391005,-11.33904647813531],[-45.78652572758877,-11.33615493760738],[-45.77894783148536,-11.33220481858719],[-45.77556038032001,-11.33094406114027],[-45.77451324592261,-11.33075332627677],[-45.77246284614613,-11.33114624009459],[-45.77176475654785,-11.33116912827808],[-45.77100944649073,-11.33097648606601],[-45.7690639508891,-11.33005714402458],[-45.76880264412684,-11.33012199387808],[-45.76832389962078,-11.33124160752542],[-45.76771545540789,-11.3321037291073],[-45.7668437970843,-11.3326225279353],[-45.76542663705271,-11.3330783842581],[-45.76496887338161,-11.33307838425818],[-45.76448822152717,-11.33286476121107],[-45.76363372934147,-11.33189964280264],[-45.7631950391569,-11.33106231675281],[-45.76280212533936,-11.33095550522941],[-45.76132965219734,-11.33224105820752],[-45.76076316965442,-11.33256530747498],[-45.7596054090365,-11.33267593369548],[-45.75646209849567,-11.33257675156575],[-45.75502205028063,-11.33273124680476],[-45.75175094738147,-11.33394432053453],[-45.74735069409395,-11.33453750595846],[-45.74621391431105,-11.33453941330684],[-45.74449730054495,-11.33423233017646],[-45.74243545667706,-11.3335170744387],[-45.74086189405823,-11.33263778671864],[-45.74006080763413,-11.33193588242152],[-45.73909950392517,-11.33144187912552],[-45.73783111708701,-11.33028411850499],[-45.7374591841044,-11.33015632614664],[-45.73647499221194,-11.3294048307851],[-45.73426437515137,-11.32689285263519],[-45.73184394974208,-11.32163238510528],[-45.73155021805386,-11.31834793075969],[-45.73038864273925,-11.31613540634524],[-45.73016166825307,-11.31274032577894],[-45.72989463944529,-11.31132125839604],[-45.72881889481903,-11.30850601181375],[-45.72734642167804,-11.30556488022167],[-45.7267532362547,-11.30406188949895],[-45.72666359086929,-11.3030719755583],[-45.72681427141112,-11.30255508407893],[-45.72772789140464,-11.30119705185255],[-45.72788047929508,-11.30068016037329],[-45.72781181474458,-11.2998428343233],[-45.72741508623002,-11.2984676359591],[-45.72763061662529,-11.29749870285365],[-45.72760772844178,-11.29683113083205],[-45.72683906694468,-11.29513359054876],[-45.72699165483507,-11.2944869993623],[-45.72727394243226,-11.29425048813189],[-45.72768783708479,-11.29424858078331],[-45.72823524614127,-11.29457092270228],[-45.72919654985003,-11.29551506027595],[-45.72961425919969,-11.29615974411377],[-45.73030281205415,-11.29940223678971],[-45.73260498184857,-11.30333328232237],[-45.73356628555747,-11.30406188950035],[-45.7354888929755,-11.30440330490601],[-45.73834800857015,-11.30584144577589],[-45.73891449111296,-11.30592727646454],[-45.7393951429675,-11.3058395384274],[-45.74102974074268,-11.30527496323256],[-45.74190330641476,-11.30538177475601],[-45.74347686903366,-11.30597877487854],[-45.74467659132139,-11.3059120176767],[-45.74596405164601,-11.30562973007919],[-45.74983978406036,-11.30554389939169],[-45.75208854809399,-11.30614089951422],[-45.75272178783881,-11.30613899216578],[-45.75405502453056,-11.30654525742483],[-45.75547599925911,-11.30748748764967],[-45.7564601911515,-11.30836868271838],[-45.75744247569553,-11.30860137925172],[-45.75810051097246,-11.30924606308975],[-45.75992965830783,-11.30922508225523],[-45.76087188853047,-11.31010436997511],[-45.76305389536221,-11.30990409836913],[-45.7635116590332,-11.31007575974619],[-45.76395034921782,-11.31065559373071],[-45.76425552499838,-11.31082725510761],[-45.76737785470437,-11.31090545640232],[-45.76825142037647,-11.31126785264268],[-45.77079582344779,-11.31145668015782],[-45.7729148877748,-11.31203269944544],[-45.77738952765889,-11.31221389756651],[-45.77776146064157,-11.31240653977846],[-45.77857017646036,-11.31251144395342],[-45.78020477423561,-11.31209945664905],[-45.78087806830177,-11.31217384324588],[-45.78146743902813,-11.3126239775233],[-45.78253746160918,-11.31257820115643],[-45.78286552557329,-11.3131351469573],[-45.78495979436826,-11.31270027146941],[-45.78554916509472,-11.31282806382802],[-45.78690147527289,-11.31256675706547],[-45.78760147221991,-11.31265068040552],[-45.78819084294638,-11.31256294236857],[-45.78867149480085,-11.31273269639688],[-45.78917503483898,-11.31331443772997],[-45.79105377323856,-11.3142986296249],[-45.79164314396502,-11.31429672227647],[-45.7922878278018,-11.31375312791627],[-45.79329300052954,-11.31366348253075],[-45.79359817631014,-11.31377029405421],[-45.79517173892914,-11.31497192369316],[-45.79626464969364,-11.31546401964067],[-45.79663849002488,-11.31595802293668],[-45.7973384869718,-11.31632041917702],[-45.79774475222965,-11.31758499132067],[-45.79945182925262,-11.31908607469503],[-45.80314064150163,-11.31976509080904],[-45.80346870546577,-11.32017326341666],[-45.80369186525523,-11.32148551927602],[-45.80382347231062,-11.32165718065302],[-45.805046082782,-11.32199859605843],[-45.8059844983076,-11.32205963121492],[-45.80639267091429,-11.32232856737224],[-45.80825042847917,-11.32279777513622],[-45.80879593018718,-11.32298850999969],[-45.80986786011671,-11.32376098619609],[-45.81141662720385,-11.32356262193866],[-45.8132514965852,-11.32433128343797],[-45.81404113891764,-11.32519149767163],[-45.81449890258865,-11.3253612517],[-45.81530761840745,-11.32594871507898],[-45.81652069213567,-11.32625389086057],[-45.81702804687097,-11.32674407945932],[-45.81804275634184,-11.32711601244292],[-45.81865120055458,-11.32709121691078],[-45.81897926451897,-11.32673835741371],[-45.81945228697907,-11.32660293566101],[-45.82064437987235,-11.32710838304894],[-45.82140350462684,-11.32712364183801],[-45.82279777647495,-11.32744598375738],[-45.82356643797257,-11.32732582079359],[-45.82428550840591,-11.32743263231727],[-45.82452011228732,-11.32734870897733],[-45.82499122739886,-11.32685470568148],[-45.82595443845678,-11.32680320726876],[-45.82681465268875,-11.32605743395342],[-45.8270511639189,-11.32598495470533],[-45.82766723752619,-11.32598495470554],[-45.82822990537181,-11.32623863207385],[-45.82950401425624,-11.32624435411994],[-45.83030891537784,-11.32674598681061],[-45.83119392514193,-11.32686424242596],[-45.83178711056573,-11.32657432543387],[-45.83228111386079,-11.32649230944276],[-45.83313179134959,-11.32580947863243],[-45.83393097042545,-11.32547569262184],[-45.83462906002386,-11.32543182360336],[-45.83624649166156,-11.32611465441433],[-45.83785438655621,-11.32643890368208],[-45.83859634517302,-11.32633018481017],[-45.83953285335031,-11.32576751696365],[-45.84033966182057,-11.32561492907328],[-45.84108352778603,-11.32567596422967],[-45.84167289851255,-11.32591247546033],[-45.84197807429322,-11.3261909483606],[-45.84235191462449,-11.32705116259421],[-45.84289932368105,-11.32754325854151],[-45.84359932062812,-11.32782173144206],[-45.84527969477072,-11.32794570910353],[-45.84606170770878,-11.32829856860067],[-45.84761238214451,-11.32855415331783],[-45.84877014276255,-11.32923889147723],[-45.85093116875982,-11.32923316943161],[-45.85287857171032,-11.33071136462256],[-45.85370445366699,-11.33095169055026],[-45.85488319512001,-11.33106803881713],[-45.85548782463547,-11.3317279814443],[-45.85591697807715,-11.33176612841713],[-45.85663795585921,-11.33136749255285],[-45.85681343193312,-11.33137893664477],[-45.85728263969588,-11.33193397509701],[-45.85855484123191,-11.3316917418209],[-45.86014747733756,-11.33177947985831],[-45.86079216117425,-11.33241271960446],[-45.86225128287596,-11.33218383776891],[-45.86368560904546,-11.33218002307176],[-45.86404609793644,-11.3324298857428],[-45.8642768871205,-11.33306312548893],[-45.86484336966344,-11.33337211596763],[-45.86564636343653,-11.33332252490319],[-45.86632347220011,-11.33291244494733],[-45.86686897390817,-11.33297538745231],[-45.86839103811441,-11.33408355700829],[-45.86854553335333,-11.33502960193013],[-45.87088394277306,-11.33577537524601],[-45.87129974477432,-11.33613967883484],[-45.87136650197621,-11.33710861194031],[-45.87169838063774,-11.33781814563185],[-45.87200355641836,-11.33807373034869],[-45.87340355031243,-11.33871650683824],[-45.87377548329511,-11.33940315234615],[-45.87412643544293,-11.33976745593503],[-45.87483596913316,-11.34005737292729],[-45.87542724720825,-11.34046554553492],[-45.87564849964912,-11.34132575976835],[-45.87584495655799,-11.34156227099879],[-45.87674903980837,-11.34207534778129],[-45.87777519337108,-11.34226036059889],[-45.87833976856553,-11.34203720080885],[-45.87895965687017,-11.34202575671718],[-45.88035965076428,-11.34249687182965],[-45.88090515247239,-11.34253692615107],[-45.88150215259351,-11.34243011462789],[-45.88216400256798,-11.34206962573637],[-45.88315582385547,-11.34238243091222],[-45.88421249499638,-11.34188461291936],[-45.88441467395112,-11.34195709216731],[-45.88475799670436,-11.34252548206016],[-45.88500404467759,-11.34261894214312],[-45.88544273486235,-11.34258651721643],[-45.88747215380459,-11.34156608569825],[-45.88790893664078,-11.34150123584486],[-45.89031219591426,-11.34173011768113],[-45.89099884142091,-11.3421535490778],[-45.89269828904998,-11.34222793567467],[-45.89313888658345,-11.34200096118756],[-45.89357376207104,-11.341993331793],[-45.89376258958539,-11.34210014331646],[-45.89426994432075,-11.3429737089905],[-45.89546012986562,-11.34381103504049],[-45.89666175950234,-11.34410858142745],[-45.89729690659591,-11.34470939624685],[-45.89823532212184,-11.34440612781447],[-45.89888954270182,-11.34455490100794],[-45.89904403794079,-11.3447475432199],[-45.89906692612424,-11.34526443469928],[-45.89937400925356,-11.34554290759985],[-45.90022468674251,-11.34545326221421],[-45.90109825241492,-11.34560203540769],[-45.90128707992925,-11.34582519519787],[-45.90146446335168,-11.34659767139417],[-45.90159988510436,-11.34668731677987],[-45.90264892685075,-11.34661102283475],[-45.90398216354282,-11.34744834888472],[-45.90470314132494,-11.34756278980291],[-45.90511322128022,-11.34803009021803],[-45.90545845138212,-11.34880256641428],[-45.90591240035601,-11.34876251209315],[-45.90596389876907,-11.34832763660492],[-45.90618705855883,-11.34809112537436],[-45.90908622847611,-11.34805870044819],[-45.91042137251683,-11.34904479969156],[-45.91077232466463,-11.34977531421801],[-45.9134712229756,-11.35118103016084],[-45.91465377912595,-11.35223007190911],[-45.91609764203864,-11.35287284839863],[-45.91649437055335,-11.35448455799333],[-45.91702079877509,-11.35521507251976],[-45.91786384686938,-11.35589408863329],[-45.9183673869076,-11.35671043384821],[-45.91874313458751,-11.35761260975158],[-45.91881179913808,-11.35862350452691],[-45.91977310284735,-11.35922241199785],[-45.92078018292386,-11.3601226805527],[-45.92124176129221,-11.36073684681253],[-45.92130851849414,-11.36123275745701],[-45.92172432049548,-11.36149024952258],[-45.92258072002997,-11.36314392078739],[-45.92267036541549,-11.3635101317249],[-45.92258644207564,-11.36445617664666],[-45.92306900127891,-11.36529350269665],[-45.92378997906091,-11.36546325672508],[-45.92418289287868,-11.36576271046062],[-45.92686462505218,-11.3668651579708],[-45.9272804270534,-11.36707878101761],[-45.9276008616232,-11.36746406544155],[-45.92773628337577,-11.36828041065643],[-45.92718315227302,-11.36902809132042],[-45.9272232065942,-11.36937522877158],[-45.92828941447827,-11.36963272083724],[-45.92891121013147,-11.37061119068581],[-45.93325805765895,-11.37097740162415],[-45.93404197794578,-11.37125015247869],[-45.93478202921423,-11.37121963490077],[-45.93498802286631,-11.37129211414887],[-45.93543243509696,-11.37178611744473],[-45.9358024607312,-11.37165451038917],[-45.93600654703471,-11.37106895435896],[-45.93643570047643,-11.37080574024774],[-45.93793678384807,-11.37175178517004],[-45.93964576822025,-11.37335968006774],[-45.94001770120308,-11.37353134144455],[-45.94091224771042,-11.373592376601],[-45.94139480691369,-11.37430191029249],[-45.94248771767858,-11.37502861012184],[-45.94301986794633,-11.3756656645652],[-45.94401550393106,-11.3759155272363],[-45.94466590981375,-11.37704849232435],[-45.94596672157908,-11.37855339039585],[-45.94631576637843,-11.37866020191929],[-45.94662094215918,-11.3785076140286],[-45.94703292946346,-11.37764549244683],[-45.94708633522403,-11.38473892201216],[-45.94858360389858,-11.38437461842344],[-45.95164871314722,-11.38300895680304],[-45.95235443214025,-11.38293647755509],[-45.95302391150946,-11.38296890248183],[-45.9544372568442,-11.38331222523612],[-45.9553890238106,-11.38306617726256],[-45.95694160559545,-11.3830261229416],[-45.96054077246021,-11.38329315175068],[-45.96216583349303,-11.38349723805468],[-45.9648494730154,-11.38407897938824],[-45.96621894933171,-11.38403892506717],[-45.9673480997207,-11.38386154164443],[-45.96829986668723,-11.38344192494546],[-45.97100830174218,-11.38120651234814],[-45.9729461679504,-11.38022613515122],[-45.97467422580932,-11.38008308400405],[-45.97622680759417,-11.38028526295939],[-45.9775009164789,-11.38108062733951],[-45.98297691439571,-11.38294029225727],[-45.98386001681134,-11.38352775563633],[-45.98579406832202,-11.38574790944532],[-45.98615646456169,-11.38649940480666],[-45.98634147737869,-11.38662147511917],[-45.98806953523761,-11.38662338246809],[-45.98862838838628,-11.38630676259507],[-45.98930740449859,-11.38632774343006],[-45.98968887422458,-11.3867568968726],[-45.9903488168504,-11.38797569264923],[-45.99081802461345,-11.38820838918235],[-45.99244308564629,-11.38844871511037],[-45.99279594514279,-11.38868904103824],[-45.99308014008867,-11.38903617848937],[-45.9935436258056,-11.39021682729317],[-45.99407386872473,-11.39080619802078],[-45.99453353974457,-11.39084053029623],[-45.99629592987888,-11.3903465270006],[-45.99700164887202,-11.39058876027698],[-45.99746322724042,-11.3912467955555],[-45.99789047333343,-11.39263534536018],[-45.99817466827923,-11.39315605153695],[-45.99852943512438,-11.39339828481354],[-45.99898910614428,-11.39343261708887],[-46.00028801056145,-11.39296722402279],[-46.00078964325114,-11.39310836782165],[-46.00186729522714,-11.39364051809039],[-46.00292205901955,-11.39436912526824],[-46.0050086984209,-11.3949680327393],[-46.00564003081742,-11.39529991140136],[-46.00648498626051,-11.39606285085468],[-46.00726127715291,-11.39649009694851],[-46.00755310149336,-11.39660072316932],[-46.00887870879126,-11.39651679982963],[-46.00921821684749,-11.39664268483954],[-46.0111141213857,-11.39857292165622],[-46.01212120146226,-11.39995574941515],[-46.01312637419024,-11.40063858022577],[-46.01440239042378,-11.400825500392],[-46.0170383462308,-11.4007358550067],[-46.01826858609726,-11.40100288381541],[-46.02095413296853,-11.40223121633537],[-46.02231407254181,-11.4025440215114],[-46.02443695156713,-11.40390777578419],[-46.02641296474796,-11.4048252104769],[-46.02704238979602,-11.40477371206386],[-46.0282211312495,-11.40429115285995],[-46.02958107082289,-11.40439796438353],[-46.03135490504906,-11.40397644033598],[-46.03274536220049,-11.40416336050218],[-46.03339195338615,-11.40406608572205],[-46.03411674586583,-11.40332984914992],[-46.03484344569398,-11.40308952322235],[-46.03518295375018,-11.40312004080037],[-46.03625297633169,-11.40365600576644],[-46.03680229273723,-11.40371894827138],[-46.03736877528046,-11.40358924856433],[-46.03785324183252,-11.40368461599612],[-46.04025077906065,-11.40498161306685],[-46.04149246301898,-11.40534019460998],[-46.04386520471468,-11.40839195242284],[-46.04528617944424,-11.40849876394648],[-46.04574012841825,-11.40859222402949],[-46.04603195275862,-11.40881347647102],[-46.04626083459421,-11.40909957876595],[-46.04641723718177,-11.41027641287238],[-46.04666137780646,-11.41061019888317],[-46.04714775170708,-11.41091155996731],[-46.04831314172026,-11.41130447378579],[-46.04965972985315,-11.4123191832585],[-46.05060005272778,-11.41320800772167],[-46.05259323204631,-11.41444396963591],[-46.0529670723779,-11.41473007193101],[-46.05412864769357,-11.41629981985596],[-46.054714203723,-11.41674423208748],[-46.05850601279987,-11.41924858084294],[-46.05964279258349,-11.42018508902166],[-46.05986785972179,-11.42026329031573],[-46.05998039329101,-11.42016792288405],[-46.0601406105761,-11.41937065115554],[-46.06049537742132,-11.41936874380704],[-46.06337738120165,-11.42121887198124],[-46.06528663718059,-11.42168998709385],[-46.06634140097312,-11.42257881155687],[-46.06809616171287,-11.42478752127386],[-46.06975555502118,-11.42578315726057],[-46.07029151998617,-11.42630767813462],[-46.07201385579923,-11.42851448050293],[-46.07239532552501,-11.43102645865253],[-46.07290077291195,-11.43198204031767],[-46.07468414388087,-11.43646621695349],[-46.0751552589925,-11.43708610525919],[-46.07629013142746,-11.43797492972218],[-46.07625770650079,-11.4382286070904],[-46.07555008015878,-11.43909263602104],[-46.07555198750733,-11.4394111632427],[-46.07584571919642,-11.44006347647506],[-46.07730484089848,-11.44104576102124],[-46.07836532673692,-11.44248962393651],[-46.07909774861093,-11.44325256338969],[-46.07937431416228,-11.44395256033799],[-46.07977867207161,-11.44639968863379],[-46.0800552376229,-11.44698905936145],[-46.08195304951012,-11.44833564749655],[-46.0835609444054,-11.44981193533844],[-46.08480644306106,-11.45031738272635],[-46.08669853290237,-11.45134162894249],[-46.08809089740255,-11.45157623282445],[-46.08899879535063,-11.4520034789183],[-46.09094429095347,-11.45373344412857],[-46.09222412188454,-11.45425224295686],[-46.09290695269419,-11.45474433890428],[-46.09424972612998,-11.45528221121888],[-46.09562301714383,-11.45610237113108],[-46.09617424089797,-11.45667266837236],[-46.09658432085344,-11.45780372611185],[-46.09685897905618,-11.45796203604839],[-46.09823417741878,-11.45808410636108],[-46.10013198930601,-11.45933532706438],[-46.1015548713843,-11.45971298209392],[-46.1024971016077,-11.46066474906178],[-46.10337448197764,-11.46182441703065],[-46.10527992325932,-11.4631557463766],[-46.10631942826281,-11.46460151664036],[-46.10782814102947,-11.46564865104002],[-46.10935592728231,-11.46739387503918],[-46.11106681900385,-11.46859741202684],[-46.11210823135591,-11.46983718863814],[-46.11325836258006,-11.47048568717356],[-46.11429977493221,-11.47197914115315],[-46.11519241409122,-11.47254943839447],[-46.11735534743828,-11.4731254576819],[-46.11827850417546,-11.47352027884898],[-46.12014579848452,-11.47556877128085],[-46.12180709914166,-11.47676849357118],[-46.12280273512656,-11.4786758422041],[-46.12327385023828,-11.47932815543656],[-46.1240196235528,-11.47989845267789],[-46.12478256300494,-11.48023033134012],[-46.12508964613448,-11.48022842399153],[-46.12513542250175,-11.47987937919167],[-46.12474250868389,-11.4787330626633],[-46.12397766188318,-11.4773693083907],[-46.1231613166695,-11.4754600524092],[-46.12150192336119,-11.47304534903982],[-46.12141037062708,-11.47120094291186],[-46.12090683058872,-11.47089958182786],[-46.12040519789888,-11.47078895560714],[-46.11998367385156,-11.4704418181559],[-46.1195735938961,-11.46899223319494],[-46.11907005385771,-11.46832466117333],[-46.11891365127009,-11.46714782706689],[-46.1182975776625,-11.46659278861464],[-46.11653137283069,-11.46569252005963],[-46.1161746986368,-11.46534156791128],[-46.11609077529714,-11.46486473075296],[-46.11642646865622,-11.46403503409783],[-46.11635971145417,-11.46365165702264],[-46.11603546218705,-11.46322441092879],[-46.11481857376083,-11.46240043631929],[-46.11393165664777,-11.46109771720289],[-46.11346244888466,-11.46084594718337],[-46.11195564346656,-11.4604854582916],[-46.11085128860965,-11.45915031424841],[-46.10914993363134,-11.45810508719743],[-46.10856437760177,-11.45756530753431],[-46.10836982804151,-11.45720100394551],[-46.10806465226084,-11.45490837088878],[-46.10759353714931,-11.45409584037108],[-46.10634231644774,-11.4528102873924],[-46.10504531937915,-11.45178031913054],[-46.10457420426744,-11.4510021208883],[-46.10416793900917,-11.45063590995074],[-46.10224533158976,-11.44965744010186],[-46.10169220048707,-11.4484653472062],[-46.10005378801349,-11.44740486136612],[-46.09912681657929,-11.44578170767949],[-46.09783554155651,-11.44497680655629],[-46.09710311968255,-11.44394302359723],[-46.09606742937623,-11.44345474234701],[-46.09497833330838,-11.44224739066242],[-46.09386062701091,-11.44154930106268],[-46.09253120501558,-11.44036483756147],[-46.09092521746899,-11.43861770621369],[-46.09053230365124,-11.43775749198013],[-46.09056282122936,-11.43713760367455],[-46.09091758807459,-11.43684959403107],[-46.09193611224339,-11.43660736075469],[-46.09326171954159,-11.43679237357222],[-46.09619522173514,-11.43827819815768],[-46.09760475237294,-11.43927764884148],[-46.09896659929498,-11.44003677359753],[-46.10164833146947,-11.4403381346818],[-46.10464668351644,-11.44214439383752],[-46.1062030799988,-11.4427909850242],[-46.10912895279797,-11.44357109061555],[-46.11060333328938,-11.44410705558145],[-46.11108970719018,-11.44447135917035],[-46.11207962112919,-11.44577407828683],[-46.11258316116768,-11.44609069815982],[-46.11431312637561,-11.44597244254482],[-46.11620521621711,-11.44623565665645],[-46.11783599929629,-11.44556045524055],[-46.11864471511563,-11.44563674918598],[-46.11971092299996,-11.44693565360514],[-46.12030983047003,-11.44717216483576],[-46.12205696181552,-11.44743537894726],[-46.12260818556977,-11.44775199882026],[-46.12306404189236,-11.44856452933802],[-46.12339401320534,-11.44999504081264],[-46.12386322096839,-11.45056724540243],[-46.12467002943913,-11.45074844352271],[-46.12630271986688,-11.45047187797117],[-46.1272907264576,-11.45061111442162],[-46.12784004286316,-11.45083236686302],[-46.12900924757354,-11.45178413383098],[-46.12946128919906,-11.45197296134572],[-46.13142013624257,-11.45231628409973],[-46.13198852613456,-11.45258522025703],[-46.1333675391943,-11.45376014701506],[-46.13540458753183,-11.4543018340271],[-46.13670158460046,-11.45523643485741],[-46.13765716626438,-11.45574188224519],[-46.13820839001859,-11.45588302604408],[-46.13875770642427,-11.45581626884191],[-46.13932228161897,-11.45543289176694],[-46.14019012524604,-11.45415496818301],[-46.14078903271607,-11.45408821098084],[-46.14125824047919,-11.4543418883491],[-46.1418285377197,-11.45529556266559],[-46.14216804577587,-11.45540618888633],[-46.14299202038438,-11.45527458183083],[-46.14372062756124,-11.45533561698705],[-46.14427185131546,-11.45590591422842],[-46.14474678112432,-11.45703697196776],[-46.14542388988819,-11.45744895927247],[-46.14615249706513,-11.45734977714374],[-46.14658737255296,-11.45695114127946],[-46.14723396373872,-11.45678901664589],[-46.14772033763952,-11.45694541923373],[-46.14861106944997,-11.45762825004441],[-46.15007019115244,-11.45816421501031],[-46.1505870826313,-11.45820999137779],[-46.15079689098074,-11.45796966544997],[-46.15069770885196,-11.45755577079656],[-46.1502895362451,-11.4567604064167],[-46.14880943370788,-11.45459938041556],[-46.14797782970515,-11.45294570915065],[-46.14824676586206,-11.45216941825727],[-46.14872932506576,-11.45133781425347],[-46.14879036022207,-11.45042991630428],[-46.14861106945082,-11.4501438140093],[-46.14765548778692,-11.44971656791543],[-46.14505195690603,-11.44944000236331],[-46.14410209728803,-11.44896888725082],[-46.14264106823717,-11.44739723197733],[-46.14129448010405,-11.44649314872509],[-46.13997840954902,-11.44519233695737],[-46.13908767773862,-11.44462203971611],[-46.13790512158767,-11.44413185111734],[-46.13740539624653,-11.44310188285553],[-46.13520431592686,-11.44248771659557],[-46.13336753919582,-11.44028091422715],[-46.13279533460685,-11.43844985953951],[-46.13236045911915,-11.43748283378266],[-46.13140487745525,-11.43705558768877],[-46.13065910414073,-11.43654823295233],[-46.13044738844278,-11.43615150443665],[-46.1303634651031,-11.43557739249815],[-46.13015365675381,-11.43532371512994],[-46.12817764357252,-11.43491744987083],[-46.12769126967181,-11.4343128203542],[-46.12720489577099,-11.4339485167654],[-46.12445449904578,-11.43352890006581],[-46.1232051856928,-11.43281745902555],[-46.12216949538655,-11.43180084220405],[-46.12048149184857,-11.43061256400562],[-46.11871910171396,-11.43026924125157],[-46.11842727737358,-11.43011093131495],[-46.11818313674886,-11.42969703666166],[-46.11813163833588,-11.4289970397134],[-46.11798477249139,-11.42882156363915],[-46.11733818130561,-11.42876052848283],[-46.11646461563281,-11.42890739432752],[-46.11563873367575,-11.42868804923458],[-46.11523437576611,-11.42835426322375],[-46.11438751297433,-11.42684364310645],[-46.11401557999145,-11.42658996573819],[-46.11297988968508,-11.42640304557214],[-46.11054039078654,-11.42682075492233],[-46.10947227555344,-11.4268245696194],[-46.10895538407457,-11.42668151847198],[-46.10535621720906,-11.4245929717185],[-46.10335159379836,-11.42429733268022],[-46.10173034746248,-11.42363357535581],[-46.10014534075054,-11.42350006095121],[-46.09949874956482,-11.42326545706931],[-46.0989971168751,-11.42294883719624],[-46.09794044573385,-11.4219150542371],[-46.09742355425504,-11.42163085929071],[-46.09470367510806,-11.42113113394849],[-46.09415245135386,-11.42059135428535],[-46.09376144488468,-11.41971778861147],[-46.09345245440658,-11.41936683646303],[-46.09296608050584,-11.41909980765438],[-46.09269142230314,-11.4190044402226],[-46.09047508319449,-11.41896438590108],[-46.08845901569222,-11.41771507254637],[-46.08699607929287,-11.41580963126193],[-46.08215141377205,-11.41120719901034],[-46.08044433674812,-11.40903091422005],[-46.07890510640333,-11.40823936453723],[-46.0772380837006,-11.4070835112655],[-46.07413101278169,-11.40623474112335],[-46.07283210836454,-11.40486907950221],[-46.07187652670076,-11.40428352347177],[-46.06981849752862,-11.40338134756816],[-46.06938171469233,-11.40309715262192],[-46.0688610085163,-11.40249443045384],[-46.06867599569924,-11.40161895743133],[-46.06894302450777,-11.39972305289036],[-46.06886100851673,-11.39913368216282],[-46.06788635336663,-11.39824485769977],[-46.06722831808954,-11.39533233633729],[-46.06690025412516,-11.39439392080998],[-46.06600761496632,-11.39363288870537],[-46.06565094077244,-11.39317131033622],[-46.06574440085553,-11.39194297781669],[-46.06389427268454,-11.38743019095118],[-46.06324577415037,-11.38652229300182],[-46.06174469077838,-11.38541984549178],[-46.06007385337836,-11.38389587393402],[-46.05937576377982,-11.38299179068191],[-46.05952072227573,-11.38262557974443],[-46.05990791404771,-11.38254356375335],[-46.0622825630925,-11.38289070120491],[-46.06362342917966,-11.3828392027919],[-46.0640277870893,-11.38264656058012],[-46.06451034629282,-11.38213539114661],[-46.06508445823086,-11.37996673575122],[-46.06545448386516,-11.37961387625411],[-46.06644249045568,-11.379817962558],[-46.06794738852499,-11.38046646109335],[-46.06885337912445,-11.38054275503878],[-46.06948280417254,-11.38006210318335],[-46.07040023886386,-11.37889480582028],[-46.07104683004963,-11.37865447989268],[-46.07141494833527,-11.3786449431496],[-46.07230568014565,-11.37903976431661],[-46.07470512472241,-11.38081550589418],[-46.07574081502884,-11.38114547720775],[-46.07692146383097,-11.38112640372159],[-46.07732391439204,-11.38075828543557],[-46.07733917318117,-11.38037490836035],[-46.07683372579422,-11.37918281546476],[-46.07691383443671,-11.37894248953701],[-46.07731628499776,-11.37870216360929],[-46.07747650228278,-11.37824058524018],[-46.0771160133918,-11.37672805777443],[-46.07719421468572,-11.37597846976158],[-46.07780647359614,-11.37575340262309],[-46.08000755391565,-11.37595176688128],[-46.08126831136035,-11.37590026846835],[-46.08200264058313,-11.37559509268727],[-46.08272743306269,-11.37490844717945],[-46.08342170796428,-11.37450790396657],[-46.08558845600849,-11.37443542471891],[-46.08625030598324,-11.37414741507546],[-46.08628082356143,-11.37349319449431],[-46.08609962544159,-11.37298393240932],[-46.08575821003683,-11.37247467032437],[-46.08485031208878,-11.37187385550494],[-46.08444595417913,-11.37142753592486],[-46.08421707234359,-11.37079238883013],[-46.08419799885745,-11.37015533438671],[-46.08450508198698,-11.36940574637402],[-46.08487510762134,-11.36908531180383],[-46.08613395771754,-11.36866760245339],[-46.0863933571313,-11.36852264395727],[-46.08661651692105,-11.36815452567116],[-46.08651733479231,-11.36751747122781],[-46.08578682026696,-11.36658096304896],[-46.08570480427592,-11.36611938467986],[-46.08625030598429,-11.36535263052954],[-46.08625030598428,-11.36512947073952],[-46.0857810982214,-11.36414527884489],[-46.08605194172699,-11.36307716361072],[-46.08638954243468,-11.36267662039775],[-46.08693885884028,-11.36233901968993],[-46.08747291645683,-11.36225891104736],[-46.08827972492743,-11.36236762991953],[-46.08847427448777,-11.36212730399181],[-46.08816146931257,-11.36055183402095],[-46.08817482075305,-11.36016845694583],[-46.08846473774488,-11.35976791373303],[-46.08890152058137,-11.35962486258568],[-46.08992004474987,-11.35993957511019],[-46.09027671894388,-11.35988998404572],[-46.09048461994461,-11.35961914054],[-46.09033775410013,-11.35910987845509],[-46.08967590412544,-11.35799789420207],[-46.08942985615221,-11.35718536368427],[-46.08959007343724,-11.3564834593875],[-46.08996009907164,-11.35603713980748],[-46.09015083393479,-11.35536575308887],[-46.08987426838343,-11.3547782897097],[-46.08856010517712,-11.35376358023701],[-46.08751678547649,-11.3524761199096],[-46.08735275349427,-11.35195159903562],[-46.08756065449509,-11.35123443594965],[-46.08804321369872,-11.35032463065197],[-46.08799362263438,-11.35005378714614],[-46.08745765766922,-11.34944915762943],[-46.08587074360878,-11.34905815115937],[-46.08557891926836,-11.34877204886449],[-46.08557701191974,-11.34845352164277],[-46.08589935383841,-11.34781455985087],[-46.08589744648976,-11.34748077384007],[-46.08517646870757,-11.3464164733028],[-46.08426094136533,-11.34398078909877],[-46.08359527669342,-11.3430118559932],[-46.08257484517608,-11.34264945975267],[-46.08110237203347,-11.34247970572425],[-46.08055114827937,-11.34168434134416],[-46.07959365926701,-11.34089088431284],[-46.07830047689559,-11.34040832510855],[-46.07706832968052,-11.33966445914176],[-46.07553291403304,-11.339572906407],[-46.07316589438284,-11.33798789969288],[-46.07217788779239,-11.33748245230498],[-46.0706100472182,-11.33745574942397],[-46.0690746315707,-11.33774948111322],[-46.06847763144943,-11.33775138846176],[-46.0664062508369,-11.33704757681596],[-46.06381416404834,-11.33559226980867],[-46.06323051536758,-11.33538627615633],[-46.06239128197016,-11.3354530333584],[-46.06118011558983,-11.33599853506724],[-46.06006622398964,-11.33630561819692],[-46.05675125207014,-11.33609390249817],[-46.05576896752552,-11.33621406546205],[-46.05515861596371,-11.33712387075964],[-46.0541954049051,-11.33927917471466],[-46.05390739526183,-11.33964729300057],[-46.05332565392958,-11.33992004385523],[-46.05305099572689,-11.33987236013928],[-46.05147743310698,-11.33834838858146],[-46.0500850686069,-11.33809852591026],[-46.04924011316388,-11.33655548086619],[-46.04889869775906,-11.33619117727726],[-46.0478954323796,-11.33592414846852],[-46.04655647364122,-11.33497428884915],[-46.04581260767541,-11.3349761961978],[-46.04547309961914,-11.33485031118798],[-46.04529380884798,-11.33459472647111],[-46.04517555323305,-11.33340072622702],[-46.04493141260853,-11.33270072927867],[-46.04423332300991,-11.33171653738404],[-46.04381179896266,-11.3313503264464],[-46.04253387538035,-11.33135414114359],[-46.04151535121185,-11.33115196218834],[-46.03997612086733,-11.33004188528385],[-46.03769493190563,-11.32914733877473],[-46.036460877342,-11.32786178579596],[-46.03587913600982,-11.32775115957529],[-46.03516769497066,-11.32799339285159],[-46.03461837856514,-11.32802772512683],[-46.03316307156026,-11.32779502859342],[-46.03185463039986,-11.32805442800729],[-46.03083419888269,-11.32786560049244],[-46.02981567471423,-11.32743835439854],[-46.02895927517928,-11.32734680166404],[-46.02650451749207,-11.32796478262069],[-46.02516746610213,-11.32911682119471],[-46.0244903573383,-11.32938957204917],[-46.01918983549486,-11.33033180227299],[-46.01861000151121,-11.33087539663326],[-46.01835441679473,-11.33156013479226],[-46.01843071073978,-11.33218002309799],[-46.01888656706227,-11.33338928213114],[-46.01866340727246,-11.33386802663808],[-46.01801872343543,-11.33418846120819],[-46.01561164946403,-11.3347225188251],[-46.01491737456253,-11.33518791189141],[-46.01459503264392,-11.33576202382971],[-46.0147113809104,-11.33627128591471],[-46.01500320525072,-11.33663749685238],[-46.01694488615618,-11.33723640432342],[-46.0171737679917,-11.3375701903342],[-46.01723861784515,-11.33793640127165],[-46.0162391671627,-11.33972358694039],[-46.01626014799745,-11.34093475332229],[-46.01605033964812,-11.34155654897652],[-46.01524543852604,-11.34230804433765],[-46.01418113799029,-11.34285354604657],[-46.01392364592514,-11.34322166433273],[-46.01391029448469,-11.34371185293134],[-46.01421928496267,-11.3443012236588],[-46.01499748320379,-11.34495162954278],[-46.01540374846193,-11.34552383413258],[-46.01576423735282,-11.3467979430194],[-46.01680374235615,-11.34809875478724],[-46.01791000456156,-11.34909820547088],[-46.01807212919506,-11.34959220876682],[-46.01794433683673,-11.34997558584198],[-46.0171546945038,-11.35053443899117],[-46.01683425993386,-11.3511581419942],[-46.01688385099811,-11.35177803029991],[-46.01740646452264,-11.3532257079121],[-46.01732826322875,-11.35387992849331],[-46.01677703947445,-11.35502624502148],[-46.01697349638324,-11.35576057424527],[-46.01801490873511,-11.35742950429897],[-46.01834106535075,-11.35820960988986],[-46.01840972990132,-11.35919570913298],[-46.0181198129095,-11.3598823546409],[-46.0176677712841,-11.35997962942095],[-46.01710128874095,-11.35980606069533],[-46.01570892424101,-11.35901451101249],[-46.01449203581503,-11.35801506032876],[-46.01293945403013,-11.35771751394174],[-46.00829696746441,-11.3560390471443],[-46.0071468362405,-11.35557937612341],[-46.00482940765499,-11.35413742055681],[-46.00301742645645,-11.35347557058085],[-46.00228881927976,-11.35336494436011],[-46.00190162750782,-11.35342979421357],[-46.00144958588243,-11.35362434377398],[-46.00056266876937,-11.35431098928172],[-45.99898147675483,-11.35492324819246],[-45.99664306733431,-11.354883193871],[-45.99593734834117,-11.35463714589721],[-45.99286460969825,-11.35305976857741],[-45.99173164461198,-11.35286712636525],[-45.99077415559965,-11.3524971007304],[-45.98805809115068,-11.35106086720942],[-45.98732948397394,-11.35093879689683],[-45.98476410006647,-11.35097312917176],[-45.98403358554113,-11.35080146779481],[-45.98272323703234,-11.35003852834134],[-45.98108482455937,-11.3486309050501],[-45.9801273355471,-11.34818840016721],[-45.97829246616492,-11.34844207753494],[-45.977890015604,-11.34841918935137],[-45.97698402500477,-11.34802436818417],[-45.97555542088082,-11.34799766530318],[-45.97472572422668,-11.34812355031281],[-45.97394561863713,-11.34795379628438],[-45.97283554173453,-11.34694099416018],[-45.97019195653335,-11.34622955311974],[-45.96908569432787,-11.34633254994579],[-45.96808242894846,-11.34703063954519],[-45.96669960119161,-11.34700965870988],[-45.96461296179039,-11.34733963002294],[-45.9639835367425,-11.34721755971055],[-45.96322822668501,-11.34684753407564],[-45.96215438940645,-11.34579849232732],[-45.96197700598397,-11.34542655934383],[-45.96184921362586,-11.34473419179013],[-45.96221542456335,-11.34133720387525],[-45.9624385843531,-11.34071540822095],[-45.96398925878967,-11.33815765370474],[-45.96439361669933,-11.33711814869978],[-45.96471023657233,-11.33441734303583],[-45.96505737402315,-11.3330268858825],[-45.96533203222607,-11.332084655658],[-45.96598053076045,-11.33069419850477],[-45.966505051634,-11.32872009266996],[-45.96677398779111,-11.3262405394473],[-45.96766471960198,-11.32150650014085],[-45.96760940649195,-11.3201675414007],[-45.9673786173079,-11.31890487660554],[-45.96651649572733,-11.31699943532129],[-45.96565246679833,-11.31423568715223],[-45.96557426550463,-11.31359100331428],[-45.96559715368823,-11.31267356862201],[-45.96591949560701,-11.31133460988177],[-45.96591758825841,-11.31037712086814],[-45.96560859778077,-11.30784988392971],[-45.96567916968017,-11.3069572447695],[-45.96695137121691,-11.30299186696212],[-45.97265052892384,-11.30009841908695],[-45.97430610753489,-11.29902648915567],[-45.9751071939597,-11.29808235158255],[-45.97626304722976,-11.29578208913166],[-45.97671508885516,-11.29523468007409],[-45.98013305760028,-11.29445648183236],[-45.98188972568872,-11.29363250722323],[-45.98251533603945,-11.29306030263355],[-45.98324203586766,-11.29209136952823],[-45.98344993686845,-11.29133224477243],[-45.98336982822623,-11.28977012624223],[-45.98361587619959,-11.28848075856641],[-45.98476600742381,-11.28684043874238],[-45.9851989755629,-11.28599929799542],[-45.98544502353649,-11.28399085988516],[-45.98581695651946,-11.28314781178935],[-45.9863948831545,-11.28240203847407],[-45.98719596957919,-11.28175544728765],[-45.98810005282987,-11.28120613088155],[-45.98928070163198,-11.28080558766885],[-45.99156570529089,-11.2803268431624],[-45.99264717196422,-11.28022384633642],[-45.99521255587167,-11.28029060353889],[-46.0005817422653,-11.2810859679197],[-46.00097847078061,-11.28013610830052],[-45.99986839387788,-11.27948188771938],[-45.99851417635055,-11.27933692922309],[-45.99573898409386,-11.27797126760162],[-45.99446868990627,-11.27764892568238],[-45.99330902193923,-11.27749061574565],[-45.99215126132074,-11.27754974355303],[-45.99099159335363,-11.27744483937815],[-45.98999786471736,-11.27717590322069],[-45.98872566318127,-11.27630996694131],[-45.98519134616985,-11.27496147145728],[-45.98424911594682,-11.27409553517803],[-45.98369598484408,-11.27338981618351],[-45.98325157261343,-11.272520065207],[-45.98319244480607,-11.27154159535819],[-45.98335266209121,-11.2700176238008],[-45.98324012852212,-11.2691478728242],[-45.98307418919134,-11.26865959157413],[-45.98257446385034,-11.26822662343457],[-45.98072624302792,-11.26754379262359],[-45.9791259775274,-11.26716804494273],[-45.97840690709391,-11.26684570302356],[-45.97790908910154,-11.26646614064566],[-45.97719192601662,-11.26630592336041],[-45.9753170023133,-11.26658439626041],[-45.97410392858453,-11.26658821095744],[-45.97145271398887,-11.26605224599127],[-45.96962928869871,-11.26518821706033],[-45.96769714453658,-11.26459503163523],[-45.96603965857725,-11.26383972157624],[-45.96548462012595,-11.2632980345644],[-45.96509742835418,-11.26259231557037],[-45.96487426856467,-11.2616138457217],[-45.96415138343408,-11.26009368886111],[-45.964260102306,-11.25955009450088],[-45.96541214087883,-11.25747871388581],[-45.96601104834902,-11.25535583485756],[-45.96627998450603,-11.25352859486758],[-45.96605110267085,-11.25102615346118],[-45.9660453806252,-11.24917793263602],[-45.96642685035142,-11.24759864796798],[-45.96680832007753,-11.24667358388127],[-45.96752166846532,-11.24547386159138],[-45.96845626929417,-11.24443817128386],[-45.96972274878458,-11.24345588673811],[-45.97072410681552,-11.24248504628426],[-45.97198677160881,-11.24068641652374],[-45.97286605932734,-11.24024772633836],[-45.97358322241225,-11.23997497548392],[-45.97700309850595,-11.23958206166614],[-45.98174285985166,-11.23858833302913],[-45.98356056309619,-11.23809242238496],[-45.9858226785715,-11.23781394948489],[-45.9878101358439,-11.23845863332319],[-45.9891872415549,-11.23796463002744],[-45.9894618997577,-11.23752975453922],[-45.98940467929888,-11.23709487905096],[-45.98851966953458,-11.23633575429501],[-45.98813247776271,-11.23579215993448],[-45.98823928928621,-11.23470497121375],[-45.9886226663609,-11.23415946950498],[-45.99142837619598,-11.23202896108243],[-45.99241829013515,-11.23104667653678],[-45.9928569803202,-11.23028373708373],[-45.99367141818569,-11.22736358632701],[-45.99434471225206,-11.22707176198638],[-45.9948387155473,-11.22708702077544],[-45.99543953036564,-11.2274436949698],[-45.99662399386488,-11.2285385130853],[-45.99722480868332,-11.22861671437936],[-45.99736213778473,-11.22848701467232],[-45.99764061068482,-11.22791290273383],[-45.99762344454751,-11.22504234304155],[-45.99782943819967,-11.22424888601028],[-45.99826812838461,-11.223762512109],[-45.99873352145043,-11.22358131398899],[-45.99952888582916,-11.2235755919432],[-46.00000763033538,-11.22337532033678],[-46.00059890841082,-11.2225303648926],[-46.00196647737901,-11.21946334829124],[-46.00534629915205,-11.21549797048408],[-46.00682449434078,-11.21275711049904],[-46.00765800569229,-11.21156692495231],[-46.01146507355851,-11.20766639699867],[-46.01272773835184,-11.20652961721382],[-46.01399993988827,-11.20569801321021],[-46.01487159821232,-11.20549011220928],[-46.01593589874787,-11.20548629751214],[-46.02314376922126,-11.20585632314809],[-46.02513122649394,-11.20558929433975],[-46.02820015044001,-11.20489120474049],[-46.02980423063799,-11.20483398428176],[-46.03396034330318,-11.20542144766138],[-46.03680420011084,-11.20566940298397],[-46.03784942716022,-11.20557975759845],[-46.0383205422719,-11.20540618887282],[-46.0411586770339,-11.2037792204896],[-46.0419082650456,-11.2035007475894],[-46.04354858486767,-11.20335769644204],[-46.04464912502728,-11.20378494253597],[-46.04589271633408,-11.20486450186234],[-46.04755401699089,-11.20602798452859],[-46.04821968166273,-11.20688629141342],[-46.04891967860986,-11.20837211599849],[-46.0495319375201,-11.20900726309331],[-46.05174255458232,-11.21059226980749],[-46.05409240809451,-11.21356201162911],[-46.05508995142807,-11.21431350699053],[-46.05662727442405,-11.21489334097516],[-46.05756950464743,-11.21490859976437],[-46.05842399683381,-11.2147331236902],[-46.06271171655487,-11.21349525442806],[-46.06366729821873,-11.21297264090292],[-46.06424141015657,-11.21250534048801],[-46.06526565637127,-11.21083259573718],[-46.06559562768434,-11.21055603018541],[-46.06672859277081,-11.20989799490727],[-46.06836509789572,-11.20923805228052],[-46.06979370201992,-11.20840835562549],[-46.07066536034404,-11.20826721182678],[-46.07464408958698,-11.20814895621211],[-46.07551574791101,-11.2082004546254],[-46.07682609642,-11.2086944579214],[-46.07775306785427,-11.2094135283561],[-46.07955932700689,-11.21202278128605],[-46.07985878074186,-11.21227836600293],[-46.08132553183854,-11.21287536612507],[-46.08172798239957,-11.213167190466],[-46.08584022604604,-11.21839904776627],[-46.08683776937968,-11.21918678275199],[-46.08830642782493,-11.22009277335254],[-46.08936882101192,-11.22117233267893],[-46.09050750814416,-11.22283744803555],[-46.09090995870515,-11.2232322692027],[-46.09360504231965,-11.22496032706419],[-46.0947074898279,-11.22595405570204],[-46.09498977742519,-11.22636604300686],[-46.09548950276628,-11.22756767264552],[-46.09639549336526,-11.2316589354631],[-46.09717178425749,-11.23421668997981],[-46.09744453511129,-11.23710823050707],[-46.09793853840652,-11.23824119559511],[-46.09901237568521,-11.23973274222619],[-46.0996818550544,-11.24136352530717],[-46.09984207233917,-11.24220657340293],[-46.09991836628425,-11.24408340445757],[-46.10007667622056,-11.24452972403769],[-46.10030555805611,-11.24482154837868],[-46.10153198322541,-11.24567413321773],[-46.10209465107129,-11.24663543692869],[-46.10375595172835,-11.24729919425309],[-46.10428237995027,-11.24808883658721],[-46.10465431293306,-11.24939537040063],[-46.10528373798101,-11.24999427787139],[-46.1091022499391,-11.2510299681795],[-46.11011505206191,-11.25144004813568],[-46.11051940997148,-11.25198936454204],[-46.11103057940425,-11.25320816031858],[-46.11258888323533,-11.2545089720863],[-46.11328697283377,-11.25732803336564],[-46.1134796150453,-11.25768852225725],[-46.11398887712966,-11.25808334342426],[-46.11542129595116,-11.25857543937175],[-46.11568451006209,-11.25879859916197],[-46.11589622575998,-11.25962448111986],[-46.11553382952001,-11.26057243339037],[-46.1145954139938,-11.26165962211092],[-46.11438751299302,-11.26217460624173],[-46.11392402727554,-11.26396369925928],[-46.11401367266118,-11.26448059073881],[-46.11441803057069,-11.26527023307279],[-46.11494255144407,-11.26576614371743],[-46.11742591936089,-11.26679038993358],[-46.11798667985818,-11.26738929740433],[-46.11832046586843,-11.26807785026077],[-46.11887550431964,-11.2706203459884],[-46.11938667375242,-11.27206230155481],[-46.12028122026009,-11.27288436881575],[-46.1208934791704,-11.27324485770742],[-46.12328720170159,-11.27399253837179],[-46.12405586319971,-11.27441978446566],[-46.1252746589745,-11.27565383903117],[-46.12618446427123,-11.27626991263976],[-46.12646484451986,-11.27675056449516],[-46.12653923111628,-11.27754211417782],[-46.12674903946569,-11.27781486503249],[-46.12704467850339,-11.27783203117011],[-46.12802124100228,-11.27748489371911],[-46.12849426346261,-11.27758598319666],[-46.129018784336,-11.27820205680514],[-46.12914466934554,-11.27870178214691],[-46.12911224441876,-11.27978515617036],[-46.12949943619064,-11.28036880485209],[-46.13000488357776,-11.28033256522805],[-46.13138008194046,-11.27965736381228],[-46.13176536636379,-11.27970695487668],[-46.13190651016249,-11.27998161307991],[-46.13183403091446,-11.2809944152039],[-46.13192176895136,-11.28123474113173],[-46.13279914932126,-11.28202247611715],[-46.13294029311997,-11.28258895866102],[-46.13195037918054,-11.28400421134652],[-46.13205719070382,-11.28450393668832],[-46.13457298354739,-11.2852325438664],[-46.13616180495666,-11.28536415092224],[-46.13659858779303,-11.28551864616166],[-46.13680839614243,-11.28577613822703],[-46.13693428115195,-11.28649711601024],[-46.13722229079509,-11.28678512565386],[-46.13875770644279,-11.28659057609351],[-46.13915824965513,-11.28674316398419],[-46.13945770339011,-11.2870330809764],[-46.13975715712508,-11.28767013541972],[-46.13948249892209,-11.28915023795886],[-46.13986969069397,-11.28992271415508],[-46.14016723708036,-11.29009437553208],[-46.14084816054149,-11.29019546500973],[-46.14236641005149,-11.28979301444843],[-46.14335823133941,-11.28968620292514],[-46.14445686415071,-11.2890624999223],[-46.14471817091308,-11.28901100150922],[-46.14520835951106,-11.28916358939995],[-46.14550590589747,-11.28957557670461],[-46.14552497938378,-11.28985023490784],[-46.14523315504316,-11.29109001151905],[-46.14547348097049,-11.29204750053282],[-46.14542198255735,-11.29254722587451],[-46.14446830824197,-11.29377174369672],[-46.14447212293919,-11.29463195793016],[-46.14482116773852,-11.29494094840869],[-46.14520645216187,-11.29499053947318],[-46.14773178174895,-11.29389762870685],[-46.14870834424785,-11.29375457755958],[-46.14923286512126,-11.29397583000096],[-46.14949607923219,-11.29421806327742],[-46.1497821815266,-11.2958850859826],[-46.1499748237383,-11.29607391349722],[-46.15125083997213,-11.29623985282836],[-46.15199279858943,-11.29649353019668],[-46.15239524915045,-11.29681968681292],[-46.15290451123479,-11.29754066459618],[-46.1530132301066,-11.2985725402066],[-46.15271949841745,-11.29943275444],[-46.15181732251494,-11.30079650871234],[-46.15176773145053,-11.30127906791626],[-46.15201187207521,-11.30151939384402],[-46.15410995556893,-11.30200958244308],[-46.15436363293662,-11.30338478080731],[-46.15466117932294,-11.30346870414713],[-46.15570640637252,-11.30339622489926],[-46.15596962048356,-11.30349731437685],[-46.15660095288024,-11.30428695671084],[-46.1569194801015,-11.30502510063188],[-46.15724945141463,-11.30505752555867],[-46.15752983166332,-11.3049030303194],[-46.15802955700465,-11.30381584159868],[-46.15862274242882,-11.30336761467008],[-46.15963363720314,-11.30325889579817],[-46.16064834667459,-11.30346298210211],[-46.16181564403656,-11.30345726005631],[-46.16232299877231,-11.30360984794698],[-46.16239547802022,-11.30422973625263],[-46.16220474315706,-11.30466079704357],[-46.16222381664338,-11.30500411979753],[-46.16309928966474,-11.30560302726835],[-46.1630840308756,-11.306222915574],[-46.1634349830236,-11.30675506584265],[-46.16348838878525,-11.3070640563211],[-46.16300392223298,-11.30785751335235],[-46.16356468273031,-11.30868148796173],[-46.16342353893155,-11.30945205680934],[-46.16354560924393,-11.30964279167266],[-46.16371917796931,-11.30969238273715],[-46.16431236339338,-11.30946731559867],[-46.16514778209369,-11.3086376189434],[-46.16617584300568,-11.3083763121808],[-46.16650772166742,-11.30818557731757],[-46.16692924571486,-11.30766487114094],[-46.1672782905143,-11.30768203727866],[-46.16741943431295,-11.30797386161942],[-46.1673679358999,-11.30831718437328],[-46.16703796458673,-11.30892181388995],[-46.16721534800929,-11.30955696098473],[-46.1685810096288,-11.31030845634613],[-46.16886329722603,-11.31118392936863],[-46.16923141551168,-11.31157875053573],[-46.17048835825931,-11.31167793266482],[-46.17092895579292,-11.31291389457896],[-46.17160987925405,-11.31299781791877],[-46.17258834910165,-11.31289100639549],[-46.17358398508676,-11.31328201286536],[-46.17409133982259,-11.31329727165452],[-46.17553711008466,-11.31274223320249],[-46.1760616309581,-11.31286048881776],[-46.17672729563017,-11.31345939628856],[-46.17704010080552,-11.31409263603459],[-46.1768684394287,-11.31495475761669],[-46.17653846811557,-11.3153858184077],[-46.17638397287637,-11.31598854057562],[-46.17687606882304,-11.31686401359823],[-46.17700195383256,-11.31761932365675],[-46.17737007211824,-11.31801414482372],[-46.1778755195054,-11.31794357292445],[-46.17886734079345,-11.31714820854475],[-46.18022918771581,-11.31729888908695],[-46.18073463510287,-11.31720924370116],[-46.18131065438938,-11.31688117973639],[-46.1819381720889,-11.31687736503923],[-46.18249893258639,-11.3172721862063],[-46.18270874093564,-11.31759834282254],[-46.18327331613018,-11.31922912590359],[-46.18348503182826,-11.3194351195559],[-46.18388557504066,-11.31951904289582],[-46.1843757636388,-11.31929397575725],[-46.18465232919024,-11.31874275200221],[-46.1855220801659,-11.31835937492727],[-46.18546867440429,-11.31791305534725],[-46.1852569587063,-11.31756973259328],[-46.18530654977081,-11.31676101677289],[-46.18565559457024,-11.31662178032284],[-46.18675613473017,-11.31680679314031],[-46.18724250863101,-11.31659889213951],[-46.18710136483242,-11.31610107414625],[-46.18662643502336,-11.31534385673898],[-46.18660926888579,-11.31506919853579],[-46.18671226571186,-11.3144493102302],[-46.18723106453952,-11.31382942192463],[-46.18806839058837,-11.31365394585042],[-46.18936348030869,-11.3142509459727],[-46.1903228766699,-11.31441879265253],[-46.19046402046849,-11.31467628471793],[-46.19050216744107,-11.31532859795034],[-46.19062423775345,-11.31543350212527],[-46.19112968514063,-11.31532669060192],[-46.19159889290386,-11.3146018981214],[-46.19213867256638,-11.31446266167129],[-46.19245338509047,-11.31459808342414],[-46.19354248115838,-11.31609153740392],[-46.19446945259298,-11.31649971001146],[-46.19487190315401,-11.31686019890302],[-46.19473457405246,-11.31737709038252],[-46.19405555793998,-11.31789588921047],[-46.19421386787626,-11.31823921196441],[-46.19507026741137,-11.31856346123211],[-46.19583892890955,-11.31862831108578],[-46.19740867683279,-11.31819152824902],[-46.19766998359515,-11.31829452507528],[-46.19788169929318,-11.31868934624236],[-46.19777679511837,-11.31989097588086],[-46.19797134467867,-11.32011413567095],[-46.19906997748996,-11.32014465324913],[-46.19933509894963,-11.32060813896706],[-46.19928360053658,-11.32119178764865],[-46.19942474433511,-11.32138252251187],[-46.1998443610339,-11.321397781301],[-46.20132446357149,-11.32094383232668],[-46.20172691413251,-11.32097625725343],[-46.20195388861963,-11.32116508476813],[-46.20207786628061,-11.32135391228278],[-46.20211601325313,-11.32207679741462],[-46.20201301642705,-11.32236862175529],[-46.20112609931361,-11.32323265068591],[-46.20121383735063,-11.32345581047592],[-46.20245361396059,-11.32370948784443],[-46.20353317328551,-11.32538986198987],[-46.20425224371927,-11.32579994194613],[-46.20468711920702,-11.32588386528589],[-46.20596122809247,-11.32555198662401],[-46.2063446051672,-11.32572174065236],[-46.20692634649951,-11.3268890380158],[-46.20691108771045,-11.32730293266902],[-46.2063388831211,-11.32840538017877],[-46.20656776495665,-11.32888603203426],[-46.20716285772954,-11.32881546013488],[-46.20791053839292,-11.32826232903135],[-46.20815467901764,-11.32834625237127],[-46.20992660589543,-11.33033561699561],[-46.21086883611908,-11.33024597160999],[-46.2117939002049,-11.33039665215195],[-46.21292686529164,-11.33003044121468],[-46.2135562903399,-11.33002853386613],[-46.21376419134062,-11.33009529106823],[-46.21422195501198,-11.33083343498926],[-46.21495628423482,-11.33093452446681],[-46.21561622686105,-11.33087539665932],[-46.21768760747431,-11.32947158806572],[-46.21848869389921,-11.32924461357863],[-46.21864700383563,-11.32934761040485],[-46.21873664922123,-11.32969284050725],[-46.21859741277114,-11.33007049553659],[-46.21786880559409,-11.33091735832961],[-46.2174701697301,-11.33167648308531],[-46.21682548589289,-11.33217811577566],[-46.21646308965298,-11.33305549614679],[-46.215662003228,-11.33350753777263],[-46.21514129705167,-11.33421516411527],[-46.21528434819891,-11.33483314507235],[-46.21568679876001,-11.33515930168862],[-46.2160892493211,-11.33534622185468],[-46.21845054692598,-11.33586692803179],[-46.21878242558777,-11.33612251274849],[-46.21880149907405,-11.33641624443798],[-46.21779441899679,-11.33774566643499],[-46.21774482793235,-11.33808898918882],[-46.21784973210703,-11.33824348442814],[-46.21969986027893,-11.33852767937451],[-46.22141075200084,-11.33853912346657],[-46.22153472966178,-11.33870887749497],[-46.22150039738639,-11.3390026091844],[-46.22103309697173,-11.33989906304171],[-46.2208442694573,-11.34058761589818],[-46.22095871037502,-11.34153175347136],[-46.22160530156084,-11.34169960015118],[-46.22455406254419,-11.34125900261734],[-46.22488594120599,-11.34144592278331],[-46.22557258671285,-11.34290504448751],[-46.22632789677063,-11.34371185295927],[-46.22765922611488,-11.34460067742235],[-46.22947692936002,-11.34529876702219],[-46.23036956851915,-11.34608650200775],[-46.23145484988996,-11.34790420525478],[-46.23186111514823,-11.34888267510352],[-46.2321453100941,-11.35008621209084],[-46.23277854983947,-11.35104751580185],[-46.23407363955977,-11.35179901116327],[-46.23645019595378,-11.35237312310206],[-46.2369575506896,-11.35261154168121],[-46.23794937197754,-11.35382843010905],[-46.23868942324621,-11.35530471795086],[-46.23931884829435,-11.35581779473326],[-46.24020958010497,-11.35579681389834],[-46.2412700659438,-11.35498428338089],[-46.24226379458058,-11.35477447503145],[-46.24345398012616,-11.3550434111887],[-46.2448711401589,-11.35581207268796],[-46.24562072817084,-11.35589599602782],[-46.24598693910801,-11.35578918450439],[-46.24687385622143,-11.35501098626234],[-46.247501373921,-11.35478591912376],[-46.2478523260691,-11.35486984246367],[-46.24855613771377,-11.35639762871852],[-46.24897766176111,-11.35691261284951],[-46.24923896852355,-11.35705184929974],[-46.24995422426012,-11.35699844353812],[-46.25056266847346,-11.35637664788375],[-46.25110244813608,-11.35602951043281],[-46.2525520330956,-11.35593795769842],[-46.25340461793367,-11.35562515252282],[-46.2541904455696,-11.35579299920269],[-46.2553482061885,-11.35685539239116],[-46.25566291871257,-11.35697364800651],[-46.25636100831153,-11.3569011687585],[-46.25735282959959,-11.3561744689295],[-46.25826072754794,-11.3562393187831],[-46.25852394165897,-11.35646247857321],[-46.25954628052494,-11.35867691033604],[-46.25970649780985,-11.35934829705477],[-46.25976181092006,-11.3607387542081],[-46.25999069275577,-11.36109924309979],[-46.26053237976696,-11.3612689971281],[-46.26154327454139,-11.36091995232839],[-46.26224136414032,-11.36103820794379],[-46.26250457825129,-11.36133003228447],[-46.26296424927123,-11.36275482171327],[-46.26347541870425,-11.36371803277295],[-46.26433563293675,-11.36446952813433],[-46.26473617614926,-11.36462402337357],[-46.26538276733513,-11.36463928216273],[-46.26588821472235,-11.36444663995082],[-46.26724433959912,-11.36335563653308],[-46.26788902343633,-11.36314773553209],[-46.26871109069629,-11.36328124993657],[-46.26956939758018,-11.36381149285664],[-46.27149581969739,-11.3653697966899],[-46.27219963134205,-11.36660194390668],[-46.27363586486108,-11.36774826043502],[-46.27430152953318,-11.36850357049381],[-46.27518272460056,-11.37052917474193],[-46.27549934447327,-11.37087249749581],[-46.27654838622031,-11.37141799920494],[-46.2773876196179,-11.37163734429776],[-46.2813167577977,-11.37169075005988],[-46.28260803282085,-11.3726978301382],[-46.28481102048958,-11.37384033196951],[-46.28669929563424,-11.37446975701853],[-46.28925132810245,-11.37490653985571],[-46.29202652036056,-11.37501335137933],[-46.29356384335723,-11.37542915338165],[-46.2952098852257,-11.37641906732211],[-46.29650497494615,-11.37698173516901],[-46.29717063961835,-11.37747573846485],[-46.29848098812783,-11.37781524652169],[-46.29926872311237,-11.37834548944169],[-46.30127906856946,-11.37893867486668],[-46.30168151913064,-11.37919425958347],[-46.30219268856371,-11.37993240350442],[-46.30273437557478,-11.38151168817246],[-46.30324173031058,-11.38204383844109],[-46.30438232479189,-11.3828811644909],[-46.30582046565955,-11.38449096673731],[-46.30633163509264,-11.38554000848536],[-46.30815315303517,-11.38689041131766],[-46.30923461970893,-11.38686752313405],[-46.30951309260906,-11.38808822625902],[-46.3100204473449,-11.38846397393983],[-46.31018066462984,-11.38897895807066],[-46.31072235164105,-11.38938903802673],[-46.31077575740267,-11.38956069940367],[-46.31043052730034,-11.39066314691338],[-46.30996322688569,-11.39145660394465],[-46.31003570613359,-11.39181900018499],[-46.31027984675837,-11.39200592035097],[-46.31216812190313,-11.39220428460896],[-46.31234169062851,-11.39239311212353],[-46.31271362361155,-11.39332008355927],[-46.31256675776681,-11.39433288568324],[-46.31269073542785,-11.3949871062643],[-46.31314659175064,-11.39515686029261],[-46.31345939692611,-11.39505195611783],[-46.31403350886419,-11.39461898797821],[-46.31509590205167,-11.39432144159167],[-46.31652641352508,-11.3935241698633],[-46.31762123163938,-11.39262390130874],[-46.31823158320137,-11.39255332940947],[-46.319892883859,-11.39307785028362],[-46.31963539179372,-11.39404296869172],[-46.31984710749173,-11.39436912530797],[-46.3215579992138,-11.39461898797899],[-46.32203292902295,-11.39527130121161],[-46.32234764154706,-11.39544105523996],[-46.32379341180945,-11.39540290826725],[-46.32462883050993,-11.39503860467859],[-46.3249092107587,-11.39507102960528],[-46.32513618524578,-11.39524078363365],[-46.3251571660807,-11.3956203460115],[-46.32460212762897,-11.39660263055732],[-46.32472801263852,-11.39742851251545],[-46.32500839288728,-11.39778900140708],[-46.32593727167056,-11.39850807184178],[-46.3266716008935,-11.39876174920997],[-46.32707595880323,-11.3994483947179],[-46.32777977044812,-11.39999389642684],[-46.32800865228376,-11.40036964410767],[-46.32799148614605,-11.40059471124623],[-46.32729530389579,-11.40104484552356],[-46.32602691705586,-11.40241050714449],[-46.32603073175308,-11.40299606317473],[-46.32620620782714,-11.40325164789162],[-46.32694053705009,-11.40367889398538],[-46.32757186944697,-11.40429496759392],[-46.32970619256518,-11.40481948846808],[-46.33019638116327,-11.40552330011366],[-46.33048820550371,-11.40658569330218],[-46.33122444207533,-11.40706443780907],[-46.331924439023,-11.40721702569969],[-46.33312606866063,-11.40672874444995],[-46.33338928277168,-11.40677833551434],[-46.33339119012023,-11.40724372858069],[-46.33320045525715,-11.4077434539225],[-46.3333606725421,-11.40829277032878],[-46.33420181328837,-11.40892601007496],[-46.33525466973264,-11.41022872919133],[-46.3355693822568,-11.41027832025575],[-46.33584785515694,-11.41014099115411],[-46.3366832738575,-11.40941429132518],[-46.33701515251934,-11.40927505487511],[-46.33753776604418,-11.40934181207718],[-46.33874511772769,-11.40995597833727],[-46.33902740532513,-11.41022872919162],[-46.33955383354715,-11.4117183684739],[-46.33974647575891,-11.41183853143779],[-46.34044265800928,-11.41135406488512],[-46.34145546013244,-11.41131401056387],[-46.34237670952132,-11.41062164301023],[-46.34291839653263,-11.41065406793704],[-46.34335899406634,-11.41132354730716],[-46.34368705803068,-11.41453933710233],[-46.34379386955398,-11.41484832758076],[-46.34412765556446,-11.41513824457303],[-46.34449386650165,-11.41503334039815],[-46.34473609977778,-11.41477584833277],[-46.34506416374246,-11.41382789606229],[-46.3454990392304,-11.41325759882115],[-46.3462123876185,-11.41271972650691],[-46.34722137504442,-11.41223335260552],[-46.34809494071746,-11.41252326959771],[-46.34881401115133,-11.41310501093088],[-46.35026550345967,-11.41333770746422],[-46.35173606925423,-11.41470146173682],[-46.35192871146597,-11.41509628290376],[-46.35214424186121,-11.41628265375333],[-46.35246086173389,-11.41678047174656],[-46.35275840812033,-11.41684722894883],[-46.35411834769442,-11.41654968256217],[-46.35464286856799,-11.41656494135135],[-46.35761642508395,-11.41753005975975],[-46.35833358816927,-11.41794013971587],[-46.35865020804193,-11.41860961908607],[-46.35861969046381,-11.419555664008],[-46.35822296194846,-11.42034912103904],[-46.35690498404426,-11.4215564727236],[-46.35676574759409,-11.42198753351447],[-46.35683822684206,-11.4222450255799],[-46.35725784354087,-11.42250061029678],[-46.35821914725104,-11.42261695856351],[-46.36007118277183,-11.42308998102469],[-46.360509872957,-11.42341613764091],[-46.36121559195044,-11.4246845244818],[-46.36194992117346,-11.42507743830025],[-46.36238670400996,-11.42504119867622],[-46.36351776174834,-11.42451858515093],[-46.36461830190859,-11.42448043817836],[-46.36517334036028,-11.42432785028786],[-46.36717796377171,-11.42335319513665],[-46.36783790639822,-11.42286872858399],[-46.36808013967439,-11.42219734186519],[-46.36779403737993,-11.42008781427738],[-46.36821174673016,-11.41989517206546],[-46.36927795461502,-11.42018318170907],[-46.36976623586462,-11.41993904108415],[-46.36945915273517,-11.41787719721203],[-46.36954307607489,-11.41748046869635],[-46.36980438283748,-11.41713523859393],[-46.37022209218773,-11.41704750055681],[-46.37064170888654,-11.41714859003442],[-46.37190246633178,-11.41781425470744],[-46.37347412160396,-11.41773796076219],[-46.37438201955239,-11.41788864130426],[-46.37475013783814,-11.41828155512263],[-46.37489509633407,-11.41926193231997],[-46.37449073842401,-11.42220497126037],[-46.37454032948832,-11.42292594904345],[-46.37473487904869,-11.42352676386291],[-46.3751029973345,-11.42395400995668],[-46.37538337758323,-11.42409133905821],[-46.37585449269515,-11.42408943170973],[-46.3780345921807,-11.42330360407318],[-46.37854194691668,-11.42343902582623],[-46.37880706837634,-11.42426490778423],[-46.3788833623215,-11.42546844477147],[-46.37912750294628,-11.42568969721288],[-46.37961578419593,-11.42553329462498],[-46.38001442005989,-11.42494583124626],[-46.38041496327245,-11.42461776728132],[-46.38090324452209,-11.42447662348261],[-46.38174057057122,-11.42450714106083],[-46.3839626317265,-11.42539215082659],[-46.38453865101321,-11.42528724665198],[-46.38518524219916,-11.42547225946931],[-46.38534355213554,-11.42572975153466],[-46.3853645329705,-11.42614173883958],[-46.38512229969427,-11.42672920221827],[-46.38510704090511,-11.42715835566085],[-46.38544273426421,-11.42794799799482],[-46.38608932545016,-11.42864990229155],[-46.38624000599188,-11.43088531488932],[-46.38655471851602,-11.43112564081715],[-46.38737487842744,-11.43103599543137],[-46.3876037602632,-11.43130874628593],[-46.38804817249416,-11.43283843988948],[-46.38838005115596,-11.43283653254083],[-46.38860511829451,-11.432680129953],[-46.38959693958279,-11.43169593805849],[-46.38998985340103,-11.43009376520708],[-46.39056205799043,-11.42905807489946],[-46.39076995899126,-11.428972244211],[-46.39103317310237,-11.42902183527552],[-46.39108467151542,-11.42914199823947],[-46.39130020191072,-11.43029403681365],[-46.39161491443487,-11.43041229242883],[-46.39283561755891,-11.42984008783919],[-46.39403915454518,-11.42976570124261],[-46.39470100452025,-11.4293308257544],[-46.39505004931981,-11.42927741999267],[-46.39573288012984,-11.42958450312249],[-46.39643287707744,-11.43018341059339],[-46.39803886462505,-11.4300098418679],[-46.39861679126032,-11.43045425409939],[-46.39926910449207,-11.43172454828887],[-46.40003967333912,-11.43208122248332],[-46.40117836047189,-11.43317794794727],[-46.40177536059348,-11.43355369562798],[-46.40212249804437,-11.43337821955389],[-46.40255546618375,-11.43256950373347],[-46.40286827135935,-11.43223953242002],[-46.40340995837055,-11.43218612665837],[-46.40480995226594,-11.43297195429521],[-46.40550804186494,-11.43310546869967],[-46.40697288561387,-11.43249511713724],[-46.40797996569125,-11.43132209772822],[-46.40893936205283,-11.43121337885618],[-46.41044235277427,-11.4316730498767],[-46.41193199205528,-11.43295669550682],[-46.41336631822596,-11.43338012690329],[-46.41371727037408,-11.43382453913491],[-46.41370391893365,-11.43439292902747],[-46.41335678148271,-11.43510055537023],[-46.41335868883127,-11.43546104426178],[-46.41364288377736,-11.43613052363195],[-46.4143085484496,-11.43686676020425],[-46.41513061570964,-11.43705368037039],[-46.4155330662709,-11.43729209894955],[-46.41663360643101,-11.4392471312983],[-46.41750907945275,-11.43972396845657],[-46.41882515000825,-11.44123077387654],[-46.41913986253239,-11.44136810297802],[-46.41940307664358,-11.44133186335409],[-46.41966247605745,-11.44103813166473],[-46.41998672532493,-11.43924713129842],[-46.42012405442641,-11.43890190119596],[-46.42036819505128,-11.43871307368142],[-46.42082214402549,-11.43882942194796],[-46.42160987901025,-11.43937683100566],[-46.42225837754478,-11.44004440302722],[-46.42340278672349,-11.44170761103509],[-46.42398071335877,-11.44199752802726],[-46.42431068467202,-11.44166946406255],[-46.4247951512245,-11.44056510920417],[-46.42519378708837,-11.44021987910167],[-46.42573356675113,-11.43999290461447],[-46.42716407822464,-11.43976402277863],[-46.42757797287766,-11.43935775751983],[-46.42741584824406,-11.43875503535185],[-46.42567443894382,-11.43619918818377],[-46.4256019596959,-11.43568420405287],[-46.42575836228364,-11.43530464167507],[-46.42638397263476,-11.43464851374538],[-46.42639923142382,-11.43432235712904],[-46.42618751572584,-11.43399620051291],[-46.42525672959372,-11.43326187128924],[-46.42490196274842,-11.43219757075207],[-46.4247093205366,-11.43200874323749],[-46.42411613511237,-11.43182182307137],[-46.42390441941424,-11.43165016169428],[-46.42390441941426,-11.43146133417962],[-46.42420005845208,-11.43116950983885],[-46.42649841355299,-11.42986679072294],[-46.42808723496297,-11.42991065974154],[-46.42869758652503,-11.42970085139202],[-46.42880058335105,-11.42952919001519],[-46.42876243637849,-11.42880630488328],[-46.42842674301947,-11.42793083186076],[-46.42798614548566,-11.42724609370151],[-46.42798423813713,-11.42681503291055],[-46.42850494431345,-11.42614173884337],[-46.42853927658881,-11.42581558222689],[-46.42832756089079,-11.42542076105996],[-46.42794036911867,-11.42507934565476],[-46.42668151902198,-11.42432785029314],[-46.42594337510174,-11.42367744440946],[-46.4255199437056,-11.42257881159677],[-46.42531204270494,-11.4208259582032],[-46.42504882859385,-11.4202594756593],[-46.4243488316462,-11.41990089411631],[-46.42263603257528,-11.41982460017087],[-46.42239189195048,-11.41960144038079],[-46.42254447984094,-11.41910171503909],[-46.42304801987974,-11.4184284209716],[-46.42313385056821,-11.41787719721668],[-46.42279815720909,-11.41741561884771],[-46.42206382798604,-11.41709136957997],[-46.42162513780091,-11.41668128962373],[-46.42176246690236,-11.41600799555649],[-46.42175483750796,-11.41490936274399],[-46.42223930406037,-11.41378784174803],[-46.42228698777622,-11.41320419306637],[-46.42211151170216,-11.41280937189934],[-46.42163848924158,-11.41241455073236],[-46.41973495530748,-11.41218376154761],[-46.41946983384773,-11.41189193720673],[-46.4193630223245,-11.41134262080039],[-46.41948318528844,-11.40909194941368],[-46.41893959092848,-11.40862846369593],[-46.41842651414678,-11.40737533564413],[-46.41819953965964,-11.40730857844194],[-46.4177989964471,-11.40741348261674],[-46.41738128709678,-11.40772438044386],[-46.41630554246861,-11.40912437434028],[-46.41527938890494,-11.40978240961849],[-46.41458129930582,-11.40995788569261],[-46.41389083910128,-11.41039848322676],[-46.41354179430176,-11.41038322443775],[-46.41345405626471,-11.41014289850999],[-46.41310310411657,-11.40998840327065],[-46.41270446825262,-11.41019821162008],[-46.41199302721303,-11.41116523737694],[-46.41164398241349,-11.41137313837795],[-46.41143417406406,-11.41127014155174],[-46.41136360216478,-11.41099548334864],[-46.41151809740384,-11.41063308710839],[-46.41207313585568,-11.40987396235252],[-46.41221046495715,-11.40939140314852],[-46.41215515184685,-11.40896224970601],[-46.41101646471407,-11.40791893000387],[-46.40951156664391,-11.40746116633178],[-46.40951156664403,-11.40720176691775],[-46.40970230150712,-11.40701293940314],[-46.41123580980672,-11.40647125239159],[-46.4115524296796,-11.40616035456449],[-46.41177558946942,-11.4055919646719],[-46.41177177477221,-11.40483474726461],[-46.41161346483591,-11.40438842768465],[-46.41157341051466,-11.40340805048734],[-46.41135978746802,-11.4027042388419],[-46.41125106859611,-11.40162086481826],[-46.41065025377736,-11.40028190607804],[-46.41035270739091,-11.3999729155996],[-46.4083805089061,-11.40022277827021],[-46.40787696886751,-11.40069007868532],[-46.40761566210494,-11.40077781672235],[-46.40625190783356,-11.40009880060886],[-46.40530967760977,-11.40010452265477],[-46.40476799059847,-11.39993476862632],[-46.40398216296237,-11.40011024470053],[-46.40386009265001,-11.39986991877278],[-46.40383720446647,-11.39897537226399],[-46.40350341845606,-11.39828872675618],[-46.40117454577732,-11.39714813227343],[-46.40026474048021,-11.39649772638966],[-46.39919853259534,-11.39643478388463],[-46.39843177844551,-11.39679908747349],[-46.39817047168304,-11.39679908747347],[-46.39762687732318,-11.39644241327908],[-46.39696311999946,-11.39634132380136],[-46.39666748096162,-11.39648056025166],[-46.39612960864753,-11.39703369135516],[-46.39590263416049,-11.39703559870373],[-46.39557075549862,-11.39663124079353],[-46.39537620593828,-11.39597702021247],[-46.39506149341411,-11.39584159845943],[-46.39366722156461,-11.39627838129628],[-46.39347457935285,-11.39620971674543],[-46.39313888599383,-11.39542007441152],[-46.39282226612106,-11.39513015741923],[-46.39245605518386,-11.39506149286846],[-46.39216041614597,-11.39520263666723],[-46.39167404224504,-11.39579010004611],[-46.39144706775787,-11.39587593073447],[-46.39090347339801,-11.39524269098835],[-46.39065742542459,-11.39513969416234],[-46.39020538379896,-11.39510726923547],[-46.38917541553809,-11.39542198175982],[-46.38919067432714,-11.39521598810745],[-46.38995742847691,-11.39478301996786],[-46.39016532947773,-11.39448738092983],[-46.38993644764211,-11.39368057245808],[-46.39002037098182,-11.39340591425502],[-46.39115905811467,-11.3938980102024],[-46.39196205188848,-11.3940849303684],[-46.39351654102297,-11.39406013483635],[-46.39409065296105,-11.39388465876215],[-46.39475250293604,-11.39355468744867],[-46.39544487048925,-11.39229583735118],[-46.39609146167532,-11.39222335810322],[-46.39694786121067,-11.3925113677468],[-46.39724350024851,-11.3925113677468],[-46.3974876408734,-11.39235496515903],[-46.39762115527764,-11.39125061030062],[-46.39784812976474,-11.39100837702415],[-46.3985118870885,-11.39119529719032],[-46.40005302478246,-11.39249610895794],[-46.40357399035571,-11.39462852472989],[-46.40453338671721,-11.39457321161945],[-46.40476036120432,-11.39441680903159],[-46.40534973193152,-11.39351844782559],[-46.40551757861105,-11.39257240290377],[-46.40684318590989,-11.39220428461772],[-46.40694809008461,-11.39198112482776],[-46.40684127856129,-11.39158439631215],[-46.4066486363496,-11.39141464228379],[-46.40430259753319,-11.39001464838707],[-46.40289688159206,-11.38813209528639],[-46.40142250110014,-11.38665962214178],[-46.39947700549639,-11.38518905634568],[-46.39818763782171,-11.38323593134555],[-46.39762687732416,-11.38284301752714],[-46.39655876209068,-11.38241767878196],[-46.39639854480575,-11.38188552851334],[-46.39649772693456,-11.38073348993919],[-46.39637374927362,-11.38028526301054],[-46.39612960864883,-11.38008117670671],[-46.39497375537832,-11.37970733637468],[-46.39463996936787,-11.37924385065677],[-46.39434814502736,-11.37833595270756],[-46.39415359546699,-11.3781642913306],[-46.39287757923266,-11.37784385676017],[-46.39131927540103,-11.37659454340544],[-46.39089584400502,-11.37556648249241],[-46.39047241260889,-11.374965667673],[-46.38986015369832,-11.37488174433317],[-46.38960075428436,-11.37500381464562],[-46.38873100330842,-11.37597084040236],[-46.38800048878264,-11.37652587885453],[-46.38740730335829,-11.37666511530448],[-46.38594245960947,-11.37663841242361],[-46.3850517277987,-11.37685012812176],[-46.38494682362399,-11.37657356256998],[-46.38511657765226,-11.37566184992347],[-46.38477897694462,-11.37464714045085],[-46.38460350087058,-11.37346839899575],[-46.38421821644705,-11.37345314020661],[-46.38326072743417,-11.37409400934716],[-46.3829994206717,-11.37409591669574],[-46.38273620656056,-11.3738727569058],[-46.38247299244951,-11.37335777277482],[-46.3821926122007,-11.37318801874652],[-46.38137435963785,-11.37379264826314],[-46.38081550648889,-11.37376213068481],[-46.37825584462597,-11.371656417794],[-46.37767982533936,-11.37126541132425],[-46.37736511281522,-11.37119674677333],[-46.37708663991508,-11.3713016509482],[-46.37689399770332,-11.37154388422457],[-46.37656593373863,-11.37224960321864],[-46.37536430410095,-11.37285804743245],[-46.37449646047362,-11.37373924250068],[-46.37415695241717,-11.37534904474666],[-46.37433433583981,-11.37607002252998],[-46.37428283742673,-11.3762950896687],[-46.37407493642596,-11.37629508966857],[-46.37373924306684,-11.37569618219791],[-46.37303924611927,-11.37533760065487],[-46.37277603200822,-11.37501144403861],[-46.37277412465954,-11.37465095514697],[-46.3732414250743,-11.37389183039117],[-46.37323951772567,-11.3736667632525],[-46.37260437063164,-11.3720531463091],[-46.37209701589566,-11.3717117309037],[-46.37173080495858,-11.37171363825251],[-46.37106895498354,-11.37197685236366],[-46.37085914663402,-11.37194252008832],[-46.37078857473473,-11.37178802484914],[-46.3708877568636,-11.37067031855012],[-46.37219238332741,-11.36982154840871],[-46.3724861150167,-11.3688564300005],[-46.37249755910851,-11.36794471735397],[-46.37233924917221,-11.36763572687545],[-46.37170982412395,-11.36724281305705],[-46.37057495168835,-11.36719703668975],[-46.36947631887675,-11.36749458307645],[-46.36750412039201,-11.36765670771015],[-46.3671550755925,-11.36778068537116],[-46.36595726065213,-11.36883544916491],[-46.36545372061335,-11.36964607233388],[-46.36512184195155,-11.36976814264628],[-46.36494827322616,-11.36961364740705],[-46.36464691214242,-11.36878967279763],[-46.36394691519482,-11.36843109125452],[-46.3634529118994,-11.367504119819],[-46.36228370718852,-11.36700439447715],[-46.36130905203793,-11.36728477472597],[-46.3606967931273,-11.36723518366155],[-46.35983657889474,-11.36613845819747],[-46.35943412833362,-11.36598587030695],[-46.35892868094627,-11.3660392760686],[-46.35708427481979,-11.36769866937899],[-46.35644722037684,-11.36930274957915],[-46.35569763236476,-11.3696842193056],[-46.35175705009274,-11.36982727045259],[-46.34852409416291,-11.36908340448549],[-46.34562492424362,-11.36870193475869],[-46.34429931694493,-11.3692073821463],[-46.34379386955765,-11.36927795404572],[-46.34361839348363,-11.36898612970476],[-46.34419059807306,-11.36819267267376],[-46.34432792717455,-11.36774444574497],[-46.3442573552752,-11.3674697875418],[-46.3425388341586,-11.36603164667246],[-46.34179115349529,-11.36488533014409],[-46.34185791069748,-11.36443710321542],[-46.3428974157016,-11.36253929132585],[-46.34287834221532,-11.3621273040212],[-46.34254074150768,-11.36114692682392],[-46.34265899712287,-11.36006355280046],[-46.34257125908586,-11.35977172845963],[-46.34181594902799,-11.35907173151141],[-46.34169387871564,-11.35872840875742],[-46.34170150811039,-11.35654258722415],[-46.34150695855004,-11.35613250726818],[-46.34064674431745,-11.35522270197026],[-46.33957481438693,-11.35349082941156],[-46.33957099968961,-11.3528461455737],[-46.33983039910348,-11.35232925409422],[-46.34005737359063,-11.3522243499194],[-46.34080696160267,-11.35223770135991],[-46.34122657830149,-11.35240936273684],[-46.34208488518542,-11.35310935968519],[-46.34278488213305,-11.353313445989],[-46.34338188225456,-11.35392951959742],[-46.34457016045176,-11.35420036310347],[-46.344785690847,-11.35538673395296],[-46.34508323723346,-11.35560798639446],[-46.3460769658703,-11.3554840087334],[-46.34752845817856,-11.35593986505683],[-46.34768486076632,-11.35563087457828],[-46.34768104606911,-11.35480499262032],[-46.34795761162072,-11.35458946222485],[-46.34945869499336,-11.35499572748376],[-46.35070037895223,-11.35511016840184],[-46.35143470817521,-11.35553741449568],[-46.35201454215905,-11.35622215265494],[-46.35252761894075,-11.35780334467151],[-46.35282516532714,-11.35812759393917],[-46.35327911430141,-11.35785102838742],[-46.35385131889081,-11.35712432855831],[-46.3551425939141,-11.3571186065126],[-46.35557937675066,-11.35703086847552],[-46.35624122672569,-11.35666656488679],[-46.35665702872739,-11.35618400568275],[-46.35718917899563,-11.35430526727946],[-46.35746765189577,-11.35383987421297],[-46.35776329093365,-11.35370063776282],[-46.35900116019528,-11.35359191889076],[-46.35931587271944,-11.35374641413019],[-46.35937118582975,-11.35402107233339],[-46.35893821769029,-11.35496902460369],[-46.35906410269988,-11.35577583307548],[-46.35938072257268,-11.35601615900327],[-46.36062049918293,-11.3564624785834],[-46.36084938101865,-11.35680580133744],[-46.36102867178984,-11.35787010187448],[-46.36129188590098,-11.35824775690382],[-46.36232185416185,-11.35820960993131],[-46.36305809073342,-11.35887718195283],[-46.36353111319393,-11.35899543756808],[-46.36401748709496,-11.35859680170392],[-46.36444854788569,-11.35739135736794],[-46.36488342337355,-11.35725021356918],[-46.36511230520934,-11.35742187494617],[-46.3654117589444,-11.35803985590324],[-46.36607551626806,-11.35802078241701],[-46.36631965689279,-11.35813903803222],[-46.36681175283961,-11.35877227777839],[-46.36701965384039,-11.35882377619137],[-46.36731529287823,-11.35846137995125],[-46.36752128653059,-11.35763359064469],[-46.36806297354178,-11.35751152033205],[-46.36842918447893,-11.35764694208519],[-46.36876297048944,-11.35804176325207],[-46.36938285879434,-11.36006927484881],[-46.36971855215347,-11.36075592035674],[-46.36996269277822,-11.36091041559608],[-46.37026023916467,-11.36076927179716],[-46.37034606985312,-11.36052894586955],[-46.37044143728475,-11.35872268671426],[-46.3707847600386,-11.35736083979038],[-46.37133979849027,-11.35685920710017],[-46.37311744741462,-11.35646629328178],[-46.37331008962637,-11.35630989069395],[-46.37351608327859,-11.3557758330768],[-46.37382888845409,-11.35561943048893],[-46.37489318899035,-11.35547637934161],[-46.37613487294924,-11.35577964777435],[-46.37730217031158,-11.35556983942479],[-46.37802314809412,-11.35656356806255],[-46.37948989919149,-11.35672950739378],[-46.37987518361503,-11.35688209528438],[-46.38055992177357,-11.35763549799452],[-46.38141822865759,-11.35807800287729],[-46.38157463124539,-11.3580093383265],[-46.38174438527367,-11.35692405695452],[-46.38189888051279,-11.35675239557749],[-46.38327789357314,-11.35650444025553],[-46.38500022938727,-11.35523605341468],[-46.38580322316105,-11.35533523554375],[-46.38715171864327,-11.35639572138364],[-46.38757133534213,-11.35646247858574],[-46.38767623951688,-11.35634231562202],[-46.38775444081087,-11.35474205011906],[-46.38825607350099,-11.35367202753608],[-46.38858604481423,-11.35330963129596],[-46.38952636768943,-11.3529090880831],[-46.39046859791328,-11.35280227655973],[-46.39165496876188,-11.35289955134017],[-46.39302063038188,-11.35346031183829],[-46.39422798206538,-11.35429763788824],[-46.39459610035121,-11.35440063471445],[-46.3949260716644,-11.35432815546643],[-46.39485549976516,-11.35384750361094],[-46.39441490223138,-11.35283470148684],[-46.39479064991187,-11.35126686091063],[-46.39467811634267,-11.35037803644788],[-46.39490318348116,-11.34997940058359],[-46.3957729344571,-11.34935569758077],[-46.39661026050626,-11.34916305536884],[-46.39723777820585,-11.34924697870892],[-46.3986053471744,-11.35015106196082],[-46.39914703418572,-11.35026931757628],[-46.40010643054728,-11.35021400446584],[-46.40127754260682,-11.35060310358722],[-46.40180206348049,-11.35053253168774],[-46.40190506030658,-11.3503437041731],[-46.40176200915926,-11.34991264338212],[-46.40098953296364,-11.34893608088206],[-46.40079689075198,-11.34847259516433],[-46.4008979802294,-11.34793853754714],[-46.40143394519492,-11.34693908686346],[-46.40145111133262,-11.34659385676095],[-46.40096855212898,-11.34510231013009],[-46.40072441150421,-11.34494972223936],[-46.39916992236969,-11.34490394587212],[-46.39860916187215,-11.3445796966045],[-46.39817047168703,-11.34399795527146],[-46.39787292530053,-11.34386062616976],[-46.39639091541397,-11.34417915339141],[-46.3955860142916,-11.34399223322531],[-46.39518356373046,-11.34356498713138],[-46.39530181934573,-11.34246253962182],[-46.39498519947286,-11.34230995173109],[-46.39379692127562,-11.34217643732671],[-46.3928356175655,-11.34177017206785],[-46.39116287281591,-11.34138870234112],[-46.39019966175719,-11.34053421015345],[-46.38916587879916,-11.33984947199424],[-46.388902664688,-11.33936882013886],[-46.38898277333064,-11.3380451201876],[-46.38934516957063,-11.33713150019263],[-46.38930702259807,-11.33670043940153],[-46.38894081166082,-11.33670234675002],[-46.38831520130977,-11.33703231806357],[-46.38733673146193,-11.33700180048523],[-46.38638305714645,-11.3354587554412],[-46.3859977727229,-11.33530616755064],[-46.38482856801196,-11.33524322504567],[-46.3845653539009,-11.33491706842952],[-46.38435173085429,-11.33433341974766],[-46.38393211415539,-11.33388710016767],[-46.38346099904347,-11.33376884455229],[-46.38326835683174,-11.33385658258953],[-46.38264846852653,-11.33552741999176],[-46.38181114247725,-11.33585929865384],[-46.38090324452887,-11.33565711969849],[-46.37824630788572,-11.33413505548939],[-46.37745857290103,-11.33343505854107],[-46.37664794973287,-11.33209609980078],[-46.37584114126196,-11.33129119867768],[-46.37547111562753,-11.33063888544523],[-46.37564277700441,-11.32989883417569],[-46.37626648000689,-11.32894897455659],[-46.37614250234589,-11.32874298090421],[-46.3750438695343,-11.32878303522552],[-46.37429428152213,-11.32916450495191],[-46.37321281484824,-11.32932472223702],[-46.37267303518562,-11.32961845392638],[-46.37220192007368,-11.32962226862367],[-46.37171173147549,-11.32926368708061],[-46.37153625540147,-11.32893562311575],[-46.37141227774048,-11.32792282099174],[-46.37116432241846,-11.3272018432085],[-46.37074470571966,-11.32694625849164],[-46.36968040518347,-11.32696723932662],[-46.3689975743735,-11.32678222650914],[-46.36862945608768,-11.32635307306663],[-46.36825752310471,-11.32530593866721],[-46.36715316824729,-11.32414054865254],[-46.36671638541078,-11.32407379145021],[-46.3663539891708,-11.32505607599612],[-46.36598968558221,-11.3256435393751],[-46.36555481009426,-11.32593727106448],[-46.36477088980685,-11.32607841486319],[-46.36386108450976,-11.32572174066888],[-46.36277580313863,-11.32495307916964],[-46.3614311223537,-11.32468223566371],[-46.36011695914682,-11.32367324823672],[-46.3586502080495,-11.32342720026304],[-46.35810852103827,-11.32315444940846],[-46.3573532109804,-11.32209014887117],[-46.35675811820749,-11.32202529901769],[-46.35555648856978,-11.3227176665713],[-46.35491180473247,-11.32292747492086],[-46.35468483024536,-11.32286071771871],[-46.35258483940259,-11.32149314874875],[-46.35232162529147,-11.32118606561881],[-46.35224723869496,-11.32023811334823],[-46.3519115453359,-11.31972503656618],[-46.3508129125243,-11.31978034967626],[-46.3496608739511,-11.31947708124359],[-46.34937858635377,-11.31920242304048],[-46.34920311027972,-11.31870460504731],[-46.34942436272104,-11.31775665277688],[-46.3493537908217,-11.31741333002275],[-46.34913063103181,-11.31721115106773],[-46.34747123772276,-11.31692504877268],[-46.3465747838663,-11.31558799738105],[-46.34514617974146,-11.3161621093194],[-46.34460449273015,-11.31618118280565],[-46.34369659478181,-11.31594467157508],[-46.34262847954845,-11.31533050531531],[-46.34122657830468,-11.31389045709738],[-46.33931922967356,-11.31291961664305],[-46.33905410821389,-11.31237030023677],[-46.33885955865358,-11.31094551080811],[-46.33854484612949,-11.31075668329343],[-46.33762168939202,-11.31122589105697],[-46.33695793206834,-11.31122779840548],[-46.33671188409499,-11.31086921686239],[-46.33658599908544,-11.30995750421606],[-46.33644485528672,-11.30975151056366],[-46.33576202447682,-11.30941009515827],[-46.33547973687951,-11.30851745599807],[-46.3341865545076,-11.30810928339055],[-46.33385086114859,-11.30738830560729],[-46.33401680047963,-11.30561637872752],[-46.33400726373652,-11.30523872369818],[-46.33385086114882,-11.30494689935743],[-46.33346557672527,-11.30493164056827],[-46.33245468195076,-11.30533218378109],[-46.33165168817701,-11.30543899530437],[-46.33121490534054,-11.30511474603682],[-46.33096695001861,-11.30439186090498],[-46.33077430780691,-11.30420494073888],[-46.33007621820799,-11.30394935602212],[-46.32976341303238,-11.30422592157368],[-46.32957267816925,-11.30467414850246],[-46.32917213495664,-11.30483055109032],[-46.32880020197372,-11.30362892145152],[-46.32785606440131,-11.30358123773569],[-46.32740211542718,-11.30310058588022],[-46.32701683100366,-11.30289649957649],[-46.32600402888058,-11.30288314813593],[-46.32570648249413,-11.30271339410749],[-46.32570457514556,-11.30231666559189],[-46.32624244745966,-11.3017482756994],[-46.32632827814798,-11.30136871332144],[-46.32623863276237,-11.30102348321896],[-46.32597732599993,-11.3008365630529],[-46.32512092646458,-11.30068588251081],[-46.32489204462883,-11.30051422113379],[-46.32473373469253,-11.30005073541607],[-46.32470130976581,-11.29931259149511],[-46.3243694311041,-11.29908943170506],[-46.3233394628432,-11.2991294860262],[-46.32302475031911,-11.29902648920011],[-46.32262229975805,-11.29866790765717],[-46.32272148188688,-11.29751396173424],[-46.32229995783953,-11.2968120574373],[-46.32246780451915,-11.29546737665117],[-46.32230758723421,-11.29491806024499],[-46.32120895442274,-11.29516410821844],[-46.31988334712409,-11.29520416253965],[-46.31801223811706,-11.29435348504914],[-46.31762695369356,-11.29430198663623],[-46.3171577459303,-11.2944774627103],[-46.31681251582798,-11.29533767694367],[-46.31637573299143,-11.29563331598168],[-46.31604576167831,-11.29566955560567],[-46.31578445491586,-11.2955493926419],[-46.3152751928314,-11.29505348199724],[-46.31492424068328,-11.29493522638185],[-46.31393241939506,-11.29521369928215],[-46.31358337459562,-11.29552459710928],[-46.31311798152954,-11.29647254937986],[-46.31245803890315,-11.29697227472152],[-46.31209182796596,-11.29697418207009],[-46.31093788204424,-11.29663658136195],[-46.30818176327224,-11.2970275878315],[-46.30772781429815,-11.296993255556],[-46.30727386532391,-11.29684066766534],[-46.30702781735052,-11.29660224908615],[-46.3065891271655,-11.29584693902751],[-46.30625724850373,-11.29577827447666],[-46.30562973080409,-11.29597091668857],[-46.30545425472995,-11.29585075372467],[-46.3051509862978,-11.29426956170808],[-46.30521583615136,-11.29335784906168],[-46.30480003414984,-11.29232978814849],[-46.30492019711363,-11.29172706598054],[-46.30530166683982,-11.29131317132726],[-46.30535316525303,-11.29103660577555],[-46.30514144955496,-11.29079627984779],[-46.30455017147928,-11.29097175592196],[-46.30392456112828,-11.29173088067761],[-46.30359458981508,-11.29193878167861],[-46.30322837887794,-11.29194068902723],[-46.30257988034337,-11.29163360589729],[-46.30228424130551,-11.29163551324593],[-46.30209350644244,-11.29199790948604],[-46.3022537237274,-11.29258155816766],[-46.30225753842457,-11.29330444329957],[-46.30192565976277,-11.29340934747445],[-46.30157661496334,-11.29325485223514],[-46.30129432736598,-11.29265403741569],[-46.30052185117045,-11.2918663024303],[-46.29997825681077,-11.29105949395855],[-46.29969787656191,-11.29109573358249],[-46.29938507138638,-11.29135513299655],[-46.29917907773429,-11.29180335992514],[-46.29891777097179,-11.29204559320165],[-46.29783821164651,-11.29258346551594],[-46.29755783139777,-11.29260253900229],[-46.29731369077305,-11.2924652099007],[-46.2970485693134,-11.29195022576981],[-46.29638290464121,-11.29126548761056],[-46.29618644773223,-11.29021644586246],[-46.29588890134586,-11.28990936273268],[-46.29322624265677,-11.29156875604279],[-46.29265022337023,-11.29174232476835],[-46.29228401243309,-11.29150390618912],[-46.29220962583658,-11.29055786126735],[-46.29208564817561,-11.29038619989028],[-46.29184341489943,-11.29038810723902],[-46.29132080137448,-11.29088973992947],[-46.29105949461211,-11.29088973992936],[-46.29091835081335,-11.29075241082771],[-46.2908630377031,-11.29015159600841],[-46.29110527097937,-11.28973770135506],[-46.29110336363066,-11.28904914849871],[-46.29012870848023,-11.28943061822507],[-46.28967285215744,-11.28922653192141],[-46.28893661558593,-11.28850746148667],[-46.28764724791133,-11.28909873956267],[-46.28691864073421,-11.29004669183311],[-46.28656959593471,-11.29010009759487],[-46.28586959898723,-11.28948402398642],[-46.28520584166364,-11.2894020079951],[-46.28445434630299,-11.28909492486523],[-46.28424263060498,-11.28888893121274],[-46.28397750914537,-11.28787612908868],[-46.28340148985884,-11.28763771050952],[-46.28318977416086,-11.28736305230642],[-46.28329277098695,-11.2869663237907],[-46.28423690855942,-11.28567314141789],[-46.28357124388722,-11.28538513177429],[-46.28350067198792,-11.28505706780945],[-46.28363800108935,-11.28462600701842],[-46.2829017645179,-11.28390693658378],[-46.28175163329335,-11.28392982476739],[-46.28115654052061,-11.28363990777486],[-46.28082275451013,-11.28336524957196],[-46.28040123046273,-11.28260993951323],[-46.27966499389122,-11.28204536431775],[-46.27938270629394,-11.28123855584612],[-46.27944755614755,-11.28015518182267],[-46.27926254333032,-11.27988243096823],[-46.27763938964539,-11.27966690057252],[-46.27610015930027,-11.2787265776963],[-46.27445602478042,-11.27816581719813],[-46.27400016845771,-11.2778415679305],[-46.27342224182254,-11.27696609490804],[-46.2731590277115,-11.27676010125558],[-46.27284431518739,-11.27665901177809],[-46.2721805578638,-11.27674674981508],[-46.27176094116506,-11.27657699578669],[-46.27052116455489,-11.27644538873085],[-46.26989173950676,-11.27615547173858],[-46.26973342957036,-11.27584648126022],[-46.26978492798344,-11.27550125115754],[-46.27028656067351,-11.27474212640183],[-46.26999473633301,-11.27409362786661],[-46.27002525391121,-11.27304267876993],[-46.26977920593774,-11.27282142632845],[-46.26930809082599,-11.27289199822788],[-46.26899337830186,-11.27265167230022],[-46.26870727600738,-11.27124214166043],[-46.26825141968462,-11.27065849297875],[-46.26802444519755,-11.27054023736342],[-46.26757049622339,-11.27055931084977],[-46.26691055359697,-11.27128410333026],[-46.26602172913499,-11.27154731744142],[-46.26569175782177,-11.27190971368159],[-46.26515197815917,-11.27215194695792],[-46.26489067139677,-11.27198028558098],[-46.26459121766182,-11.27146530145006],[-46.26371574464019,-11.27107429498025],[-46.26369857850255,-11.2708511351902],[-46.26406097474246,-11.27022933953595],[-46.26386833253078,-11.26969718926735],[-46.26060485902325,-11.26979827874451],[-46.25874328675945,-11.27032852166416],[-46.258445740373,-11.27027702325119],[-46.25781440797626,-11.26979827874411],[-46.25758552614061,-11.26930046075096],[-46.2574787146173,-11.26864624017001],[-46.25766372743465,-11.26745986932042],[-46.25754165712225,-11.26706314080475],[-46.25596618715323,-11.26609039300176],[-46.25589561525393,-11.26583099358775],[-46.25601577821762,-11.2654533385584],[-46.25688743654203,-11.26508712762125],[-46.25771141115072,-11.26408767693757],[-46.2584266668873,-11.26413726800204],[-46.25917816224788,-11.26454734795819],[-46.25958061280893,-11.26454544060972],[-46.25975418153438,-11.2644233702972],[-46.25939941468914,-11.26318740838308],[-46.25960731568992,-11.26263427727951],[-46.25995445314081,-11.26228904717711],[-46.2606868750151,-11.26221656792915],[-46.26096725526379,-11.26237106316842],[-46.26165199342223,-11.26319503777789],[-46.26268196168295,-11.26329231255828],[-46.26328849854766,-11.26241302483858],[-46.26470184388318,-11.26235580437974],[-46.26548576417059,-11.26190567010254],[-46.26675987305596,-11.26184654229512],[-46.26715660157136,-11.26086616509786],[-46.26769638123392,-11.26072502129894],[-46.26856803955825,-11.26076316827172],[-46.26916122498249,-11.26057052605993],[-46.2693328863593,-11.26026153558147],[-46.2692451483223,-11.2598133086527],[-46.26805305542808,-11.25887298577671],[-46.2682094580158,-11.25854492181169],[-46.26929092468954,-11.25838661187546],[-46.2696361547918,-11.257713317808],[-46.26995086731593,-11.25762557977103],[-46.27047538818945,-11.25777816766166],[-46.27222633423259,-11.25919914239323],[-46.27287101806982,-11.25914382928289],[-46.27337074341126,-11.25780105584557],[-46.27394485534924,-11.25733375543056],[-46.27434349121311,-11.25679779046483],[-46.27437400879135,-11.25574874871674],[-46.27449607910375,-11.25536918633875],[-46.27508544983076,-11.25490188592386],[-46.27565193237424,-11.25416183465431],[-46.27610397399975,-11.25388526910269],[-46.27652359069855,-11.25393486016726],[-46.27729225219683,-11.25444793694939],[-46.27787017883199,-11.25449562066524],[-46.2782688146959,-11.25409889214981],[-46.27866554321122,-11.25315093987933],[-46.27901458801066,-11.25297737115378],[-46.2795906072972,-11.25323295587068],[-46.28008270324396,-11.25391960137855],[-46.28044891418106,-11.25402069085598],[-46.28069305480588,-11.25388145440596],[-46.28124809325752,-11.25283050530925],[-46.28183746398456,-11.25212287896652],[-46.28283119262134,-11.25179100030457],[-46.28393173278145,-11.25221633904978],[-46.28475570738989,-11.25321006768758],[-46.28512382567569,-11.25336456292687],[-46.28545379698885,-11.25313949578839],[-46.28597259581658,-11.25208663934307],[-46.28721237242671,-11.25215148919666],[-46.28792572081468,-11.2518501281127],[-46.28865051329463,-11.25014495843502],[-46.28915596068192,-11.24978065484627],[-46.28964424193145,-11.24995040887465],[-46.2898197180054,-11.25020790094005],[-46.2901554113644,-11.25096511834728],[-46.29056549131996,-11.25295829766859],[-46.2908630377063,-11.25319671624768],[-46.29119491636816,-11.25316047662376],[-46.29176902830618,-11.25272941583272],[-46.2924823766941,-11.25241661065714],[-46.29286575376898,-11.25246620172153],[-46.29367256223979,-11.25332260125786],[-46.29395294248861,-11.25332260125781],[-46.2942657476641,-11.25300979608199],[-46.29455184995892,-11.25091171258603],[-46.29486465513443,-11.25070190423647],[-46.29505729734611,-11.25073623651188],[-46.2955303198066,-11.2512149810187],[-46.29645538389265,-11.25122833245921],[-46.29664802610429,-11.25136566156082],[-46.29712295591341,-11.25224113458327],[-46.29716301023458,-11.2531356810921],[-46.29734993040039,-11.25346374505696],[-46.29752540647444,-11.25353240960792],[-46.29792594968697,-11.25335884088226],[-46.29861831724009,-11.25234031671242],[-46.29888153135123,-11.25223731988635],[-46.29950904905073,-11.25244140619012],[-46.30085945188145,-11.25360488885603],[-46.30141639768172,-11.25354957574594],[-46.30174636899496,-11.25308418267957],[-46.30187988339917,-11.25189781182992],[-46.3023662573002,-11.25141334527726],[-46.30267715512704,-11.25065422052131],[-46.30314636289041,-11.24994659417858],[-46.30321502744112,-11.24977493280168],[-46.30309104978014,-11.24953460687402],[-46.30022621213638,-11.24856567376829],[-46.30001449643838,-11.2483100890514],[-46.30018043576928,-11.24755287164429],[-46.29995155393363,-11.24727821344103],[-46.29970741330885,-11.2471923827526],[-46.29906272947153,-11.24726486200045],[-46.29858970701104,-11.24714660638514],[-46.29832840024868,-11.24694061273284],[-46.29839706479942,-11.24664878839207],[-46.2986927038372,-11.24642372125335],[-46.29877853452567,-11.24607849115094],[-46.2984275823776,-11.24577140802104],[-46.2980442053027,-11.24587631219582],[-46.2977466589163,-11.24575614923182],[-46.29769516050325,-11.24563598626798],[-46.29793548643084,-11.24518775933937],[-46.29783058225613,-11.24503326410008],[-46.29646682798495,-11.24450683587719],[-46.29525947630162,-11.24382400506657],[-46.2942237859951,-11.24251937860158],[-46.29366493284621,-11.24216079705855],[-46.29231071531832,-11.24165534967076],[-46.29183769285781,-11.24126243585241],[-46.29173088133449,-11.24072837823511],[-46.29226493895135,-11.23945236199978],[-46.29249191343843,-11.23931312554986],[-46.29310226500033,-11.23924255365029],[-46.29369545042457,-11.23948097222951],[-46.29460907041877,-11.24045753472963],[-46.29536056577931,-11.24102210992497],[-46.29593849241451,-11.24124336236651],[-46.29640960752631,-11.24124145501777],[-46.29673957883959,-11.24103355401697],[-46.2968273168766,-11.24082756036464],[-46.29702949583154,-11.23969078057949],[-46.29729080259408,-11.23958587640467],[-46.29818153440466,-11.24005699151708],[-46.29860115110348,-11.24003791803079],[-46.29936409055598,-11.2392425536509],[-46.3003215795688,-11.23851585382199],[-46.30078697263491,-11.23746490472542],[-46.30118942319601,-11.23746490472548],[-46.30164527951878,-11.23782348626844],[-46.30226135312648,-11.23905944818248],[-46.30392074643547,-11.2396202086808],[-46.30437660275821,-11.24018478387614],[-46.30514526425645,-11.2403545379046],[-46.30552673398272,-11.23976707452569],[-46.30558967648775,-11.23830413812427],[-46.30591964780093,-11.23799324029713],[-46.30644226132582,-11.23787116998482],[-46.30677604733622,-11.2379894256],[-46.30724906979667,-11.23859024041939],[-46.30737686215479,-11.24082374566841],[-46.3078327184776,-11.24095916742139],[-46.30825042782773,-11.2409057616597],[-46.30846023617722,-11.24107742303667],[-46.30853271542509,-11.2413520812397],[-46.30834388791062,-11.24236869806114],[-46.30846977292018,-11.24300384515579],[-46.30908012448213,-11.24308776849573],[-46.30995178280655,-11.24287605279756],[-46.31042480526699,-11.24306488031224],[-46.31140899716042,-11.24479866021967],[-46.31177711544621,-11.24512290948706],[-46.31200408993337,-11.24508666986315],[-46.31214332638341,-11.24489784234854],[-46.31269455013792,-11.24324417108394],[-46.31305694637783,-11.24262237542967],[-46.31392860470233,-11.24222183221692],[-46.31418800411618,-11.24186134332532],[-46.31464004574175,-11.24158287042492],[-46.31528663692766,-11.24146080011257],[-46.31619072017885,-11.24100875848664],[-46.3165397649783,-11.24098968500034],[-46.31678390560308,-11.2410049437895],[-46.31737899837601,-11.24139976495652],[-46.31759071407401,-11.24191474908748],[-46.31745529232113,-11.24289703363319],[-46.31785774288214,-11.24322128290085],[-46.3180885320665,-11.24406242364798],[-46.31838798580151,-11.2446117400543],[-46.31866455135304,-11.24461364740295],[-46.3194637304295,-11.24385452264719],[-46.3200397497161,-11.24383354181215],[-46.32035446224025,-11.24397087091383],[-46.32109069881176,-11.24472427362381],[-46.32215309199923,-11.24463272088961],[-46.32241821345891,-11.24513053888275],[-46.32257843074391,-11.2458190917393],[-46.32275390681797,-11.24585151666594],[-46.32325744685659,-11.2455749511143],[-46.32342910823345,-11.24471282953229],[-46.32407188472214,-11.24424552911739],[-46.32445526179705,-11.24408912652953],[-46.32475280818344,-11.24412155145621],[-46.3251914983686,-11.24470520013793],[-46.32544136103919,-11.2458744048499],[-46.32542419490143,-11.24632263177856],[-46.32560157832404,-11.24676895135873],[-46.32589912471048,-11.24676704401],[-46.32636833247383,-11.2465057372473],[-46.32682228144799,-11.24678039545057],[-46.32722473200906,-11.24672698968898],[-46.32732772883521,-11.24646759027484],[-46.32735443171618,-11.24454116815566],[-46.32769966181849,-11.24398803705225],[-46.3279285436542,-11.24397087091462],[-46.32847023066545,-11.24455261224773],[-46.32927322443909,-11.24448013299971],[-46.329868317212,-11.24483871454257],[-46.33096122797763,-11.2446193694499],[-46.3312244420887,-11.24468612665222],[-46.33164405878754,-11.24502944940605],[-46.33183670099918,-11.24537277216006],[-46.33161354120932,-11.24590682977723],[-46.33168411310869,-11.24623298639334],[-46.33304786737993,-11.24686431879088],[-46.33317184504082,-11.24725913995814],[-46.33272552546107,-11.24872398370802],[-46.33230781611081,-11.24913787836126],[-46.33117675837247,-11.2498149871258],[-46.33114242609715,-11.25005531305359],[-46.33193588312761,-11.2509765624433],[-46.33225059565166,-11.25107765192083],[-46.33320808466453,-11.25055694574416],[-46.33361053522576,-11.25058937067089],[-46.33383941706143,-11.25086402887415],[-46.33401870783266,-11.25218772882531],[-46.33412361200732,-11.25229072565153],[-46.33557510431563,-11.25273132318591],[-46.33676528986135,-11.25362014764868],[-46.33709907587168,-11.25430870050512],[-46.33769416864463,-11.25459861749759],[-46.33827018793122,-11.25466346735106],[-46.33853530939088,-11.25509262079351],[-46.33866119440049,-11.25586700433832],[-46.33844757135367,-11.25703620905031],[-46.3388862615389,-11.25751495355715],[-46.33902931268612,-11.25827217096451],[-46.34024810846144,-11.25762939447537],[-46.34047508294853,-11.2576637267506],[-46.34103584344604,-11.25819396967067],[-46.3412628179331,-11.25822639459748],[-46.34166336114574,-11.25793266290809],[-46.34225654656997,-11.25799942011016],[-46.34316635186703,-11.25854682916793],[-46.34327316339029,-11.25890541071082],[-46.34324264581213,-11.26005935663377],[-46.34334945733536,-11.2602996825615],[-46.34420394952222,-11.26015853876271],[-46.3445014959086,-11.26038169855289],[-46.34474754388197,-11.26096534723433],[-46.34499359185544,-11.261186599676],[-46.34542846734333,-11.26104736322569],[-46.34591484124429,-11.26058006281082],[-46.34655761773298,-11.25963211054041],[-46.34782791192148,-11.25892066950045],[-46.34818840081276,-11.25790405267916],[-46.34860611016307,-11.25759124750344],[-46.34892082268721,-11.25760841364118],[-46.34965515191016,-11.2581596373961],[-46.35042381340846,-11.25846672052596],[-46.35081100518053,-11.25935935968624],[-46.35119819695265,-11.25976943964228],[-46.35164070183495,-11.26114463800663],[-46.35190200859739,-11.26133346552132],[-46.35234069878252,-11.26140022272348],[-46.35289573723421,-11.26113891596089],[-46.35367775017308,-11.26003456110262],[-46.35404205376169,-11.25980949396398],[-46.35428619438642,-11.25992774957905],[-46.35476303154415,-11.26087188715234],[-46.35589981132831,-11.26145172113682],[-46.35630416923802,-11.26198387140554],[-46.35618782097146,-11.26334381098073],[-46.35627746635706,-11.26372146600995],[-46.3564338689448,-11.26382446283617],[-46.35674858146903,-11.26375389093668],[-46.35742759758165,-11.26333808893488],[-46.35784530693189,-11.26338767999936],[-46.3580741887676,-11.26367950434023],[-46.35810661369433,-11.26436424249934],[-46.35833549552999,-11.26465606684028],[-46.35898208671596,-11.2650146483832],[-46.35919380241394,-11.26558113092716],[-46.3594913488004,-11.26568222040472],[-46.36008453422476,-11.26559448236777],[-46.3604526525105,-11.26598739618625],[-46.36092948966817,-11.26708793634739],[-46.36072349601601,-11.2680854796822],[-46.36076164298852,-11.26851463312464],[-46.36107635551272,-11.26872062677702],[-46.36149406486291,-11.26858139032686],[-46.36208534293867,-11.26814842218725],[-46.36365699821072,-11.2681751250683],[-46.36388588004648,-11.26843261713368],[-46.36406135612025,-11.2707672118604],[-46.36425399833211,-11.27099037165036],[-46.36479377799468,-11.27086830133784],[-46.36573410086987,-11.27021026605965],[-46.36697006278301,-11.26956748957051],[-46.36915206961706,-11.26966094965381],[-46.36970901541741,-11.26931381220258],[-46.3699340825559,-11.26895141596244],[-46.37031745963078,-11.26881217951219],[-46.37054252676921,-11.26886367792537],[-46.37087822012828,-11.26948165888233],[-46.37093544058719,-11.27047920221748],[-46.37076377921034,-11.27116775507379],[-46.36919784598397,-11.27219009394077],[-46.36888504080847,-11.27260398859412],[-46.36883544974403,-11.2730865477983],[-46.37002372794125,-11.27335548395548],[-46.37072563223747,-11.27410888666559],[-46.37170410208516,-11.2744312285846],[-46.3724040990329,-11.27482414240304],[-46.37299728445714,-11.27461624140223],[-46.37341499380738,-11.27426910395099],[-46.37376403860688,-11.27435302729084],[-46.373975754305,-11.27469635004478],[-46.37443161062769,-11.27644729608982],[-46.37480163626212,-11.27703094477134],[-46.37583541922009,-11.27798843378508],[-46.37613105825798,-11.27791786188586],[-46.37669944815023,-11.27604103083127],[-46.3766727452695,-11.27425193781358],[-46.37696647695879,-11.27330780024032],[-46.37741851858446,-11.2728233336877],[-46.37774467520043,-11.27168655390259],[-46.37887382559025,-11.27052879328257],[-46.37924003652745,-11.2705612182094],[-46.37981987051128,-11.27141761774553],[-46.38053512624796,-11.2716045379116],[-46.38081741384534,-11.27189636225239],[-46.3809242253686,-11.27263450617338],[-46.38056182912863,-11.27325630182761],[-46.38057899526632,-11.27349662775524],[-46.38080787710198,-11.27378845209618],[-46.38129806570029,-11.27400970453766],[-46.38164711049974,-11.27395629877596],[-46.38220214895149,-11.27347183222318],[-46.38258743337504,-11.2735557555631],[-46.38285064748609,-11.27395057673022],[-46.38288688711005,-11.274242401071],[-46.38262939504484,-11.27503585810226],[-46.38267517141193,-11.27528953547037],[-46.38297462514699,-11.27575302118811],[-46.3832416539552,-11.27674865717444],[-46.38378143361793,-11.27666091913739],[-46.38411140493111,-11.27629852289728],[-46.3843517308587,-11.27531623835139],[-46.38509750417359,-11.27464103693536],[-46.38518142751349,-11.27362632746282],[-46.38574218801111,-11.27346229548042],[-46.38654518178481,-11.2734928130586],[-46.38680839589586,-11.27393913263872],[-46.38700676015351,-11.27503967279979],[-46.3879184727991,-11.27597999567591],[-46.3887920384722,-11.27616691584203],[-46.3891944890334,-11.27642250055888],[-46.38971900990673,-11.27884292597384],[-46.39005088856863,-11.27890968317614],[-46.39031028798246,-11.27880477900131],[-46.39085006764511,-11.27832031244868],[-46.39137077382154,-11.27766418451897],[-46.39150810292298,-11.27719879145255],[-46.39178657582318,-11.27699089045163],[-46.39335823109528,-11.27727699274671],[-46.39470863392613,-11.27859497065212],[-46.39486885121114,-11.2794036864724],[-46.3947143559719,-11.2801094054666],[-46.39445495655803,-11.28040313715595],[-46.39407157948313,-11.28057670588155],[-46.39295578053383,-11.28087425226808],[-46.39278411915696,-11.28113174433359],[-46.39329147389285,-11.28159523005134],[-46.39341735890253,-11.28186607355729],[-46.39233589222858,-11.2823696135963],[-46.39163970997814,-11.2828025817359],[-46.39139747670191,-11.28309631342525],[-46.39148521473895,-11.2832508086645],[-46.39272499134926,-11.28353691095961],[-46.39291954090962,-11.28369140619878],[-46.39323616078239,-11.28449821467061],[-46.39470100453114,-11.28433609003687],[-46.39517593434032,-11.28488540644317],[-46.39594268849016,-11.28474426264434],[-46.39620590260122,-11.28481101984649],[-46.39621162464701,-11.28610229487103],[-46.39653015186839,-11.28685760492952],[-46.39669036915336,-11.28792381281533],[-46.39709281971454,-11.28792190546679],[-46.39761161854229,-11.28711128229781],[-46.39818763782893,-11.28693580622365],[-46.39859008839009,-11.28722572321578],[-46.39958572437548,-11.28902053827933],[-46.39976120044956,-11.28903579706845],[-46.39998626758804,-11.28884696955393],[-46.40092086841749,-11.28693199152669],[-46.40063285877428,-11.28533363337232],[-46.40078926136207,-11.28500556940748],[-46.40122604419865,-11.28507232660972],[-46.40169715931065,-11.28543090815274],[-46.40196609546749,-11.28661727900237],[-46.40210723926625,-11.28687477106779],[-46.40271949817675,-11.28737068171236],[-46.40289497425088,-11.2873172759507],[-46.40313720752704,-11.28683471674651],[-46.40329361011486,-11.28678321833345],[-46.403572083015,-11.28686714167339],[-46.40387153675007,-11.28745079035511],[-46.40413475086116,-11.28748321528176],[-46.40467453052382,-11.2872581481432],[-46.40537071277427,-11.28718566889526],[-46.40556144763746,-11.28668594355342],[-46.40583992053762,-11.28664970392946],[-46.40601921130889,-11.28745841974978],[-46.40577888538127,-11.28837203974487],[-46.40633773853028,-11.28841972346059],[-46.4065513615769,-11.28910636896845],[-46.40686607410104,-11.28926086420781],[-46.40710830737724,-11.28905296320689],[-46.40710449268001,-11.28826141352421],[-46.40740013171793,-11.28796768183477],[-46.40778350879283,-11.28781127924707],[-46.40896987964149,-11.28782272333892],[-46.4094924931664,-11.28754425043842],[-46.41006851245312,-11.28762817377841],[-46.41066169787736,-11.28832054133219],[-46.41088104296983,-11.29022979731366],[-46.41171836901892,-11.29044914240655],[-46.41187667895532,-11.29063796992117],[-46.411443710816,-11.2912082671623],[-46.41079902697859,-11.29148483271394],[-46.41055679370236,-11.29176330561442],[-46.4105796818859,-11.29282760615154],[-46.40979957629563,-11.29377937311923],[-46.40966033984557,-11.29407119746001],[-46.40969848681815,-11.29436302180082],[-46.41006660510396,-11.29461860651758],[-46.41083526660231,-11.29468345637117],[-46.41137504626502,-11.29464721674725],[-46.41228103686488,-11.29433250422287],[-46.41270065356378,-11.29434776301202],[-46.41287612963784,-11.29474258417904],[-46.41300773669325,-11.2966690062982],[-46.4132537846667,-11.29684066767518],[-46.41354942370453,-11.29677009577576],[-46.41394996691711,-11.29644012446226],[-46.41428184557902,-11.29643821711372],[-46.41440582323996,-11.29683494562942],[-46.41436576891854,-11.29958724970646],[-46.41452598620356,-11.29987907404728],[-46.41485786486538,-11.29991149897416],[-46.41508293200383,-11.29977226252391],[-46.41579437304339,-11.29908180231898],[-46.41647529650485,-11.29900932307095],[-46.41721153307672,-11.29603004450653],[-46.41767883349139,-11.29552841181622],[-46.41841125536591,-11.29523277277812],[-46.41903686571693,-11.2947483062254],[-46.41980361986673,-11.29446792597655],[-46.4201164250423,-11.29412269587387],[-46.42069435167775,-11.29184150690925],[-46.42084884691688,-11.29149818415535],[-46.42104148912868,-11.29134178156736],[-46.4213027958912,-11.29133987421877],[-46.4217414860763,-11.29195785517578],[-46.42240715074861,-11.2924194335451],[-46.42307853746673,-11.29387855524922],[-46.42353248644102,-11.29423713679226],[-46.4236392979643,-11.29449462885776],[-46.42366027879928,-11.29520034785189],[-46.42333602953181,-11.2966804503909],[-46.42365455675314,-11.2972106933107],[-46.42369079637713,-11.29750251765169],[-46.42355346727571,-11.29796791071805],[-46.4229125981355,-11.2987785338868],[-46.42282676744706,-11.29915809626493],[-46.42284584093336,-11.29939842219259],[-46.42301940965886,-11.2995872497072],[-46.42371940660647,-11.299791336011],[-46.42389679002912,-11.30034065241727],[-46.42303085375044,-11.30178833002958],[-46.42277336168514,-11.30258178706071],[-46.42249488878498,-11.30284118647477],[-46.42121315050466,-11.30310058588873],[-46.42070770311735,-11.30361938471679],[-46.4200286870046,-11.30372619624013],[-46.419715881829,-11.30396842951641],[-46.41956138658989,-11.30439949030752],[-46.41956710863565,-11.30553436274402],[-46.41977882433366,-11.30627441401371],[-46.42040824938199,-11.30657958979482],[-46.42053413439168,-11.30694007868647],[-46.41917610216608,-11.30780792231435],[-46.41782569933515,-11.30806922907684],[-46.41728782702101,-11.30851745600557],[-46.41704750109346,-11.30932807917448],[-46.41721725512145,-11.31161499018526],[-46.41803932238148,-11.31212806696743],[-46.41875839281548,-11.31295013422835],[-46.41961288500226,-11.31330490107411],[-46.42012214708677,-11.31402397150862],[-46.42047309923485,-11.31429862971178],[-46.42134666490799,-11.31458663935553],[-46.42212867784696,-11.31389427180188],[-46.42246055650881,-11.31375503535168],[-46.42331504869561,-11.31400871271986],[-46.42420578050643,-11.31385040278346],[-46.4254817967407,-11.31413650507854],[-46.42626571702829,-11.31408119196819],[-46.42727661180285,-11.3136634826177],[-46.42891120957997,-11.31250190730046],[-46.42941856431595,-11.31253433222727],[-46.42975235032637,-11.31292915339423],[-46.42998123216214,-11.31365013117751],[-46.43032646226423,-11.31621170039152],[-46.43094253587206,-11.31732749934158],[-46.43129348802017,-11.31760025019607],[-46.4324283604558,-11.31808853144625],[-46.43471717881342,-11.31859397883421],[-46.4370918278595,-11.31866836543107],[-46.43773841904544,-11.31888961787251],[-46.4385147099383,-11.3204174041274],[-46.43944358872174,-11.32141113276518],[-46.440130234229,-11.32238769526529],[-46.4402389531008,-11.32335090632475],[-46.44006729172388,-11.32498359675445],[-46.44033432053225,-11.32615280146644],[-46.44142150925199,-11.3272476195817],[-46.44207000778668,-11.32769203181326],[-46.44472885177871,-11.32893562312204],[-46.44572448776422,-11.32910346980188],[-46.44607353256385,-11.3290157317647],[-46.44653701828132,-11.32743072505094],[-46.44626426742721,-11.32550430293178],[-46.44659423874042,-11.32497024531467],[-46.4479866032414,-11.32418823237535],[-46.44828033493069,-11.32382583613504],[-46.44847106979384,-11.32320594782938],[-46.44824218795819,-11.32124900813207],[-46.44842910812422,-11.32013130183333],[-46.44887924240119,-11.31926918025138],[-46.44929504440295,-11.31904411311281],[-46.44983863876283,-11.31919479365476],[-46.45108604476766,-11.32070159907477],[-46.45148849532879,-11.32092475886484],[-46.45194053695446,-11.32100868220477],[-46.45267295882889,-11.32083320613057],[-46.4529533390777,-11.32095146174586],[-46.45328903243684,-11.321672439529],[-46.4533271794094,-11.32222366328396],[-46.45296096847181,-11.3280715941921],[-46.45331192061997,-11.32844734187277],[-46.45414924666913,-11.32844352717557],[-46.45456886336798,-11.32861328120383],[-46.45478057906605,-11.32895660395786],[-46.45512962386543,-11.33185958857698],[-46.45565795943626,-11.33287239070102],[-46.45613288924539,-11.33342170710736],[-46.45667457625675,-11.33376121516404],[-46.45733833358042,-11.33377647395312],[-46.45899009749533,-11.33256340022283],[-46.46003532454536,-11.3321456908724],[-46.46043586775799,-11.3322467803498],[-46.4608230595301,-11.3325881957552],[-46.46093177840203,-11.33343124385103],[-46.46081543013545,-11.33453369136061],[-46.46113205000823,-11.3350486754916],[-46.46155166670715,-11.33521842951985],[-46.46198844954372,-11.33518218989583],[-46.46334648176929,-11.3347263335728],[-46.46418571516711,-11.33480834956415],[-46.46453666731525,-11.3352890014195],[-46.46473312422425,-11.33652496333352],[-46.46549034163084,-11.33801841731318],[-46.46559906050277,-11.33884239192254],[-46.46605873152288,-11.33977127070676],[-46.46615028425709,-11.34087181086783],[-46.46650314375383,-11.34141921992556],[-46.46681785627797,-11.34159088130242],[-46.46756935163881,-11.34170722956931],[-46.46864891096415,-11.34154701228415],[-46.46929359480166,-11.34116554255759],[-46.47016143842895,-11.33992195124907],[-46.47059631391696,-11.33971405024815],[-46.47075462385339,-11.33984947200112],[-46.47104072614798,-11.34127616877852],[-46.47149276777353,-11.34235000605863],[-46.47212410017048,-11.34306907649335],[-46.47238731428164,-11.34320449824635],[-46.47259712263112,-11.34313583369559],[-46.47402000471028,-11.34156227107359],[-46.47502708478773,-11.34074974055621],[-46.47566986127656,-11.33986854548783],[-46.47603225751659,-11.33905792231884],[-46.47611808820516,-11.33854675288533],[-46.47588157697494,-11.33645057673783],[-46.47617149396695,-11.33527946467728],[-46.47662544294116,-11.33541488643021],[-46.47759246869732,-11.33682060237278],[-46.47801399274481,-11.33704185481419],[-46.4785537724075,-11.33690261836391],[-46.47898864789556,-11.33655548091287],[-46.47973442121048,-11.33558845515605],[-46.48030853314858,-11.33548164363268],[-46.48039817853414,-11.33582496638666],[-46.47927093549286,-11.33734512324686],[-46.47873878522467,-11.33901596064925],[-46.47839164777368,-11.33929443354953],[-46.47717094464949,-11.33967781062462],[-46.4767551426478,-11.34000778193805],[-46.47665214582172,-11.34050750727981],[-46.47709655805279,-11.34161949153285],[-46.47786712689985,-11.34202957148886],[-46.47820091291028,-11.34252738948219],[-46.47809982343281,-11.34325027461405],[-46.47758293195363,-11.34449195857392],[-46.47777938886259,-11.34524726863241],[-46.47828865094716,-11.34567451472622],[-46.47951126141989,-11.34599494929666],[-46.47998428388051,-11.34625053401349],[-46.48051071210275,-11.34676551814446],[-46.48123359723402,-11.34721374507313],[-46.48151207013424,-11.34716033931146],[-46.48168563885971,-11.34697151179685],[-46.48223495526566,-11.34531593318371],[-46.48242378278025,-11.3442840575733],[-46.48294448895659,-11.34409141536137],[-46.48415184064037,-11.34444808955585],[-46.48495292706551,-11.34430503840838],[-46.48587226910598,-11.34313011165076],[-46.48756790203959,-11.3394813537162],[-46.48786354107746,-11.33925628657775],[-46.48830032391415,-11.33922004695362],[-46.48866653485132,-11.33932113643119],[-46.48898315472414,-11.33959579463435],[-46.4892120365598,-11.34014511104065],[-46.48919677777082,-11.34059143062065],[-46.48904037518302,-11.34088516231012],[-46.48831176800569,-11.34138679500054],[-46.48817253155558,-11.34171485896542],[-46.48820877117959,-11.34200668330608],[-46.48871994061278,-11.34272766108938],[-46.48935508770694,-11.34413528438035],[-46.4895496372673,-11.3444099425835],[-46.49017715496707,-11.34457778926342],[-46.4909286503279,-11.34452247615305],[-46.49225235027816,-11.3440856933162],[-46.49284553570251,-11.34410095210537],[-46.4932136539884,-11.34435653682213],[-46.49346160931043,-11.34500885005457],[-46.4937095646324,-11.34691429133882],[-46.49416732830392,-11.34787559504983],[-46.49446487469039,-11.34804534907815],[-46.49519729656495,-11.34780120845309],[-46.4973335270323,-11.34548568721297],[-46.49802970928285,-11.34534454341441],[-46.49867630046888,-11.34556388850715],[-46.49911689800272,-11.3461132049134],[-46.49973297161063,-11.34740066524053],[-46.5009269718539,-11.34808349605125],[-46.50161743205845,-11.34891128535786],[-46.50213813823477,-11.35039138789709],[-46.50192832988518,-11.3523464202456],[-46.50244522136423,-11.35303115840477],[-46.50384140056247,-11.35389137263844],[-46.50402641337966,-11.35425186153001],[-46.50396919292059,-11.35528182979171],[-46.50408363383849,-11.35565948482087],[-46.50433158916064,-11.3559074401432],[-46.50471305888684,-11.35591506953776],[-46.505214691577,-11.35556411738945],[-46.50614929240655,-11.3534088134344],[-46.5071353916491,-11.35289764400091],[-46.50805282634089,-11.35296630855184],[-46.50953483622751,-11.35370063777553],[-46.50978851359547,-11.35368919368374],[-46.5105819706262,-11.35320472713107],[-46.51087570231545,-11.35324096675521],[-46.51124382060129,-11.35363578792208],[-46.51139259379451,-11.35403251643786],[-46.51147270243698,-11.35540771480205],[-46.51129913371135,-11.35714340205789],[-46.51163482707045,-11.35811805720913],[-46.51211357157693,-11.35876655574423],[-46.51248168986285,-11.35898208613994],[-46.51314163248929,-11.35915946956286],[-46.51372718851921,-11.35894012447017],[-46.51445579569649,-11.35788726802492],[-46.5148525242119,-11.35690879817625],[-46.51550674479258,-11.355819702107],[-46.51609039347384,-11.35527420039807],[-46.51638412516312,-11.35516548152608],[-46.51729965250624,-11.35523223872826],[-46.51803588907803,-11.35573577876732],[-46.51851654093308,-11.35652732844991],[-46.51910972635736,-11.35804367061307],[-46.51933097879864,-11.35833168025662],[-46.51995658914976,-11.35869026179977],[-46.52061462442758,-11.35850715633105],[-46.5215282444222,-11.35785102840152],[-46.52232742349889,-11.35654449458788],[-46.52283668558354,-11.35596275325499],[-46.52349472086143,-11.35563468929011],[-46.52389907877136,-11.35566902156563],[-46.52445030252575,-11.35588264461258],[-46.52522277872161,-11.35663795467113],[-46.52562713663139,-11.35681724544275],[-46.5272388462251,-11.35648345943204],[-46.52808189432027,-11.35665893550633],[-46.52852249185407,-11.35694694514987],[-46.52944564859166,-11.35809898372412],[-46.53000068704342,-11.35925292964708],[-46.53062820474315,-11.35990142818229],[-46.53104019204751,-11.36056900020376],[-46.53127479592919,-11.36067962642461],[-46.53157043496705,-11.36056518550661],[-46.53177642861932,-11.36022949214722],[-46.53186988870226,-11.35920715327996],[-46.53233528176851,-11.3570709228112],[-46.53251647988854,-11.35670852657115],[-46.53321075479041,-11.35627174373419],[-46.53387069741695,-11.35655784602914],[-46.53431510964811,-11.35713386531631],[-46.53469085732841,-11.35894012447163],[-46.53503418008189,-11.36154174800686],[-46.53547859231301,-11.3625164031583],[-46.53573799172686,-11.36280441280179],[-46.53606796304009,-11.36294555660068],[-46.5364322666288,-11.3626556396084],[-46.53679657021744,-11.36207389827555],[-46.53824615517763,-11.35913848872982],[-46.5386466983903,-11.3586292266447],[-46.53912162819954,-11.35830116267998],[-46.54025840798389,-11.35829544063407],[-46.54125022927231,-11.35872459407654],[-46.54154396096158,-11.35894012447203],[-46.54279899636106,-11.36070442195754],[-46.54357147255681,-11.36109924312454],[-46.54500007668188,-11.36120033260229],[-46.54573249855636,-11.36094284053692],[-46.5471572879842,-11.36003112789045],[-46.54781341591357,-11.3594131469335],[-46.54868698158688,-11.3582515716162],[-46.54930686989212,-11.35781478877932],[-46.54970932045335,-11.3577404021827],[-46.55069923439321,-11.357879638633],[-46.55220603981211,-11.35870361324245],[-46.55286979713591,-11.35920524593293],[-46.55349731483562,-11.35999870296417],[-46.55518913307176,-11.36121940608935],[-46.55603790321272,-11.36248016353549],[-46.55740928687873,-11.36529350276924],[-46.5584793094609,-11.36637306209543],[-46.55961799659399,-11.36687278743731],[-46.5621509555767,-11.36761856075293],[-46.56273841895519,-11.36794090267183],[-46.56321907081038,-11.36862564083108],[-46.56358718909627,-11.36884117122653],[-46.56417274512617,-11.36890983577741],[-46.56461143531146,-11.36876296993264],[-46.56483078040412,-11.36843681331652],[-46.56490135230347,-11.3680381774523],[-46.56463432349517,-11.36615943904897],[-46.56503295935917,-11.36539840694447],[-46.56502723731333,-11.36469650264755],[-46.56370544471174,-11.3638134002305],[-46.56326103248058,-11.36305618282321],[-46.56266784705619,-11.36154174800873],[-46.56306457557169,-11.360454559288],[-46.56346702613298,-11.36023521419541],[-46.56405258216292,-11.3601951598741],[-46.56513595618566,-11.36064910884885],[-46.56543159522347,-11.3605461120226],[-46.56544113196673,-11.35994720455192],[-46.56425285376939,-11.35661506649024],[-46.56410026587895,-11.35563850399023],[-46.56435585059565,-11.3552398681261],[-46.56464767493625,-11.35509300228137],[-46.56490325965283,-11.35512733455686],[-46.56678009070625,-11.35623931880985],[-46.56868743933786,-11.35684394832653],[-46.56978225745241,-11.35742187496235],[-46.57010459937116,-11.35740661617333],[-46.57031059302338,-11.35721588131009],[-46.57028198279395,-11.35668182369288],[-46.56985473670049,-11.35560798641251],[-46.56900787390812,-11.354925155602],[-46.56647491492529,-11.35421562191034],[-46.56434440650387,-11.35310554500594],[-46.56374740638235,-11.35140991207124],[-46.56297493018651,-11.35090827938085],[-46.56224060096344,-11.35062217708595],[-46.56000328101854,-11.35023689266194],[-46.55901336707873,-11.35024070735923],[-46.55811119117603,-11.35048103328683],[-46.55717849769515,-11.35028266902892],[-46.55632400550827,-11.34975242610902],[-46.55642318763716,-11.34881210323297],[-46.55612373390206,-11.34850692745172],[-46.55577468910245,-11.34836959835011],[-46.55394744911331,-11.34864044185593],[-46.55284881630149,-11.34864616390175],[-46.55218887367499,-11.34850502010275],[-46.55156326332396,-11.34803771968768],[-46.55056762733824,-11.34677886958998],[-46.54942512550802,-11.34566307063958],[-46.54597091713633,-11.34405326839343],[-46.54508781471999,-11.34333610530739],[-46.54501342812333,-11.34293746944313],[-46.54512023964676,-11.34250259395476],[-46.54563140908002,-11.34217452998996],[-46.54636383095448,-11.34213447566879],[-46.54816246071407,-11.34259605403814],[-46.55010414162101,-11.34258651729503],[-46.55124473610272,-11.34326744075692],[-46.55234527626308,-11.34369468685091],[-46.55472946205257,-11.3438625335307],[-46.55583000221296,-11.34432792659709],[-46.55660057106012,-11.3445034026715],[-46.55736923255865,-11.34428405757878],[-46.55784034767071,-11.34337615962952],[-46.55735778846699,-11.34214973445871],[-46.55665969886789,-11.34182739253973],[-46.55555915870744,-11.34168815608923],[-46.55526351966961,-11.34103965755409],[-46.55551338234037,-11.33988189693411],[-46.55631065406845,-11.33810424800832],[-46.55637931861925,-11.33723640438044],[-46.5562286380774,-11.3368034362407],[-46.55600738563618,-11.3366832732769],[-46.5554599765789,-11.33684349056192],[-46.55421829261967,-11.33742904659221],[-46.55352020302056,-11.33725166316931],[-46.55326080360673,-11.33667373653356],[-46.55358505287408,-11.33558845516149],[-46.5548229221361,-11.33417129512744],[-46.55550956764357,-11.33232307430224],[-46.55645370521624,-11.33142280574762],[-46.55682754554812,-11.33061981197328],[-46.5567722324378,-11.33004760738346],[-46.55651474037252,-11.32999801631891],[-46.55451583900651,-11.33160591121633],[-46.55195617714284,-11.33277511592804],[-46.55089569130375,-11.33296203609394],[-46.55019569435596,-11.33249664302755],[-46.54975128212483,-11.33159446712408],[-46.54978561440029,-11.33105087276373],[-46.55003929176833,-11.3305435180275],[-46.55131530800291,-11.32927131648948],[-46.55182266273894,-11.32840156551299],[-46.55267334022876,-11.3257350921244],[-46.55255699196226,-11.32505989070829],[-46.55227279701617,-11.32488250728545],[-46.55182266273915,-11.32502555843295],[-46.55104255714873,-11.32623481746594],[-46.55009651222747,-11.32739830013194],[-46.54951095619745,-11.32783508296885],[-46.54885292091963,-11.32805442806164],[-46.54852294960637,-11.32802009578619],[-46.54797172585177,-11.32769775386727],[-46.54775047341055,-11.32733726497559],[-46.5476379398413,-11.32704925533205],[-46.54770851174077,-11.32497024532229],[-46.547536850364,-11.32432174678707],[-46.54718780556446,-11.32415771480462],[-46.54659462014002,-11.32426261897945],[-46.54588890114629,-11.32519531246081],[-46.54513168373956,-11.32593727107882],[-46.54469299355427,-11.32599067684062],[-46.54404640236817,-11.32579040523407],[-46.54364585915557,-11.32584190364714],[-46.54265403786698,-11.32692909236765],[-46.54225158730583,-11.32711219783655],[-46.54174041787253,-11.3271160125336],[-46.54122543374201,-11.32679367061465],[-46.53945732156061,-11.32531929012139],[-46.53923606911941,-11.3249588012299],[-46.5392322544222,-11.32416343684999],[-46.53977775613089,-11.32336425777278],[-46.54164123574395,-11.3224506377779],[-46.54200553933265,-11.32208824153769],[-46.54240608254527,-11.32143402095665],[-46.54247665444464,-11.32103729244098],[-46.54236412087539,-11.32063865657683],[-46.54144477883509,-11.31999397273882],[-46.53971862832361,-11.31938743587337],[-46.53916740456904,-11.31892013545834],[-46.53901672402721,-11.31816101070248],[-46.53926658669797,-11.31707572933043],[-46.53907966653211,-11.31642532344663],[-46.53801155129859,-11.31512832637631],[-46.53639030496183,-11.31358146663495],[-46.53558158914208,-11.31304359432035],[-46.53253746072618,-11.31244468684954],[-46.53212928811906,-11.31139755245006],[-46.53222084085351,-11.31093406673233],[-46.53274345437847,-11.31025886531637],[-46.53281974832378,-11.30990409847072],[-46.53270149270868,-11.30954742427629],[-46.5319919590178,-11.30951309200085],[-46.5301246647074,-11.31031227107788],[-46.52964592020091,-11.31021308894886],[-46.52948951761309,-11.31003570552604],[-46.52949905435632,-11.30941200252315],[-46.52926445047474,-11.30876350398792],[-46.5276985172482,-11.30821228023297],[-46.5265674595099,-11.3060760497642],[-46.52483940164981,-11.30488967891446],[-46.52472686808055,-11.30445671077465],[-46.52494430582457,-11.30409431453447],[-46.52571105997444,-11.30358505244968],[-46.52611160318704,-11.3028945922446],[-46.52687644998841,-11.30231285091153],[-46.52709579508112,-11.30198669429538],[-46.52723884622844,-11.30133438106294],[-46.52711105387017,-11.30020141597524],[-46.52732849161423,-11.29986953731317],[-46.52762603800069,-11.29988098140488],[-46.52858924905959,-11.30053138728872],[-46.53083038370157,-11.3014602660731],[-46.53156280557608,-11.3016014098719],[-46.53218650857868,-11.30152511592677],[-46.53218460123,-11.30116462703506],[-46.53148269693372,-11.30022811885634],[-46.53089141885797,-11.29907417293352],[-46.5308361057477,-11.29820632930551],[-46.53046035806732,-11.29776191707399],[-46.53045845071876,-11.29744529720102],[-46.53062439004962,-11.29720306392464],[-46.53092193643622,-11.29714965816297],[-46.5311279300884,-11.29726219173216],[-46.53159713785163,-11.29804801936902],[-46.5325508121675,-11.29790306087296],[-46.53287506143486,-11.29801750179094],[-46.53308296243569,-11.29820632930556],[-46.53337097207896,-11.29908370967676],[-46.53376007119975,-11.29919624324611],[-46.53419685403645,-11.29904174800696],[-46.5349693302323,-11.29823875423249],[-46.53623580972364,-11.29814147945236],[-46.53681945840485,-11.29774093623948],[-46.53659820596361,-11.29741668697194],[-46.53545761148197,-11.29677200313389],[-46.5347595218829,-11.29615974422281],[-46.53446388284502,-11.29583549495519],[-46.53398323098999,-11.29489898677644],[-46.53346633951088,-11.29432296748929],[-46.53148078958553,-11.29285049434461],[-46.53129577676823,-11.29259872432504],[-46.53121948282296,-11.29216384883669],[-46.53125381509838,-11.29151344295287],[-46.53292846719699,-11.28969573970607],[-46.53437614480838,-11.28898620601488],[-46.53592681924587,-11.28902053829025],[-46.5361957554029,-11.28875160213292],[-46.53610420266862,-11.28843498226002],[-46.53517150918781,-11.28783988948643],[-46.53478431741564,-11.2872276305752],[-46.53324127237277,-11.28643989558979],[-46.53290939371094,-11.28597259517477],[-46.53268623392111,-11.2852134704189],[-46.53216743509345,-11.28420448299209],[-46.53109931985978,-11.2830886840418],[-46.52845573465655,-11.28208923335808],[-46.52646827738263,-11.28039932246917],[-46.52529144327698,-11.27971839900732],[-46.52235603373313,-11.27872085567216],[-46.5215473179134,-11.27807426448553],[-46.52139663737157,-11.27760505672178],[-46.52143096964691,-11.27702713008609],[-46.52262687723906,-11.27466964717599],[-46.52283287089139,-11.27362632747391],[-46.52195358317221,-11.27321243282051],[-46.5206680301947,-11.27142524715148],[-46.52033805888146,-11.27124595637994],[-46.51956939738292,-11.27121353145322],[-46.51854133647053,-11.27089309688282],[-46.51725387614442,-11.26985168452911],[-46.51706886332713,-11.2694549560135],[-46.51702499430874,-11.26840591426547],[-46.51683998149147,-11.26775550838153],[-46.51628685038837,-11.2670345305983],[-46.51588249247854,-11.26685714717552],[-46.51562500041332,-11.26689338679957],[-46.51474762004279,-11.26722335811298],[-46.51416397136151,-11.26762390132579],[-46.51354217570759,-11.26766395564706],[-46.51302719157716,-11.26745033260004],[-46.5126590732913,-11.26712608333249],[-46.51181030315036,-11.2659740447583],[-46.51089096111001,-11.26532745357162],[-46.51070594829277,-11.26500320430412],[-46.51059150737498,-11.26388168330801],[-46.51025581401587,-11.26276206966043],[-46.50759697002377,-11.25897979732153],[-46.50703620952634,-11.2566318511544],[-46.50549316448355,-11.2557353972969],[-46.50475502056314,-11.25465393062209],[-46.50402069134008,-11.254295349079],[-46.50259017986647,-11.25419425960134],[-46.50123024029227,-11.25358581538727],[-46.49983024639681,-11.25363159175443],[-46.49893379254002,-11.25394058223292],[-46.49834632916151,-11.25386619563618],[-46.49804306072912,-11.25339317317509],[-46.49779701275571,-11.25170516963523],[-46.49744224591031,-11.2512245177797],[-46.49673080487082,-11.25109672542114],[-46.49523925824101,-11.25119590754992],[-46.4947147373674,-11.25096893306267],[-46.49426078839305,-11.25048065181252],[-46.49321365399449,-11.24978446956147],[-46.49306106610403,-11.24938201900007],[-46.49325180096719,-11.24909400935658],[-46.49392318768546,-11.24858283992291],[-46.49406623883284,-11.24808311458122],[-46.49370002789564,-11.24755668635852],[-46.49230384869748,-11.24665641780377],[-46.49213218732071,-11.24638366694912],[-46.49212837262341,-11.24553298945899],[-46.49183654828291,-11.24517059321862],[-46.49119758649134,-11.24511718745689],[-46.49061584515876,-11.24537086482497],[-46.48900222821647,-11.24659919734449],[-46.48842239423246,-11.24680328364815],[-46.48774147077111,-11.24665260310613],[-46.4870719914015,-11.24575424190005],[-46.486665726143,-11.24570083613828],[-46.4863929752887,-11.24590492244194],[-46.48615074201245,-11.24672889705128],[-46.48571395917573,-11.24753189082564],[-46.48552894635853,-11.24775695796426],[-46.48523330732064,-11.24782943721233],[-46.48438072248243,-11.24744606013699],[-46.48387718244366,-11.24774932856976],[-46.48349380536874,-11.24772071834012],[-46.48285675092598,-11.24727439876006],[-46.48138237043386,-11.24715232844748],[-46.48063278242167,-11.24678230281255],[-46.47967529340875,-11.24739646907231],[-46.47821044965968,-11.24728584285144],[-46.47697258039797,-11.2474327086961],[-46.475543976273,-11.24835586543423],[-46.47485923811431,-11.24838638301227],[-46.47401619001925,-11.24766921992632],[-46.47303962751992,-11.24755096431108],[-46.47229576155373,-11.24728965754823],[-46.47207641646114,-11.24715232844662],[-46.47157287642252,-11.24636650081001],[-46.47123146101755,-11.24614715571713],[-46.47036933943605,-11.2462024688274],[-46.46920394942224,-11.2467765807658],[-46.46846771285051,-11.24693870539957],[-46.46821975752849,-11.24652290339747],[-46.46865081831923,-11.24576187129309],[-46.46873283431041,-11.24519920344639],[-46.46838378951086,-11.24502182002358],[-46.4679470066743,-11.24510574336338],[-46.46723938033193,-11.24593353266996],[-46.46650123641163,-11.24652481074593],[-46.46508026168113,-11.24695014949099],[-46.46458625838557,-11.24693870539917],[-46.46431541487996,-11.2468013762976],[-46.46426200911829,-11.24656105036993],[-46.46501922652504,-11.24439430232297],[-46.4649086003045,-11.24396896357795],[-46.46428871199936,-11.24365997309934],[-46.46254539535025,-11.24328994746459],[-46.46115684554667,-11.24258041377289],[-46.46026992843312,-11.24185180659519],[-46.45958328292581,-11.24169158931005],[-46.45926475570443,-11.24136543269366],[-46.45870971725277,-11.2402458190462],[-46.45793914840566,-11.23982048030102],[-46.45535087631293,-11.2393836974639],[-46.45358085678313,-11.23859405512989],[-46.45309448288214,-11.23881721491972],[-46.45228004501645,-11.23954010005166],[-46.45141029404049,-11.24007606501731],[-46.45061874435837,-11.2408599853053],[-46.4495334629872,-11.2413177489771],[-46.44902038620531,-11.24169921870357],[-46.44844818161582,-11.24170684809812],[-46.44738388107957,-11.24069404597402],[-46.44620513962556,-11.24007987971414],[-46.44614219712071,-11.23979949946512],[-46.44647026108528,-11.23893165583724],[-46.44641494797509,-11.2385597228538],[-46.44517135666748,-11.23802757258515],[-46.44479751633578,-11.23712348933307],[-46.44410133408531,-11.23649215693572],[-46.44348907517476,-11.23559379572942],[-46.44178199814979,-11.23421478266783],[-46.44022178696942,-11.23366546626153],[-46.43926620530521,-11.23254394526534],[-46.43891906785427,-11.23254013056805],[-46.43860817002729,-11.23274612422038],[-46.43748092698607,-11.23438262934723],[-46.43709945725982,-11.23472976679839],[-46.43597221421867,-11.23516273493796],[-46.43493080186592,-11.23584365839976],[-46.43423080491822,-11.2358379363539],[-46.43382453965979,-11.23526763911259],[-46.43366050767759,-11.23461341853154],[-46.43374824571453,-11.23430633540156],[-46.43445587205691,-11.23328781123177],[-46.43455123948849,-11.23282814021135],[-46.43447303819459,-11.23252105708135],[-46.43382644700863,-11.2317829131604],[-46.43256950426063,-11.23184585566516],[-46.43194580125822,-11.2316627501964],[-46.43141174364136,-11.23175811762791],[-46.43055915880321,-11.23250007624594],[-46.42978477525878,-11.23349571223234],[-46.42899704027401,-11.23378753657303],[-46.42868042040126,-11.23371124262769],[-46.42851066637309,-11.23322677607501],[-46.42908859300854,-11.23178863520595],[-46.42919158983462,-11.2311477660653],[-46.42909812975173,-11.23052406306231],[-46.42882728624609,-11.23020362849205],[-46.42845344591432,-11.23019409174894],[-46.42794227648112,-11.23055076594316],[-46.42759704637881,-11.23112106318432],[-46.42725563097375,-11.23248291010816],[-46.42701339769751,-11.23278045649478],[-46.42668151903565,-11.23292541499088],[-46.42572212267413,-11.23296546931213],[-46.42490959215714,-11.23283576960493],[-46.42455673266041,-11.23261833186074],[-46.42387008715316,-11.23154067988329],[-46.4233398442337,-11.23129463190963],[-46.4224357609825,-11.23110008234886],[-46.42155838061211,-11.23123741145037],[-46.42129707384958,-11.23112106318378],[-46.42129707384964,-11.23079299921895],[-46.42230606127563,-11.22996902460973],[-46.42246437121212,-11.22953414912138],[-46.42230796862437,-11.22923278803742],[-46.42166709948425,-11.22907638544949],[-46.42151641894237,-11.22892379755874],[-46.4218406682097,-11.22835922236344],[-46.42182922411795,-11.22813987727077],[-46.42127037096903,-11.22742080683607],[-46.42113876391355,-11.22638702387716],[-46.42100715685799,-11.22603034968272],[-46.42061996508593,-11.22560119624043],[-46.42037582446104,-11.22568321223162],[-46.42002868701016,-11.2266178130617],[-46.41920661974996,-11.22747039790038],[-46.41911506701559,-11.2282791137207],[-46.41864776660091,-11.22932624812009],[-46.41825866748007,-11.22959327692871],[-46.41772460986327,-11.2296371459471],[-46.41750907946796,-11.22941780085435],[-46.41734123278845,-11.22887992853999],[-46.41662979174903,-11.22821998591287],[-46.41656112719833,-11.22797584528795],[-46.41750145007358,-11.22710037226541],[-46.41756057788132,-11.22644996638173],[-46.41718673754959,-11.22551345820304],[-46.41683387805282,-11.2255668639646],[-46.4163742070326,-11.22611236567363],[-46.41565513659864,-11.22647476191381],[-46.41551208545123,-11.22674560541963],[-46.41552543689159,-11.22742080683563],[-46.41519355822967,-11.22761726374484],[-46.41372108508636,-11.22782325739698],[-46.41291618396394,-11.22808265681099],[-46.41140937854529,-11.22762870783617],[-46.41107559253484,-11.22734451288997],[-46.41092300464437,-11.2269039153557],[-46.41105079700265,-11.22658157343687],[-46.41169548084005,-11.22618484492131],[-46.41225433398907,-11.22549057001897],[-46.4129734044231,-11.22515487665968],[-46.41330528308493,-11.22479057307096],[-46.41319465686437,-11.22453498835398],[-46.41218757678708,-11.2237701415522],[-46.41201400806167,-11.22327423090762],[-46.41183280994172,-11.22313690180608],[-46.41086196948839,-11.22301673884209],[-46.41021537830243,-11.22248268122489],[-46.4097061162179,-11.22243309016033],[-46.40883445789333,-11.22365188593663],[-46.4088439946364,-11.22410202021391],[-46.40913200427978,-11.22461700434481],[-46.40921211292222,-11.22515487665939],[-46.40884590198493,-11.22540855402746],[-46.40819168140442,-11.22541618342197],[-46.40785408069674,-11.22556114191813],[-46.40735054065807,-11.2254142760733],[-46.40714454700592,-11.22503662104392],[-46.40728378345614,-11.22358703608308],[-46.40716171314382,-11.22182273859765],[-46.40625953724116,-11.22260856623427],[-46.40612220813971,-11.22321891779668],[-46.40594101001975,-11.22336196894421],[-46.40507125904383,-11.22346115107313],[-46.40484046985949,-11.22338485712772],[-46.4040336613885,-11.22267150873902],[-46.40289878895283,-11.22328186030139],[-46.40260696461229,-11.22323608393412],[-46.40242958118961,-11.22304916376815],[-46.402282715345,-11.22278213495954],[-46.40232276966624,-11.22253227228869],[-46.40304184010029,-11.22172546381699],[-46.40268898060361,-11.22076034540891],[-46.40334129383552,-11.22022438044317],[-46.40339279224858,-11.21994209284528],[-46.40256881763997,-11.21869277949076],[-46.40255546619968,-11.21790313715676],[-46.40244483997902,-11.2177238463852],[-46.40220260670287,-11.21773529047714],[-46.40134811451601,-11.21832656855323],[-46.40112114002892,-11.21831893915854],[-46.40079116871569,-11.21798706049657],[-46.40066528370606,-11.21749687189795],[-46.40124702503873,-11.21642303461771],[-46.40114975025855,-11.21576881403654],[-46.40188026478432,-11.21540641779648],[-46.40199852039946,-11.21517181391457],[-46.40176963856375,-11.21486473078478],[-46.40102958729483,-11.21439743036956],[-46.40096092274413,-11.2141475676987],[-46.40106391957023,-11.21395683283536],[-46.40206337025303,-11.21400070185406],[-46.40242385914437,-11.21417236323102],[-46.40305900623847,-11.21488189692242],[-46.40336608936816,-11.21502876276715],[-46.40463638355658,-11.21459007258185],[-46.406480789683,-11.21462821955456],[-46.4066085820413,-11.21455955500383],[-46.40663337757346,-11.21423912043363],[-46.4060192113144,-11.21280860895896],[-46.40614128162675,-11.21245002741594],[-46.40641212513246,-11.21242713923239],[-46.40732765247546,-11.21283340449135],[-46.40799713184498,-11.21291923517975],[-46.40921592762034,-11.21368598933016],[-46.4097099309158,-11.213745117138],[-46.41017723133046,-11.21352195734783],[-46.4103794102855,-11.21222114558036],[-46.41089248706729,-11.21213722224051],[-46.41185188342881,-11.21232223505798],[-46.41289520313003,-11.21329879755812],[-46.41358566333452,-11.21333312983346],[-46.41384506274847,-11.21320724482385],[-46.41375923206009,-11.21293449396935],[-46.41294860889183,-11.21250343317824],[-46.41278648425818,-11.21218109125922],[-46.41396904040954,-11.21166419977994],[-46.41429519702557,-11.21128463740204],[-46.41448402454014,-11.21064949030729],[-46.4147319798622,-11.21052551264615],[-46.41498756457877,-11.21063041682113],[-46.4153633122591,-11.21139335627417],[-46.4159049992703,-11.21178436274394],[-46.41618537951919,-11.21182632441392],[-46.4166736607687,-11.21156692499987],[-46.41725921679862,-11.2115135192381],[-46.41760635424949,-11.2112407683837],[-46.41793823291133,-11.21122741694325],[-46.41839027453693,-11.21141052241206],[-46.41922569323734,-11.21220588679209],[-46.41971778918429,-11.21226501459962],[-46.42018890429621,-11.21192359919442],[-46.4202880864251,-11.21086311335468],[-46.42074585009655,-11.21078872675794],[-46.42145347643883,-11.21107292170436],[-46.42193031359662,-11.21103477473184],[-46.42219924975365,-11.21084213251985],[-46.42231559802016,-11.21022796625999],[-46.4226856236547,-11.21014785761748],[-46.42235565234152,-11.20958137507355],[-46.42280197192126,-11.20963096613796],[-46.42296600390352,-11.2095394134036],[-46.42243385363552,-11.20807838435098],[-46.42191886950513,-11.20764732355987],[-46.42147445727408,-11.20689010615259],[-46.42105102587794,-11.20647621149923],[-46.41987419177247,-11.2057609557618],[-46.41972541857926,-11.20536231989762],[-46.4202537541502,-11.2045116424074],[-46.42026710559072,-11.20384216303723],[-46.42041397143525,-11.20362472529301],[-46.42158699084352,-11.20358276362328],[-46.42248344470027,-11.20334434504429],[-46.42273902941685,-11.20319747919959],[-46.42275619555461,-11.20296287531793],[-46.42235183764473,-11.20249557490268],[-46.42264747668266,-11.20190811152388],[-46.4225368504621,-11.20152282709994],[-46.4220790867906,-11.2014846801273],[-46.42173004199104,-11.20125198359403],[-46.42093658496055,-11.20008087153337],[-46.41983604480026,-11.19983291621112],[-46.4195766453865,-11.19947242731948],[-46.41933631945893,-11.19876861567395],[-46.41940689135839,-11.19840812678233],[-46.42002868701223,-11.19779014582534],[-46.42008209277387,-11.19751739497086],[-46.4196205144052,-11.19703292841802],[-46.41943740893652,-11.19699859614269],[-46.4190731053479,-11.19764900202647],[-46.41830444384953,-11.19783401484369],[-46.41733741809333,-11.19839859003897],[-46.41698837329385,-11.19841957087381],[-46.41643714953944,-11.19820404047844],[-46.41548347522382,-11.19806480402803],[-46.41548156787524,-11.19762992853978],[-46.41621208240108,-11.19708442683087],[-46.41716194201946,-11.19683265681143],[-46.41750717212171,-11.19601631159664],[-46.41750717212174,-11.19587135310056],[-46.41675186206379,-11.19528007502434],[-46.41656684924663,-11.19488334650868],[-46.41703796435859,-11.19401359553211],[-46.41771507312275,-11.19366645808111],[-46.41775131274675,-11.19334220881337],[-46.41754722644327,-11.19299888605946],[-46.41664695788933,-11.19233322138654],[-46.41658592273321,-11.19112396235344],[-46.41643905688861,-11.19101524348128],[-46.41327285816059,-11.19227790827597],[-46.41205024768789,-11.19318771357369],[-46.41159248401634,-11.19335174555605],[-46.41135406543744,-11.19326210017028],[-46.41123962451962,-11.19215393061473],[-46.41094589283051,-11.19215583796318],[-46.41006851246001,-11.19271850580994],[-46.40926361133762,-11.19272232050719],[-46.40861892750022,-11.19227600092687],[-46.4082870488385,-11.19151687617097],[-46.40760421802857,-11.19063377375403],[-46.40678024341983,-11.19083786005758],[-46.40533065846009,-11.19039344782608],[-46.40514564564295,-11.19003105158572],[-46.40512466480801,-11.18947219843637],[-46.40497589161483,-11.18910980219618],[-46.40392303517046,-11.18750762934454],[-46.40366745045392,-11.18750762934444],[-46.4023551945955,-11.18888854975451],[-46.40207862904393,-11.18901634211291],[-46.40167617848277,-11.18901824946154],[-46.40119934132492,-11.18880462641463],[-46.40013694813739,-11.18765258784027],[-46.39975166371388,-11.18749237055515],[-46.39936637929045,-11.18740463251783],[-46.39867019704006,-11.1875514983626],[-46.3979930882759,-11.18789863581364],[-46.39751815846673,-11.18790054316235],[-46.39709472707055,-11.18770408625315],[-46.39653968861899,-11.1865501403302],[-46.3961906438195,-11.18627929682432],[-46.39534759572455,-11.18646430964162],[-46.39474296620839,-11.18644905085251],[-46.39457893422604,-11.18664932245885],[-46.394309998069,-11.18775367731729],[-46.39379501393858,-11.18768310541772],[-46.39287567189838,-11.18682098383573],[-46.39254379323655,-11.18631553644794],[-46.39191627553695,-11.18527030939716],[-46.39180183461918,-11.18451118464127],[-46.3915786748293,-11.18418693537365],[-46.39139556936074,-11.183971404978],[-46.39046096853151,-11.18374061579358],[-46.39051246694456,-11.18321609491947],[-46.39093208364348,-11.18290710444101],[-46.39087486318454,-11.18234634394302],[-46.39036941579735,-11.18159294123293],[-46.3902740483658,-11.1809253692115],[-46.38994026235544,-11.18027496332765],[-46.38894653371862,-11.17944908136944],[-46.38879966787398,-11.17944908136951],[-46.38878250173629,-11.17968559260005],[-46.38911819509534,-11.18062210077868],[-46.38913726858161,-11.18096542353268],[-46.38904571584734,-11.18098449701893],[-46.38858604482719,-11.18067932123772],[-46.38766479543843,-11.1797065734349],[-46.38716888479429,-11.17947578425013],[-46.38634491018564,-11.17940711969948],[-46.38608741812043,-11.17955207819541],[-46.38608932546899,-11.17991256708708],[-46.38623809866215,-11.18020248407935],[-46.38700676016058,-11.18093490595439],[-46.38735771230864,-11.18171119684795],[-46.38831520132145,-11.18253707880608],[-46.38857650808382,-11.18362045282952],[-46.38920593313205,-11.18477439875243],[-46.38898849538804,-11.1852092742406],[-46.38873100332283,-11.18535614008539],[-46.38818168691706,-11.18535804743398],[-46.38739204458371,-11.18509101862535],[-46.38628959707495,-11.18444442743862],[-46.38586998037605,-11.18453788752163],[-46.38535881094288,-11.18519020075405],[-46.38363456778026,-11.18498229975295],[-46.3833827977609,-11.18585014338075],[-46.38248634390418,-11.18608856195981],[-46.38186645559895,-11.18677902216477],[-46.38146400503779,-11.18674468988943],[-46.38138771109259,-11.1863117217498],[-46.38173484854354,-11.18596649164717],[-46.38180351309429,-11.18527984613938],[-46.38196754507655,-11.18511581415697],[-46.38255310110638,-11.18504142756041],[-46.38262748770302,-11.18482398981634],[-46.38245391897763,-11.18336105341485],[-46.38234329275706,-11.18299865717461],[-46.38204765371925,-11.18263816828307],[-46.38206481985694,-11.18243980402525],[-46.38241195730783,-11.18202400202326],[-46.38241004995923,-11.18180656427914],[-46.38202476553573,-11.18161010736995],[-46.38103866629346,-11.18167877192068],[-46.3807640080906,-11.18155288691084],[-46.38021087698754,-11.18097686762374],[-46.37953186087487,-11.18060111994304],[-46.37920188956169,-11.1806030272916],[-46.37905693106568,-11.18103790277984],[-46.37935447745206,-11.18197441095854],[-46.37937545828701,-11.18246269220851],[-46.37891960196407,-11.1831703185512],[-46.37865066580701,-11.18427467340971],[-46.37845039420073,-11.18443679804337],[-46.37822914175946,-11.18440246576793],[-46.37743759207757,-11.18359184259911],[-46.37620925955914,-11.18336296076286],[-46.37538147025322,-11.18262672419055],[-46.37466430716791,-11.18232154840933],[-46.37414932303754,-11.1817455291222],[-46.3737945561922,-11.18075370783307],[-46.37357521109967,-11.18061065668558],[-46.372787476115,-11.18066787714455],[-46.3722305303148,-11.17922401422932],[-46.37182617240498,-11.17904663080653],[-46.37112045341139,-11.17954254145091],[-46.36993026786554,-11.17981910700264],[-46.36975097709424,-11.1802883147663],[-46.36988258414966,-11.1811008452839],[-46.36981010490168,-11.18131828302804],[-46.36893272453128,-11.18193817133366],[-46.36862945609879,-11.18283081049367],[-46.3683891301713,-11.1829528808062],[-46.36765480094827,-11.18281173700728],[-46.36693763786309,-11.18239784235391],[-46.36599540763935,-11.18079376215366],[-46.36551857048157,-11.18079566950227],[-46.36440277153232,-11.18125343317399],[-46.36385536247516,-11.18169021601077],[-46.36347007805165,-11.18170928949707],[-46.36337661796875,-11.1812934874952],[-46.36386680656704,-11.18044281000498],[-46.36394691520962,-11.17954063410166],[-46.36458206230385,-11.17854309076682],[-46.36448669487234,-11.17747879022959],[-46.36455726677175,-11.1770801543655],[-46.36481285148837,-11.17671775812504],[-46.36479187065342,-11.17612075800311],[-46.3643493657711,-11.17539978021995],[-46.36421775871562,-11.17484092707053],[-46.36394310051271,-11.17478752130875],[-46.36293983513269,-11.17603874201169],[-46.36195182854164,-11.17615318292967],[-46.36116600090563,-11.17660713190421],[-46.36090850884037,-11.17660903925277],[-46.3601551061311,-11.17601585382787],[-46.35953140312875,-11.175802230781],[-46.35821151787596,-11.17591667169874],[-46.35751342827707,-11.17552185053169],[-46.35650634819975,-11.17561721796331],[-46.35634040886885,-11.17545509332959],[-46.35637474114429,-11.17509269708917],[-46.35717964226667,-11.17465591425249],[-46.35751533562576,-11.17400550836856],[-46.3574790960018,-11.17386054987258],[-46.35722160393657,-11.17375373834913],[-46.35654258782391,-11.17362976068794],[-46.35650444085135,-11.1732330321724],[-46.35798263604054,-11.17205047602],[-46.35821723992228,-11.17112922663045],[-46.35799598748112,-11.17076873773894],[-46.35718917901004,-11.17088127130809],[-46.3567123418523,-11.17081069940872],[-46.35575676018815,-11.17012786859805],[-46.35449600274291,-11.17105484003343],[-46.35407638604411,-11.17118453974055],[-46.35389137322682,-11.17093086237236],[-46.35405159051189,-11.16997146600994],[-46.35370254571243,-11.16988372797272],[-46.35218429620199,-11.17041397089261],[-46.3514690404654,-11.1700553893496],[-46.35079193170127,-11.17061996454484],[-46.35057258660865,-11.17065620416891],[-46.34936142022797,-11.17022895807497],[-46.34879303033586,-11.17017745966185],[-46.34857177789477,-11.16963577265008],[-46.34860611017016,-11.16920280451051],[-46.34884262140044,-11.16889381403203],[-46.34917068536496,-11.1687107085633],[-46.35111236627147,-11.16837692255261],[-46.3511676793818,-11.16821479791888],[-46.35074806268302,-11.1674594878603],[-46.35063552911382,-11.16695404047251],[-46.35110282952861,-11.16485404962781],[-46.35077285821541,-11.1647834777285],[-46.34923553521878,-11.16526031488647],[-46.34824562127917,-11.16515731806023],[-46.34751319940483,-11.16552162164905],[-46.34714698846764,-11.16555976862178],[-46.34667205865845,-11.1655254363461],[-46.34584426935261,-11.16514968866556],[-46.34465408380677,-11.16542625421716],[-46.34397506769414,-11.16522979730789],[-46.34371948297751,-11.16530418390453],[-46.34339141901294,-11.16563034052067],[-46.34306144769979,-11.16563224786931],[-46.34276771601058,-11.16545295709772],[-46.34228706415563,-11.16480445856264],[-46.34228134210974,-11.16357421869441],[-46.34213256891663,-11.16314125055483],[-46.34140014704232,-11.16312599176562],[-46.34139823969372,-11.16276550287403],[-46.3421764379353,-11.16166305536445],[-46.34221077021066,-11.16122817987602],[-46.34204483087974,-11.16103172296691],[-46.34129142817052,-11.16083526605764],[-46.34090614374701,-11.16060256952445],[-46.34086418207716,-11.15944671625294],[-46.34097290094915,-11.15919303888478],[-46.34128379877606,-11.15895652765427],[-46.34139251764808,-11.1585941314141],[-46.34111595209666,-11.1582508086603],[-46.34036445673606,-11.15820121759565],[-46.33988189753239,-11.15690231317663],[-46.33956909235695,-11.15670394891873],[-46.33933067377805,-11.15672302240517],[-46.33900260981341,-11.15730285638944],[-46.33888053950094,-11.15858650201934],[-46.33873558100495,-11.15894889825955],[-46.33762550410151,-11.16030883783468],[-46.33780860957007,-11.16149902338146],[-46.33775520380836,-11.1620235442556],[-46.33701133784205,-11.16327285760998],[-46.33633232172947,-11.16322135919675],[-46.33561515864422,-11.16280937189198],[-46.33490181025614,-11.16283226007574],[-46.3331089025429,-11.16341781610563],[-46.3327598577434,-11.16340064996797],[-46.33246612605425,-11.16322135919646],[-46.33220100459455,-11.1625938414962],[-46.3321056371631,-11.16178321832717],[-46.33292388972597,-11.16020584100797],[-46.33282470759724,-11.15867042535855],[-46.33300209102004,-11.15747642511449],[-46.33285331782686,-11.15697097772675],[-46.33254051265137,-11.15691757196501],[-46.33222961482449,-11.15708160394739],[-46.33184814509819,-11.15760803216996],[-46.33161735591371,-11.15900039667193],[-46.33121490535253,-11.15965270990424],[-46.33096313533317,-11.1605567931563],[-46.33058166560689,-11.16126441949891],[-46.3302173620183,-11.16148376459176],[-46.32913971004174,-11.1616821288495],[-46.32811355647824,-11.16136169427909],[-46.3271980291353,-11.1617622374918],[-46.32681465206048,-11.16207122797034],[-46.32678031978503,-11.16257858270662],[-46.32777404842175,-11.16344070428868],[-46.32768440303602,-11.16378402704255],[-46.32697105464799,-11.16398620599759],[-46.32513809261357,-11.16421127313616],[-46.32368850765399,-11.16391181940062],[-46.3221855169327,-11.16384506219836],[-46.32178115902298,-11.1634120940587],[-46.3214473730126,-11.16276359552342],[-46.32126426754405,-11.16258430475206],[-46.32102584896516,-11.16256713861427],[-46.32040596066,-11.16329193109477],[-46.3202991491366,-11.16383552545499],[-46.32007980404396,-11.16401672357499],[-46.31974983273089,-11.16401863092363],[-46.31829834042262,-11.16328430169988],[-46.3178215032649,-11.16321372980048],[-46.31672096310487,-11.16234207147513],[-46.31576919613796,-11.1627445220367],[-46.3153667455768,-11.1628189086332],[-46.31501770077735,-11.16272926324753],[-46.31413269101263,-11.16150474542511],[-46.31389427243379,-11.16130638116731],[-46.31317901669716,-11.16118240350593],[-46.31279373227365,-11.16123962396511],[-46.31175422726972,-11.16216659540049],[-46.31134986935987,-11.16224098199712],[-46.31063079892603,-11.16114044183598],[-46.3100051885752,-11.16049194330069],[-46.30937767087568,-11.15941047662587],[-46.30919456540707,-11.15930366510242],[-46.30891799985557,-11.15928649896467],[-46.30849838315673,-11.15948677057109],[-46.30798721372359,-11.16003227228002],[-46.30758476316243,-11.16024971002407],[-46.30678367673735,-11.16133689874465],[-46.30628967344185,-11.16153907769966],[-46.30584907590807,-11.16146850580029],[-46.30544471799839,-11.16110801690862],[-46.30537033140178,-11.16071128839303],[-46.30573463499043,-11.15876579278763],[-46.30556678831097,-11.15820503228955],[-46.30538368284245,-11.158025741518],[-46.30441093504065,-11.15772247308537],[-46.30292320310846,-11.15687942498952],[-46.30198669493077,-11.15672111505282],[-46.30126953184549,-11.15594673150781],[-46.30071830809116,-11.15562438958884],[-46.300279617906,-11.15591430658097],[-46.30006408751061,-11.15674781793349],[-46.30023002684142,-11.15823936456441],[-46.30104446470669,-11.15975379937891],[-46.3012123113862,-11.16049385064852],[-46.29978752195873,-11.16154861444225],[-46.29936599791127,-11.16167831414924],[-46.29832077086153,-11.16148376458861],[-46.29670524657106,-11.16082000726416],[-46.29639434874427,-11.16102027887053],[-46.29581260741168,-11.16196250909503],[-46.2955207830712,-11.16218185418792],[-46.29520797789566,-11.16216468805017],[-46.2948207861236,-11.16160583490074],[-46.29470634520587,-11.1606674193734],[-46.29479599059155,-11.16024971002283],[-46.29512405455613,-11.1597080230111],[-46.29512405455608,-11.15941810601894],[-46.29470062316005,-11.15940284722984],[-46.29393577635898,-11.15983772271797],[-46.29369735778017,-11.15982055658026],[-46.29334640563208,-11.15947914117491],[-46.29279708922628,-11.1592655181281],[-46.29255867064744,-11.15939140313785],[-46.29237747252743,-11.15979003900199],[-46.29230690062811,-11.16026115411431],[-46.29196167052585,-11.160968780457],[-46.29189109862642,-11.16154670709281],[-46.29121589721099,-11.16207313531531],[-46.29090499938416,-11.1625270842899],[-46.29052162230926,-11.16261863702429],[-46.28989791930699,-11.16247749322536],[-46.28901863158802,-11.16291427606218],[-46.28795814574924,-11.1630992888795],[-46.2871913915995,-11.16375350946052],[-46.28673172057946,-11.16373825067144],[-46.28653144897318,-11.16388320916745],[-46.28633117736692,-11.16433525079342],[-46.28614807189831,-11.16440963739008],[-46.28517532409658,-11.16410636895742],[-46.28484344543483,-11.16347503655991],[-46.28518486083998,-11.16189956658921],[-46.28512573303244,-11.16076278680408],[-46.28543281616214,-11.15987396234115],[-46.28517341674836,-11.15929794305411],[-46.28469657959063,-11.15919113153051],[-46.2841682440198,-11.1597900390011],[-46.28369140686206,-11.16004562371785],[-46.28272247375752,-11.15985107415729],[-46.2819175726352,-11.15985298150577],[-46.28173255981809,-11.15974616998227],[-46.28151130737689,-11.15902519219924],[-46.28049850525397,-11.15835952752623],[-46.28018951477571,-11.15863227838066],[-46.28008079590372,-11.15913963311697],[-46.27964019837,-11.15914154046552],[-46.27864646973331,-11.15798759454263],[-46.27811431946534,-11.15786361688146],[-46.2776794439774,-11.15884208673],[-46.27790260376715,-11.1598167418813],[-46.27770423950943,-11.16044998162752],[-46.27807617249231,-11.16171455377099],[-46.27802276673066,-11.16198539727695],[-46.2777481085278,-11.16204071038724],[-46.27695846619458,-11.16188049310202],[-46.27631950440318,-11.1621913909291],[-46.27511024537123,-11.16223335259892],[-46.2743415838729,-11.16267013543581],[-46.27338790955741,-11.16260147088483],[-46.27315139832718,-11.16269302361917],[-46.27306175294151,-11.16314506524516],[-46.27320671143738,-11.16404533379985],[-46.27293396058303,-11.16475296014255],[-46.27182006898252,-11.16553306573331],[-46.27134704652202,-11.16647529595786],[-46.2706356054826,-11.16696548455645],[-46.27039718690376,-11.16727447503493],[-46.27028846803172,-11.16752815240306],[-46.27045822205981,-11.16855812066473],[-46.27040481629812,-11.16890144341876],[-46.27013015809519,-11.16921043389718],[-46.26961898866205,-11.16935729974179],[-46.26930618348662,-11.16926765435612],[-46.26785278382999,-11.16791915887251],[-46.26730156007569,-11.16766738885299],[-46.26695442262485,-11.16768646233931],[-46.26664352479799,-11.16788673394557],[-46.26597023073125,-11.16873359673864],[-46.26547622743584,-11.168970107969],[-46.26468849245121,-11.16895675652846],[-46.26404571596261,-11.16872405999517],[-46.26289177004097,-11.16874694817876],[-46.2623806006078,-11.16921997063942],[-46.26236915651587,-11.17075538628896],[-46.2620449072485,-11.17191314690902],[-46.26215744081773,-11.17252731316877],[-46.26206588808334,-11.17280006402339],[-46.26140213075982,-11.17274093621567],[-46.26118278566734,-11.17186164849588],[-46.26035499636166,-11.17116165154751],[-46.26004219118613,-11.17110824578568],[-46.2598056799559,-11.17127227776814],[-46.25865554873132,-11.17281532281195],[-46.25829124514291,-11.17284202569278],[-46.25813674990373,-11.17274665826114],[-46.25794029299483,-11.17225646966249],[-46.25779151980169,-11.17149734490655],[-46.25685119692675,-11.17050743096597],[-46.25638961855814,-11.16976737969643],[-46.25589561526275,-11.16967964165931],[-46.25468635623066,-11.16979217522843],[-46.25371742312622,-11.17006492608297],[-46.2527961737376,-11.16898345940794],[-46.25241088931421,-11.1688594817469],[-46.25131225650279,-11.16900825493999],[-46.24955177371651,-11.16869163506678],[-46.24892997806278,-11.16912651055507],[-46.24647903507204,-11.17018699639461],[-46.24605751102463,-11.17013359063279],[-46.24557876651829,-11.16970252984173],[-46.24501037662631,-11.16954040520791],[-46.24367523258473,-11.17025184624784],[-46.24349021976754,-11.16996383660429],[-46.24300575321544,-11.16783332818139],[-46.2425651556817,-11.16772651665802],[-46.24126434391548,-11.16780281060295],[-46.24074935978518,-11.16730117791261],[-46.24040031498584,-11.16717529290281],[-46.23834991520761,-11.16751098626184],[-46.23820114201446,-11.16718482964569],[-46.2381439215556,-11.16640853875217],[-46.23775672978357,-11.16610145562214],[-46.23771667546232,-11.16545295708705],[-46.23731231755263,-11.16512870781939],[-46.2360477454104,-11.16504287713081],[-46.23507499760869,-11.16477584832211],[-46.23489379948872,-11.16502952569024],[-46.23482322758932,-11.16575241082201],[-46.23471450871739,-11.16582679741874],[-46.23365020818137,-11.16579437249186],[-46.23284530705918,-11.16608619683248],[-46.23186111516558,-11.16728401177396],[-46.23074340886787,-11.16719818108531],[-46.23064994878497,-11.16685485833146],[-46.23089027471256,-11.16617584221818],[-46.23082161016185,-11.16588783257454],[-46.23003768987466,-11.16528511040657],[-46.22957611150607,-11.16450881951291],[-46.22999382085637,-11.16340446465455],[-46.22978973455287,-11.16302680962515],[-46.23035240239911,-11.16166877739887],[-46.23020553655462,-11.16127204888315],[-46.22980117864484,-11.16116523735965],[-46.22831916875872,-11.16148376458117],[-46.22738266058095,-11.16121673577247],[-46.22621345587021,-11.16151046746179],[-46.22593689031878,-11.16131210320389],[-46.22578430242844,-11.16015624993237],[-46.22554588384966,-11.15992164605041],[-46.22488594122342,-11.15978050225167],[-46.22398567266967,-11.15925979607492],[-46.223545075136,-11.15933418267137],[-46.2230167395651,-11.16011428826215],[-46.22246933050803,-11.16051292412634],[-46.22190094061611,-11.16060447686077],[-46.22142410345842,-11.16024589531774],[-46.22117996283382,-11.15900039666033],[-46.22099685736527,-11.15878295891632],[-46.22068405218983,-11.15873146050308],[-46.21955108710302,-11.15938568108399],[-46.21852493353968,-11.1594982146533],[-46.2176437384723,-11.15917778008285],[-46.21665000983583,-11.15831375115209],[-46.21657562323925,-11.15791702263652],[-46.21741485663684,-11.15679168694322],[-46.21753311225196,-11.15641403191392],[-46.21734619208623,-11.15572929375475],[-46.21758270331652,-11.1552028655321],[-46.2175998694543,-11.15475082390625],[-46.21710205146161,-11.15433883660139],[-46.21704673835134,-11.1540317534714],[-46.21724510260916,-11.15314483635727],[-46.21706008979191,-11.15289115898906],[-46.21557617255718,-11.15309715264124],[-46.21520805427141,-11.15262794487755],[-46.21529197761144,-11.15058517449182],[-46.21507072517029,-11.15022468560012],[-46.21486854621541,-11.15013504021439],[-46.21352958747663,-11.1499786376265],[-46.21266937324417,-11.15003585808523],[-46.21184539863558,-11.15052795403248],[-46.21078872749406,-11.15148353569722],[-46.21009254524387,-11.15163040154198],[-46.20959663459991,-11.15147018425679],[-46.20796203682344,-11.15033721916856],[-46.20733642647254,-11.15012359612175],[-46.20655059883672,-11.15021705620462],[-46.20512390206088,-11.15094566338231],[-46.20387649605629,-11.15084266655586],[-46.20305061409918,-11.15053749077455],[-46.20005607674911,-11.14883232109651],[-46.19778251718138,-11.14818763725832],[-46.19710350106888,-11.14817047112058],[-46.19424820016861,-11.14905166618865],[-46.19291114877846,-11.14898300163769],[-46.19131469797468,-11.1482486724138],[-46.18962669443646,-11.148147582936],[-46.18858146738689,-11.14777183525519],[-46.18674850535277,-11.14799499504514],[-46.18414878916919,-11.1479663848153],[-46.18172836375688,-11.14750671379443],[-46.17945098949192,-11.14650344841335],[-46.17829704357041,-11.14641761772481],[-46.17690467906996,-11.1467132567628],[-46.17575073314845,-11.14677047722164],[-46.17364120556305,-11.14611053459441],[-46.17116928173766,-11.14639472954037],[-46.16900634839061,-11.14622116081451],[-46.16825485303006,-11.14631462089744],[-46.1672859199257,-11.14684295646854],[-46.16598892285676,-11.14784240715197],[-46.165548325323,-11.14802360527204],[-46.16494560315574,-11.14804458610699],[-46.16378974988562,-11.14781379692218],[-46.16268730237722,-11.14729309074533],[-46.16125869825281,-11.14748001091107],[-46.16019630506558,-11.14725494377234],[-46.15979194715592,-11.14696884147748],[-46.15931320264976,-11.14620971672142],[-46.15887069776749,-11.14581489555434],[-46.15703582838493,-11.14517021171623],[-46.15538215712229,-11.14405632011451],[-46.15473938063381,-11.14378738395728],[-46.1540241248973,-11.14377212516816],[-46.1522693641571,-11.14472007743841],[-46.15172004775152,-11.14475822441101],[-46.15122413710754,-11.14448738090506],[-46.14984321669923,-11.14270400993317],[-46.14864730910794,-11.14182281486477],[-46.147676468655,-11.14162826530397],[-46.14615440444786,-11.14170265190064],[-46.14452171402007,-11.14122009269625],[-46.14254379349019,-11.14140892021073],[-46.14139175491725,-11.14190101615765],[-46.14040374832658,-11.14212226859903],[-46.13981628494847,-11.1420516966996],[-46.13882446366061,-11.14162063590846],[-46.13713836747122,-11.14155578605465],[-46.13620185929363,-11.14117813102521],[-46.13563156205313,-11.14076614372047],[-46.13521194535446,-11.14069557182105],[-46.13354682999987,-11.14136886588824],[-46.13215828019681,-11.14238739005796],[-46.13107872087185,-11.14291572562911],[-46.13041877824571,-11.14299011222563],[-46.12933731157219,-11.14286804191304],[-46.12889671403863,-11.14247322074591],[-46.12826919633929,-11.14135360709844],[-46.12753486711659,-11.14103126517951],[-46.12689399797674,-11.14094352714222],[-46.12637710649793,-11.14051246635112],[-46.12602424700139,-11.13932418815286],[-46.12572860796372,-11.13899993888517],[-46.12513732988835,-11.13770103446612],[-46.12571907122079,-11.13654136649747],[-46.12560844500032,-11.13589096061377],[-46.12512970049413,-11.13549423209805],[-46.12483406145644,-11.1348457335629],[-46.12497711260381,-11.1343383788265],[-46.12539863665114,-11.13421058646824],[-46.12626266558079,-11.13458633414899],[-46.12822914201863,-11.13615226737685],[-46.12971878129896,-11.13753890983302],[-46.13069152910042,-11.13805770866125],[-46.13292694169531,-11.13837432853469],[-46.135349274456,-11.13941383353973],[-46.13646698075348,-11.13942909232886],[-46.13718032914128,-11.13908195487795],[-46.1375637062161,-11.13866424552741],[-46.1392574318003,-11.13594818107441],[-46.13962364273746,-11.13558387748559],[-46.14042854385962,-11.13514709464878],[-46.1414165504502,-11.13499832145562],[-46.14404678421179,-11.13494491569435],[-46.14487075882018,-11.13456153861903],[-46.14545250015256,-11.13365745536723],[-46.14574623184173,-11.1334018706504],[-46.14633178787133,-11.13318252555781],[-46.1482372291533,-11.13299560539204],[-46.14896965102746,-11.13302803031903],[-46.15012741164614,-11.13360214225749],[-46.15117454604427,-11.13434028617854],[-46.15172386244986,-11.13422965995797],[-46.15224266127748,-11.13327789299012],[-46.15227127150718,-11.13147163383496],[-46.15195655898319,-11.13062286369333],[-46.15097999648445,-11.12941551200867],[-46.15057373122624,-11.12865829460137],[-46.15059089736399,-11.12806129447926],[-46.15073585585989,-11.12780761711115],[-46.15119361953128,-11.12742614738461],[-46.15157699660607,-11.12729835502628],[-46.15258407668301,-11.12727737419142],[-46.15370369032907,-11.12754440300017],[-46.15539169386712,-11.12818717948954],[-46.15610885695223,-11.12860107414309],[-46.1579456336833,-11.1299667357642],[-46.15868759230059,-11.13071060173128],[-46.16089630201451,-11.13344955436829],[-46.16150283887899,-11.13389968864568],[-46.16176033094414,-11.13386154167303],[-46.1619606025503,-11.1336612700666],[-46.16205215528473,-11.1328773497785],[-46.16082954481284,-11.12962913505665],[-46.1607894904917,-11.12887001030083],[-46.16102600172187,-11.12848854057426],[-46.16321945264719,-11.12703514091631],[-46.16382217481448,-11.12697219841159],[-46.16552543714164,-11.12716484062363],[-46.16657066419126,-11.12707138054089],[-46.16713905408319,-11.12679672233783],[-46.16808700635273,-11.12581634514061],[-46.16973304822099,-11.12494277946693],[-46.17059135510492,-11.12419891350029],[-46.17108535840022,-11.12403488151794],[-46.17154312207153,-11.12408637993096],[-46.17196464611892,-11.12431907646442],[-46.17299652172805,-11.12529182426721],[-46.17362213207876,-11.12604904167448],[-46.17452621532954,-11.12776184074682],[-46.17518997265285,-11.12859153740222],[-46.17546463085574,-11.12871742241198],[-46.17591667248117,-11.12866210930175],[-46.17626190258336,-11.12820816032714],[-46.17667388988788,-11.12573051445321],[-46.17691040111811,-11.12509727470722],[-46.17753028942312,-11.12455177299828],[-46.17793273998417,-11.12440681450215],[-46.17833709789391,-11.12444114677762],[-46.17943763805376,-11.12487030022013],[-46.18222999644893,-11.12670326225648],[-46.18489074778854,-11.12786674492277],[-46.18786239695508,-11.12843322746721],[-46.19055938791873,-11.12948989861015],[-46.19121742319636,-11.12930679314137],[-46.19102478098494,-11.12692070000176],[-46.19137191843576,-11.12635993950375],[-46.19232368540251,-11.12606620781442],[-46.19358635019604,-11.1259174346212],[-46.19404411386748,-11.12553596489469],[-46.19430542062993,-11.12470626823935],[-46.19461822580542,-11.12457847588107],[-46.19634056161898,-11.12450027458726],[-46.19677734445542,-11.12420845024657],[-46.19681358407943,-11.12399101250245],[-46.19620513986624,-11.12310791008526],[-46.19537925790925,-11.12247848503645],[-46.19493675302694,-11.12193870537329],[-46.19429016184137,-11.1206569670921],[-46.19318771433284,-11.11983108513382],[-46.19221305918265,-11.11876869194519],[-46.18993568491769,-11.11765670769202],[-46.18846511912367,-11.11650657646644],[-46.18716240000887,-11.11609649651006],[-46.18679428172324,-11.11573600761847],[-46.18603706431698,-11.11438179008901],[-46.18539428782845,-11.11386108391227],[-46.18405532908982,-11.11348724358009],[-46.18194770885287,-11.11347770683666],[-46.17947578502761,-11.11229515068395],[-46.17826461864726,-11.11197471611344],[-46.1775474555622,-11.1114902495607],[-46.17728996349707,-11.11102104179707],[-46.17719650341422,-11.11046028129902],[-46.17755889965414,-11.10933876030294],[-46.17750167919531,-11.10885047905288],[-46.17692947460623,-11.10800361625994],[-46.1769828803679,-11.10766029350588],[-46.17738533092901,-11.10729598991722],[-46.17892456127388,-11.10721778862344],[-46.17905235363219,-11.10698318474161],[-46.17877388073222,-11.10642433159219],[-46.17853546215335,-11.10629844658231],[-46.17783927990315,-11.10640907280306],[-46.17537117077502,-11.10748481743164],[-46.17309761120731,-11.10731315605437],[-46.17239761425994,-11.10644912712363],[-46.17182731701956,-11.10455703727979],[-46.17147636487162,-11.10392570488221],[-46.17121887280653,-11.10378265373486],[-46.17000961377465,-11.10364150993578],[-46.16886901929364,-11.10248947136152],[-46.16701507642483,-11.10182762138572],[-46.16595268323754,-11.10172271721071],[-46.16542053296958,-11.10185241691779],[-46.16447067335152,-11.10247039787464],[-46.16324806287911,-11.10354232780593],[-46.16288185194208,-11.10361480705409],[-46.16251373365645,-11.10349082939288],[-46.16234970167413,-11.10339927665851],[-46.16179466322277,-11.10210037223956],[-46.16133308485424,-11.10143470756663],[-46.15971756056434,-11.09988594047655],[-46.15773582533713,-11.09935188285911],[-46.15718460158291,-11.09895706169202],[-46.15681648329729,-11.09885025016861],[-46.1552963264387,-11.09890937797595],[-46.1548385627674,-11.09867668144282],[-46.15450668410567,-11.09835243217514],[-46.1535892494144,-11.09784889213602],[-46.15331268386304,-11.09739875785866],[-46.1530704505871,-11.09636878959686],[-46.15259170608086,-11.09593772880576],[-46.15167427138955,-11.09565162651081],[-46.15014839248529,-11.09455490104661],[-46.14881134109523,-11.09432411186197],[-46.14734458999848,-11.09339332572897],[-46.14549255447817,-11.09287643424924],[-46.14490318375142,-11.0923728942101],[-46.14421844559325,-11.09064102165141],[-46.14388847428025,-11.09017181388769],[-46.14348220902199,-11.08992004386811],[-46.14265823441355,-11.08968734733485],[-46.14139366227158,-11.08971023551821],[-46.14012909012955,-11.08944511405809],[-46.13833046037095,-11.0890178679642],[-46.1373214729455,-11.08849716178722],[-46.13699913102701,-11.08795928947278],[-46.1367034919893,-11.08705711356947],[-46.13595008928041,-11.08617401115236],[-46.1355934150867,-11.08409500114257],[-46.13496399003886,-11.08254432670397],[-46.13470840532234,-11.08247184745583],[-46.13443183977091,-11.08263587943829],[-46.13376045305282,-11.08388519279264],[-46.13324737627119,-11.08424949638149],[-46.13248062212164,-11.08450508109821],[-46.13113594133716,-11.08428382865655],[-46.13069343645496,-11.08403205863695],[-46.12931060869809,-11.08145332328521],[-46.12861251909936,-11.08091354362201],[-46.12743759234314,-11.08044624320686],[-46.12692260821293,-11.07990646354381],[-46.12659263689987,-11.07979965202027],[-46.12589836199832,-11.08016395560908],[-46.1253128059688,-11.08016586295774],[-46.12492942889406,-11.08036613456396],[-46.12478828509524,-11.08170509330428],[-46.12449646075473,-11.08232116691256],[-46.12427711566215,-11.08246612540868],[-46.12370872577033,-11.08245086661958],[-46.12290191729962,-11.08183860770839],[-46.12238693316944,-11.08173179618489],[-46.12216758807692,-11.08187675468091],[-46.12169647296499,-11.08310890189759],[-46.12138557513828,-11.08341789237606],[-46.12067222675044,-11.08338356010059],[-46.11945915302163,-11.08241271964627],[-46.11918258747022,-11.08232307426048],[-46.11784744342877,-11.08256340018806],[-46.11762619098769,-11.08245468131599],[-46.11753273090486,-11.08218383781021],[-46.11795044025503,-11.08071899406021],[-46.11781883319969,-11.07994079581805],[-46.11745071491399,-11.07979965201908],[-46.11662864765419,-11.08014488212158],[-46.11613273701035,-11.08005523673569],[-46.11585998615612,-11.08032798759021],[-46.11542320331964,-11.08141517631088],[-46.11522293171349,-11.08165168754119],[-46.115003586621,-11.08165168754119],[-46.1148738869141,-11.08152580253148],[-46.11474227985875,-11.08038711539778],[-46.11462020954636,-11.08016014091038],[-46.11381149372713,-11.07962036124715],[-46.11358833393745,-11.07860946647175],[-46.11333084187245,-11.07824707023137],[-46.11215782246466,-11.07832527152531],[-46.111568451738,-11.07727813712568],[-46.1112880714895,-11.07585144034847],[-46.11112213215862,-11.07554435721835],[-46.11080932698322,-11.07549285880532],[-46.11033439717425,-11.07589149466956],[-46.10988235554868,-11.07701301566562],[-46.10940742573963,-11.07759475699853],[-46.10931587300541,-11.0778656005043],[-46.10950088582241,-11.07847976676416],[-46.10948371968472,-11.07885932914204],[-46.1093025215648,-11.07933044425434],[-46.10796737752353,-11.07953262320928],[-46.1070384987404,-11.08022880546019],[-46.10659980855539,-11.08033943168064],[-46.10628700337998,-11.08032226554304],[-46.10531425557856,-11.07951164237398],[-46.10436058126333,-11.0794601439607],[-46.10327720724136,-11.07904815665589],[-46.10269355856038,-11.0793399809967],[-46.10157966696012,-11.08052062980024],[-46.10088348470999,-11.08062934867207],[-46.10035133444215,-11.08028984061559],[-46.09865760885861,-11.07794570914552],[-46.09784889303935,-11.07762336722642],[-46.09705925070642,-11.07699394217757],[-46.09673690878807,-11.07596588126444],[-46.09609222495104,-11.07519149771939],[-46.0960903176025,-11.07486534110323],[-46.09656334006297,-11.07356262198711],[-46.09655952536581,-11.07273101798306],[-46.09622955405281,-11.07251548758765],[-46.09487342917657,-11.07259178153274],[-46.09410667502704,-11.0731372832416],[-46.09333610618035,-11.07324981681075],[-46.09285926902285,-11.07263565055104],[-46.09265518271952,-11.07182312003342],[-46.09188461387284,-11.07189941397853],[-46.09175682151455,-11.07177352896887],[-46.09170341575319,-11.07015418997957],[-46.09206581199304,-11.06874084464272],[-46.09184265220338,-11.06805610648345],[-46.09142112815607,-11.06796646109772],[-46.09112930381564,-11.06804084769436],[-46.09036064231754,-11.06843948355859],[-46.08900451744134,-11.06844520560417],[-46.08852958763239,-11.06873702994504],[-46.08772659385882,-11.06964302054551],[-46.08706665123282,-11.06968116751809],[-46.08699226463627,-11.06942939749848],[-46.08708381737051,-11.06912040702011],[-46.08773803795087,-11.06785392752789],[-46.08769989097831,-11.06760025015975],[-46.08726120079344,-11.06731224051605],[-46.08670997703917,-11.06720733634122],[-46.08639907921238,-11.06722640982741],[-46.08524704063965,-11.06775474539854],[-46.0846958168855,-11.06753921500297],[-46.08432769859982,-11.06725120535946],[-46.08427238548963,-11.06705284110165],[-46.08469200218849,-11.06541061392875],[-46.08445358360975,-11.06532096854305],[-46.08306121910947,-11.06579589835248],[-46.08267784203484,-11.06574249259069],[-46.08253097619025,-11.06556320181907],[-46.08239746178632,-11.06427955618931],[-46.08210373009732,-11.06395530692165],[-46.08006095971417,-11.06402969351794],[-46.07888603295792,-11.06382369986554],[-46.07749176110915,-11.06403923026079],[-46.07729530420025,-11.063955306921],[-46.07740593042081,-11.06365966788293],[-46.08028411950428,-11.06144714346932],[-46.08048629845904,-11.06106567374281],[-46.08043480004614,-11.06061935416262],[-46.07852363671849,-11.0605831145384],[-46.07733154382461,-11.0599193572139],[-46.07621955957323,-11.0596542357539],[-46.07587051477396,-11.05934524527526],[-46.07562637414938,-11.05834960928891],[-46.07531738367131,-11.05808067313168],[-46.07474517908214,-11.05820846548998],[-46.0741806038876,-11.05863380423507],[-46.07392311182245,-11.05859184256514],[-46.0734691628485,-11.05814552298495],[-46.07315254297589,-11.05812835684717],[-46.07250213709289,-11.05925178519186],[-46.07213401880714,-11.05936431876116],[-46.0713291176852,-11.05911254874156],[-46.07057571497618,-11.05924224844842],[-46.07019043055291,-11.05915069571394],[-46.07009697047007,-11.05884170523547],[-46.07017135706671,-11.05833244315047],[-46.07006073084613,-11.05815696707626],[-46.06795501795836,-11.05818176260828],[-46.06774902430627,-11.05787849417558],[-46.06782341090294,-11.05758285513756],[-46.06830215540914,-11.05703926077728],[-46.06983184901078,-11.05584335318456],[-46.07010459986501,-11.05538749686141],[-46.07006836024106,-11.0550251006212],[-46.06900596705397,-11.05488395682221],[-46.06913185206376,-11.0539627074326],[-46.06901741114594,-11.05356597891694],[-46.06853866663971,-11.0536785124862],[-46.06752395716833,-11.05458641043527],[-46.06649398890789,-11.05509185782286],[-46.06553077784949,-11.05591392508336],[-46.06488800136106,-11.05611038199253],[-46.06402587978022,-11.05594062796403],[-46.06244659511462,-11.05436515799324],[-46.06253814784893,-11.05355453482434],[-46.06322860805316,-11.05246353140634],[-46.06304740993333,-11.05220985403826],[-46.0626449593724,-11.05206871023938],[-46.06225586025193,-11.05132675162116],[-46.06252861110603,-11.05105400076666],[-46.06488800136179,-11.05001640311069],[-46.0650482186468,-11.04971313467803],[-46.06356239406394,-11.04864501944357],[-46.06233978359191,-11.04885292044434],[-46.06195449916859,-11.04876136770997],[-46.06193351833384,-11.04776382437499],[-46.06177902309478,-11.0475540160254],[-46.0614700326167,-11.04753684988756],[-46.0610351571289,-11.04789352408192],[-46.06077766506385,-11.0478954314305],[-46.06048584072349,-11.04732131949199],[-46.06003952114403,-11.04710388174775],[-46.059951783107,-11.04680061331506],[-46.06020736782359,-11.04654693594702],[-46.0608997353764,-11.04624748221173],[-46.06096839992703,-11.04596137991678],[-46.06080436794493,-11.0458011626316],[-46.06017875759421,-11.04572677603484],[-46.06005096523597,-11.04556846609843],[-46.0602550515396,-11.04439353934059],[-46.05982399074924,-11.04357719412561],[-46.05946350185812,-11.04339981070278],[-46.05867958157106,-11.04392623892531],[-46.05831146328542,-11.04392814627386],[-46.05770111172384,-11.04329681387624],[-46.05702400296008,-11.04295158377378],[-46.05674553006024,-11.04196548453048],[-46.05641937344448,-11.041822433383],[-46.05597877591081,-11.04207038870519],[-46.05492210476955,-11.04316329947156],[-46.05429840176744,-11.04359817495989],[-46.05384445279336,-11.04383468619023],[-46.05338287442486,-11.04374504080453],[-46.05315971463515,-11.04345703116091],[-46.05300903409349,-11.04251480093626],[-46.05300712674493,-11.04200744619989],[-46.0533542641958,-11.04043579092649],[-46.05307769864454,-11.04005622854865],[-46.05238342374313,-11.03973770132667],[-46.0518131265028,-11.03906440725927],[-46.05063629239806,-11.03805541983243],[-46.05044746488368,-11.03740501394856],[-46.05051231473748,-11.03469467154126],[-46.05038261503071,-11.03431510916346],[-46.05001449674516,-11.03402900686843],[-46.04924392789845,-11.03388214102355],[-46.04856872648336,-11.03408813467585],[-46.04772949308607,-11.03401374807908],[-46.04415130705617,-11.03137397757078],[-46.0435600289808,-11.03133392324933],[-46.04314041228214,-11.0314617156077],[-46.04272461028073,-11.03191947927946],[-46.04194259734217,-11.03342628469917],[-46.04108619780716,-11.0333023070381],[-46.0404777535942,-11.03346443167171],[-46.03970527739899,-11.0328845976873],[-46.03851318450521,-11.032444000153],[-46.03816986175185,-11.03199005117821],[-46.03804016204502,-11.03153419485503],[-46.0381393441739,-11.03081512442044],[-46.03863716216648,-11.02981948843418],[-46.03850746245968,-11.02954864492831],[-46.0381221780364,-11.02931594839503],[-46.03687667938093,-11.02906799307259],[-46.03652572723303,-11.02857589712526],[-46.03595733734129,-11.02827072134396],[-46.03584671112075,-11.02809143057245],[-46.03597259613044,-11.02756690969844],[-46.03715896697861,-11.02584457388313],[-46.0367507943719,-11.02472686758435],[-46.03691291900555,-11.02416229238906],[-46.03688430877612,-11.0237083434144],[-46.03754997344815,-11.02265357962052],[-46.03757858367762,-11.02237129202294],[-46.03742027374145,-11.02199363699361],[-46.03636550994895,-11.02150535574349],[-46.03549575897361,-11.0215358733215],[-46.03521156402781,-11.02131271353137],[-46.03475761505393,-11.02031898489362],[-46.03457260223681,-11.02027702322366],[-46.03391838165663,-11.02050399771088],[-46.03357696625179,-11.02046394338954],[-46.03337478729713,-11.01994514456135],[-46.032163620917,-11.01944351187079],[-46.03194999787049,-11.01903533926331],[-46.03211593720143,-11.01796913137748],[-46.03205680939392,-11.01763153066957],[-46.03167343231932,-11.01753425588927],[-46.03039360138844,-11.01801681509322],[-46.03009414765349,-11.01801681509306],[-46.0298805246069,-11.01765251150419],[-46.02977752778109,-11.0165157317191],[-46.02939224335789,-11.01570320120148],[-46.02930450532106,-11.01463699331569],[-46.02913284394431,-11.01439857473654],[-46.02889061066829,-11.01434326162611],[-46.02796554658269,-11.01458549490236],[-46.02695465180875,-11.01457405081045],[-46.02474022004921,-11.01395034780718],[-46.02448082063555,-11.01377105703569],[-46.02440643403909,-11.01261520376413],[-46.02414512727678,-11.012325286772],[-46.02321434114537,-11.01213073721131],[-46.02225685213311,-11.01144790640053],[-46.0214366922222,-11.011138915922],[-46.02123069857021,-11.01061439504799],[-46.02129745577248,-11.00927734365638],[-46.02232551668423,-11.00829887380784],[-46.0223598489596,-11.00775909414473],[-46.02166557405834,-11.00697326650795],[-46.02116012667148,-11.00608062734768],[-46.02008056734691,-11.00564765920785],[-46.01897430514153,-11.00483322134155],[-46.01861000155333,-11.00382614126336],[-46.01846885775527,-10.99913215627808],[-46.0178623208911,-10.99805450430053],[-46.01709938143908,-10.9972858428013],[-46.0165843973091,-10.99682426443198],[-46.01517677402018,-10.99632263174137],[-46.01432609653119,-10.99557685842579],[-46.01340866184017,-10.99520492544227],[-46.01273727512247,-10.99474525442162],[-46.01240158176361,-10.9943714140896],[-46.01130485630166,-10.99186134328875],[-46.01086235141951,-10.99132156362553],[-46.00568962193529,-10.98786926259941],[-46.00447654820678,-10.98664474477704],[-46.00284385777976,-10.98427963247205],[-46.00188827611623,-10.98330688466914],[-45.99983215429312,-10.98295783986909],[-45.99905967809784,-10.98369407644112],[-45.99600982763838,-10.98446845998557],[-45.99506378271779,-10.98531913747568],[-45.99473953345057,-10.98596382131346],[-45.99406051733819,-10.98669242849127],[-45.99311065772042,-10.986921310327],[-45.99251747229649,-10.98671531667449],[-45.99227905371784,-10.98648071279263],[-45.99168396094535,-10.98565864553181],[-45.99150276282566,-10.98498344411578],[-45.9915885935141,-10.98386764516558],[-45.99217224219519,-10.9814796446774],[-45.9921989450761,-10.98073959340792],[-45.9918098459557,-10.97990798940391],[-45.99004936317047,-10.97833824147891],[-45.98927307227821,-10.97699737538993],[-45.98849678138607,-10.97529792775782],[-45.9878444681547,-10.97461128225007],[-45.98659896949934,-10.97401428212773],[-45.98378563027037,-10.97302818288415],[-45.98150444130911,-10.97180366506151],[-45.9804973612326,-10.97093772878207],[-45.97941780190821,-10.96963882436291],[-45.97787094216979,-10.96594619740956],[-45.97715759378231,-10.96502113332255],[-45.97597313028332,-10.9640674590059],[-45.97504997354649,-10.96312904347851],[-45.97377204996472,-10.96140289296557],[-45.9736804972306,-10.96039390553888],[-45.97376823526768,-10.95994949330745],[-45.97388649088278,-10.95965385426932],[-45.97438621622387,-10.95929908742373],[-45.97595024210044,-10.95888900746802],[-45.97769165139958,-10.95880317677963],[-45.98731422523749,-10.95993804921773],[-45.99035644630226,-10.96010398854916],[-45.99248123267616,-10.95985603322723],[-45.99652671912045,-10.95907020559136],[-45.99847412207173,-10.95832633962473],[-46.00102615453875,-10.95818519582633],[-46.00720405675133,-10.95852470388392],[-46.00829506016778,-10.95846939077374],[-46.00896835423416,-10.95836448659897],[-46.00959014988769,-10.9580554961206],[-46.01083374119452,-10.95718002309825],[-46.01181411839062,-10.95579338064245],[-46.01372146702109,-10.95168876638494],[-46.01548767185296,-10.94882583608736],[-46.01626014804835,-10.94728660574087],[-46.01672363376557,-10.94615745535025],[-46.016923905372,-10.94400405874379],[-46.01676559543583,-10.94293022146369],[-46.0160331735621,-10.94165039053089],[-46.01457214451173,-10.93955612173174],[-46.01363182163729,-10.93771362295228],[-46.01295089817666,-10.93551254262995],[-46.01232147312896,-10.93408203115531],[-46.01159095860372,-10.93317031850871],[-46.00794601537218,-10.92975044240949],[-46.00763321019693,-10.92913627614986],[-46.00747299291221,-10.92749786367412],[-46.00767707921571,-10.92667579641343],[-46.00808906651997,-10.92590713491436],[-46.00865745641176,-10.92529106130611],[-46.01021194554542,-10.92420959463156],[-46.0119743356796,-10.92328071584758],[-46.0144100198803,-10.92234992971509],[-46.01529121494749,-10.922143936063],[-46.01835441684735,-10.92202949514546],[-46.02167701816089,-10.9226341246627],[-46.02385902499362,-10.92272949209469],[-46.02525901888821,-10.9223136900927],[-46.02622413729512,-10.92171668997087],[-46.02782821749321,-10.92042922964394],[-46.0293273935167,-10.91842651357978],[-46.02989387606003,-10.91740036001536],[-46.03046035860333,-10.91580963125561],[-46.03066253755832,-10.91396522512778],[-46.0306530008155,-10.91165924063079],[-46.03090858553205,-10.91073608389247],[-46.03132248018488,-10.91012001028417],[-46.03236007783964,-10.90965652456661],[-46.03428077791027,-10.90959739675921],[-46.03531837556503,-10.90979957571447],[-46.03900909516405,-10.91158103933803],[-46.04067230316951,-10.91218948355217],[-46.04231643768873,-10.91207885733172],[-46.04324913116888,-10.91181945791768],[-46.04532241913,-10.91099357596],[-46.04729080291646,-10.90980720511075],[-46.04806900115757,-10.90954971304534],[-46.04884719939876,-10.90949439993508],[-46.04972839446578,-10.90954399099975],[-46.05035209746783,-10.90974616995494],[-46.0532112130644,-10.91091537466723],[-46.05534172148426,-10.91162490835894],[-46.06079673856645,-10.91298866263215],[-46.06266594022405,-10.91298294058643],[-46.06447982877148,-10.91241264334552],[-46.06624031155731,-10.91122817984476],[-46.06722068875339,-10.90973854056268],[-46.06805420010506,-10.90780830374639],[-46.06840705960197,-10.90493774405407],[-46.06876564114462,-10.9035034178823],[-46.06948852627566,-10.90262985220864],[-46.07052421658194,-10.90190887442545],[-46.07171630947597,-10.90118598929389],[-46.07347679226176,-10.90041351309789],[-46.07409858791531,-10.89995002738012],[-46.07440948574206,-10.89953804007558],[-46.0749797829827,-10.89792251578359],[-46.07633400051022,-10.897178649817],[-46.07665824977746,-10.89680862418226],[-46.07688903896183,-10.89560890189227],[-46.07721519557772,-10.89514541617463],[-46.07758712856065,-10.89477539053974],[-46.07880020228951,-10.89426231375771],[-46.07945442286975,-10.8937530516728],[-46.08005333033999,-10.89158058158034],[-46.0805187234058,-10.89093399039376],[-46.08154678431757,-10.89051437369459],[-46.08229255763209,-10.89046478263034],[-46.08608245936038,-10.89082145682515],[-46.0872974404379,-10.89058685294351],[-46.0887241372134,-10.89005279532647],[-46.09021949853953,-10.88997650138145],[-46.09199714746312,-10.88912773124004],[-46.09298896875111,-10.88788223258296],[-46.09324836816487,-10.8876476287012],[-46.09370040979015,-10.88757514945316],[-46.0941276558833,-10.88773727408705],[-46.0956573494847,-10.88918304435094],[-46.09629249657859,-10.88946723929729],[-46.0972747811232,-10.88974761954642],[-46.09802246178627,-10.8896312712799],[-46.10015487755497,-10.88962364188566],[-46.1011371620996,-10.89007568351187],[-46.10177230919342,-10.89058494559679],[-46.10327720726261,-10.89211463920047],[-46.10362625206189,-10.89285278312148],[-46.1037445076768,-10.89365005484999],[-46.10357475364865,-10.89456176749648],[-46.10294723594907,-10.89644050589971],[-46.10306549156407,-10.89723587027966],[-46.10364532554746,-10.89842987052378],[-46.1041088112646,-10.89911079398578],[-46.10520744407562,-10.90001678458651],[-46.10619163596875,-10.90109443656422],[-46.10815620505773,-10.90366554252146],[-46.10946846091535,-10.90479469291233],[-46.110321045753,-10.90603637687222],[-46.11115455710417,-10.90862846366434],[-46.11346817099248,-10.91201210013931],[-46.11727523885839,-10.91465568534494],[-46.1183052071187,-10.91604423514965],[-46.12187385640586,-10.91933250419307],[-46.12346077046608,-10.92112541190817],[-46.12495613179222,-10.92252159110754],[-46.12603569111694,-10.9237747191596],[-46.12658500752239,-10.92465972892519],[-46.12736892780946,-10.92528915397402],[-46.13011550983705,-10.9269962310008],[-46.13171386798936,-10.92754173270996],[-46.13305473407652,-10.9282703398879],[-46.13489532550468,-10.93008995048383],[-46.13690185626383,-10.93158340446352],[-46.13775825579879,-10.9320316313924],[-46.13860893328795,-10.93279838554286],[-46.14074707110244,-10.9352130889122],[-46.14437103350012,-10.93755912773102],[-46.14574813921122,-10.93922805778496],[-46.14756584245588,-10.94106483451859],[-46.14802551347574,-10.94169616691599],[-46.14875221330382,-10.9432220458225],[-46.14936637956264,-10.94465637199439],[-46.14979171830714,-10.94622802726782],[-46.15034294206079,-10.95148086540267],[-46.1505451210156,-10.9521942137914],[-46.15109062272374,-10.9534034728247],[-46.1519393928642,-10.95451354972901],[-46.15414619522949,-10.95692825309842],[-46.15534973221529,-10.95744705192662],[-46.15597343521742,-10.9578971862041],[-46.15731620865332,-10.95841598503246],[-46.15956878738597,-10.95858001701516],[-46.16607666091341,-10.95843696586838],[-46.16975784377009,-10.96213912956519],[-46.17205429152104,-10.96492576591789],[-46.17285537794576,-10.96629714958509],[-46.17337036207577,-10.96825599663101],[-46.17366600111343,-10.96887969963402],[-46.17421531751903,-10.96962738029812],[-46.17451095655671,-10.97036743156763],[-46.17526817396298,-10.97131538383816],[-46.17582511976308,-10.97143936149943],[-46.17711067274009,-10.9707374572027],[-46.17773437574233,-10.97099685661688],[-46.17864036634181,-10.97116661064534],[-46.1807327277897,-10.97103118889267],[-46.18140411450761,-10.97138214104109],[-46.18230819775848,-10.97148704521609],[-46.18289184643945,-10.97139358513313],[-46.18349838330401,-10.97099304192017],[-46.18440818860093,-10.97081756584614],[-46.18699836804121,-10.97199249260432],[-46.19199943615053,-10.97397994988023],[-46.19451713634286,-10.97555351250258],[-46.19513893199638,-10.97617340080825],[-46.19733047557291,-10.97781181328415],[-46.19962883067256,-10.98038864128734],[-46.20188713145112,-10.98230552666363],[-46.20525550913267,-10.98485183708888],[-46.20645713876993,-10.98562431328517],[-46.20816040109703,-10.98734474175224],[-46.21055603097691,-10.98948669426714],[-46.2135086066571,-10.99175262444325],[-46.21441078255937,-10.99229240410644],[-46.21560859749935,-10.99340820305683],[-46.21720123360594,-10.99453353875026],[-46.21865844795968,-10.99525833123082],[-46.22021102974512,-10.9956150054254],[-46.22100257942682,-10.99567413323301],[-46.22158050606196,-10.99593543999593],[-46.22398185798792,-10.99749755852632],[-46.22552681037872,-10.99889373772583],[-46.22959518500785,-11.00129127495769],[-46.232677460395,-11.00352096550973],[-46.23579216070899,-11.00495529168198],[-46.23978424139302,-11.00699234002236],[-46.24213409490605,-11.0083389281573],[-46.24906349248158,-11.01118469231819],[-46.2514381415268,-11.01245880120519],[-46.25918388431639,-11.01513099664055],[-46.26464843814357,-11.01818275445361],[-46.2672328955383,-11.01937484734945],[-46.26840782229484,-11.02008438104103],[-46.26939582888557,-11.02097511285262],[-46.27040672365989,-11.0216751098009],[-46.27129554812174,-11.02295684808227],[-46.27232742373101,-11.02386474603157],[-46.27357673708418,-11.02432060235498],[-46.27438354555506,-11.02482414239412],[-46.27738380495116,-11.02781295770193],[-46.27853393617556,-11.02870368951366],[-46.27950096193137,-11.0292415618283],[-46.28337860169776,-11.03284263604738],[-46.28457450928927,-11.03362274163832],[-46.28603553834043,-11.03550720208773],[-46.2872123724456,-11.03603553765904],[-46.29013633789683,-11.0364208220832],[-46.29098892273481,-11.03694152826002],[-46.29329490722937,-11.03977966302576],[-46.29463195861963,-11.04047012323107],[-46.29609108032227,-11.04088020318725],[-46.29719352783081,-11.04177093499895],[-46.29857826293687,-11.04253387445224],[-46.29994392455669,-11.04282569879308],[-46.30121040404758,-11.04360771173271],[-46.3017330175724,-11.04449081414966],[-46.30292511046663,-11.0456066131001],[-46.30445098937137,-11.04620552057098],[-46.3068122869765,-11.04686546319815],[-46.30781936705358,-11.04791831964349],[-46.30864906370792,-11.04847526544437],[-46.31007957518113,-11.04911994928235],[-46.31231498777659,-11.05067443841842],[-46.28037834230215,-11.02280044549523],[-46.27194213930839,-11.01516723626594],[-46.26935577456512,-11.01262855523549],[-46.2690296179504,-10.99977302545023],[-46.26834487979345,-10.98256874078228],[-46.26621818607357,-10.94318199151458],[-46.26555252140214,-10.93462181085049],[-46.26432800358135,-10.93206024163647],[-46.263334274945,-10.92932319634829],[-46.25347518987427,-10.90663337701142],[-46.218877793068,-10.83133316033302],[-46.21107482982148,-10.81469917290542],[-46.20217323376462,-10.79081726067311],[-46.19891548230469,-10.77769279473038],[-46.198027125278685,-10.76491051039466],[-46.1926,-10.7428],[-46.1652,-10.7225],[-46.1503,-10.6916],[-46.1519,-10.6716],[-46.1608,-10.6594],[-46.156720529465375,-10.650763283102366],[-46.14997673115613,-10.64430236808922],[-46.12641143882951,-10.62708091728073],[-46.11800003137012,-10.62304306022399],[-46.10579681483424,-10.61678314200961],[-46.09941864101499,-10.61326980582705],[-46.0938510903636,-10.61063003531847],[-46.09250844055285,-10.610067419274655],[-46.0796,-10.6067],[-46.0608,-10.6002],[-46.0385858710226,-10.587752872046304],[-46.02569961646452,-10.58274650564609],[-46.0258384002478,-10.580610147702654],[-45.9746,-10.5519],[-45.9292,-10.5216],[-45.8709,-10.5033],[-45.8213,-10.4581],[-45.8202,-10.4561],[-45.805246900187406,-10.365769683404835],[-45.79306793355768,-10.35481071459215],[-45.75628280790263,-10.3556232451022],[-45.74090576325995,-10.34761047349255],[-45.72698593297316,-10.32324028000844],[-45.72057342688773,-10.30410957322015],[-45.71310757878033,-10.285564800589123],[-45.7088327166692,-10.277216428567744],[-45.69697189496727,-10.26494789108622],[-45.69982443564351,-10.243216554457069],[-45.69999313519976,-10.23768806442692],[-45.56805420121493,-10.21650505047927],[-45.56954765518906,-10.22161674481545]]]}},{"type":"Feature","properties":{"id":"ID_00001","name":"APA Bacia do Rio de Janeiro","descriptio":"<html xmlns:fo=\"http://www.w3.org/1999/XSL/Format\" xmlns:msxsl=\"urn:schemas-microsoft-com:xslt\">\n\n<head>\n\n<META http-equiv=\"Content-Type\" content=\"text/html\">\n\n<meta http-equiv=\"content-type\" content=\"text/html; charset=UTF-8\">\n\n</head>\n\n<body style=\"mar","timestamp":"","begin":"","end":"","altitudemo":"clampToGround","tessellate":-1,"extrude":0,"visibility":-1,"draworder":null,"icon":"","snippet":""},"geometry":{"type":"Polygon","coordinates":[[[-46.15898978010277,-11.90003729955086],[-46.16114927110719,-11.89801935127893],[-46.16310585829424,-11.89653568603902],[-46.16571518292901,-11.89462073697907],[-46.16783594117773,-11.8933253362884],[-46.17271660931537,-11.88993255322215],[-46.18133530748941,-11.88458645641131],[-46.18678852263815,-11.88162415732198],[-46.19343724709916,-11.87769197495342],[-46.19949351398961,-11.87372889578598],[-46.20161781941245,-11.86948890762297],[-46.20296227459617,-11.86495000787307],[-46.20348606720533,-11.86025011631882],[-46.20317332462257,-11.85553203722303],[-46.20203359109096,-11.85093912025478],[-46.20010153268919,-11.84661090571363],[-46.19743587970957,-11.84267888626526],[-46.19411763908985,-11.83926251377329],[-46.19024763158022,-11.83646557228976],[-46.18514367624839,-11.83408034251938],[-46.18560487858253,-11.82937405746308],[-46.18522946642721,-11.82466037793541],[-46.18402888783113,-11.82008251947765],[-46.18203965692021,-11.8157795645005],[-46.17932224020839,-11.81188223797556],[-46.17595921638839,-11.80850893761371],[-46.17205276586937,-11.8057621388903],[-46.16772156649752,-11.80372528384898],[-46.16309718972732,-11.8024602479194],[-46.15832010648462,-11.80200546146457],[-46.15353542364898,-11.80237474294093],[-46.14888848014664,-11.80355687902798],[-46.1445204358554,-11.80551596448447],[-46.13662235350178,-11.81029446735265],[-46.13238918893363,-11.81341763451886],[-46.13114759018319,-11.81413955494324],[-46.1235126755258,-11.82017546942363],[-46.1210965078561,-11.82230937554262],[-46.11718963241467,-11.82657955664012],[-46.1167337032805,-11.82733353639993],[-46.11195112012022,-11.83273121235886],[-46.1093120220381,-11.83670795796459],[-46.10756068608769,-11.83581006243594],[-46.10371122360414,-11.83307562869869],[-46.09706169458796,-11.82996939643393],[-46.09265091884521,-11.82810100958971],[-46.08803726840844,-11.82499625936826],[-46.08496207869682,-11.82366686187798],[-46.07940443414303,-11.82058072710126],[-46.07395998376205,-11.81829478934493],[-46.0719380940356,-11.81768396882437],[-46.06874383222844,-11.81694575696242],[-46.07006406633409,-11.81512936519764],[-46.0733342247034,-11.80908534376514],[-46.07557962006653,-11.80649000742153],[-46.0775421810749,-11.80298097180811],[-46.08089302565164,-11.79832685872476],[-46.08370027916367,-11.79413832527581],[-46.08519725283419,-11.79216846390643],[-46.08635157816818,-11.79014012468339],[-46.08916953271538,-11.78825713626465],[-46.09094139964618,-11.78747510209686],[-46.09417135190682,-11.78550416016308],[-46.09693742003472,-11.78360997995867],[-46.10121844104963,-11.77990608046024],[-46.1034247294039,-11.77822693140174],[-46.1088354526456,-11.77351026796644],[-46.11227223810826,-11.77033902883514],[-46.11435493026472,-11.76810749979404],[-46.11808085363818,-11.76446166048051],[-46.12377164360116,-11.76458566953164],[-46.13281263628819,-11.76502676410231],[-46.13532149127644,-11.76486420427495],[-46.1432509195883,-11.76418368531968],[-46.14707206681719,-11.76323196022045],[-46.15231181623658,-11.76162684877204],[-46.15852548310135,-11.75883723527758],[-46.16239405075645,-11.75680895179505],[-46.16526569262068,-11.75560674471755],[-46.16927983427595,-11.75299554710668],[-46.17808076991909,-11.74823251448962],[-46.18231484749013,-11.74546546818738],[-46.18591940188539,-11.74402961959097],[-46.18973869919395,-11.74207146531234],[-46.19244657306392,-11.74030759953932],[-46.19660246050714,-11.73877294408085],[-46.20224827477758,-11.73591642997963],[-46.20335359118555,-11.73551655445536],[-46.20678443307159,-11.73387786746351],[-46.21036733367446,-11.73170605564011],[-46.21196204193074,-11.73040283195087],[-46.21604669968919,-11.72866649988302],[-46.21912858739547,-11.72680360469967],[-46.22094012254659,-11.72549470523514],[-46.22997207418322,-11.72165187414748],[-46.23242122045758,-11.72049342809454],[-46.2344748113258,-11.72035663689671],[-46.23595182770286,-11.72069827325005],[-46.23863312823235,-11.72090588699971],[-46.24218756212498,-11.72154069477213],[-46.24485951749912,-11.72168303088357],[-46.24819252895087,-11.72158945246337],[-46.24920001043696,-11.72231312777532],[-46.25210257906367,-11.72494625505137],[-46.25651576157222,-11.72935830322606],[-46.25856657433723,-11.73069103277341],[-46.25955368013788,-11.73198145697983],[-46.26196248000797,-11.7346793939383],[-46.26714557425413,-11.73965726129192],[-46.26926537110118,-11.74234093880116],[-46.27211233407978,-11.74537260371247],[-46.27361723234765,-11.7466816669427],[-46.27875280390089,-11.75250629990374],[-46.2809175458034,-11.75395277990159],[-46.28173613302504,-11.75491627378607],[-46.2861274560858,-11.75857187570306],[-46.28689823912441,-11.7595615643885],[-46.28924257552993,-11.76184751317283],[-46.29239755623726,-11.76554020029511],[-46.29469051866459,-11.7679271779932],[-46.29935152203495,-11.77112182861886],[-46.30293305503493,-11.77334687371008],[-46.3057060200657,-11.77470276354001],[-46.307851487026,-11.77556413942615],[-46.30924269691457,-11.77651618955458],[-46.31405545249424,-11.77863746321164],[-46.31730425351318,-11.7808963094993],[-46.31781586590423,-11.7784964853406],[-46.31907753881606,-11.77462911164059],[-46.3198888654345,-11.77331165553377],[-46.32078325881426,-11.7722885586527],[-46.32158682481533,-11.77165465586848],[-46.32280941127458,-11.77095190118335],[-46.32425076476218,-11.77032859283365],[-46.32571974798726,-11.76991942737483],[-46.33024038950295,-11.76944268581914],[-46.33342578212165,-11.76894499968569],[-46.33678825590916,-11.76768698524639],[-46.33950516697796,-11.76614536116891],[-46.34067184935456,-11.76509380828952],[-46.34256953675251,-11.76284356211299],[-46.34335097396179,-11.76106961271292],[-46.34383210286074,-11.7592437336879],[-46.34411887220476,-11.75650741566529],[-46.34366642813066,-11.75327369528984],[-46.34319449278029,-11.75150564594196],[-46.3414002779873,-11.7478198376957],[-46.33887588021816,-11.74415823095815],[-46.33772580068418,-11.74293039426294],[-46.3361134261581,-11.74191899200077],[-46.33066803070209,-11.74002675613215],[-46.32892093277722,-11.73923021422534],[-46.32594397385732,-11.73758135198265],[-46.32235240981908,-11.73479609533077],[-46.32032751494874,-11.73287423263624],[-46.31281608027108,-11.72436024243777],[-46.31129647349811,-11.72255261423059],[-46.30720495757815,-11.71697744734578],[-46.30279740320523,-11.71225081832756],[-46.30064994489181,-11.70955901393569],[-46.29258168894711,-11.69860931254196],[-46.28827139014393,-11.69356822302338],[-46.28445795231949,-11.68781959378839],[-46.2811255948728,-11.68251991837097],[-46.27367147052905,-11.67392931290865],[-46.26680288577335,-11.66654586734175],[-46.26306068732725,-11.66336478863296],[-46.26024374824591,-11.66150889051523],[-46.25855101417156,-11.6606424958108],[-46.2453623487316,-11.65714476161136],[-46.23711139887892,-11.65567674527257],[-46.22893661067975,-11.65482660717124],[-46.22118442555667,-11.65475111830838],[-46.21580729284955,-11.65536521965081],[-46.21313992904245,-11.65580505701975],[-46.20596933142201,-11.65766525199115],[-46.17984344642181,-11.66231530436552],[-46.17212947381243,-11.66321491017736],[-46.16945865172298,-11.66688392711946],[-46.16808619494464,-11.66932949404083],[-46.16729510776744,-11.67095266813033],[-46.16570614678032,-11.67503644410262],[-46.16486008988637,-11.67837968373796],[-46.16427063600851,-11.68198119820283],[-46.16429277105806,-11.68728161200844],[-46.16453686681852,-11.68868931937946],[-46.1617266560841,-11.69166959599509],[-46.15998722792728,-11.69390900080609],[-46.15432582942337,-11.69637808643527],[-46.14877120201825,-11.69983180043313],[-46.14540474683022,-11.70143139520705],[-46.14109600541065,-11.70400928233182],[-46.13705988464385,-11.70693980889499],[-46.13605516847373,-11.70807885339108],[-46.13375983113848,-11.70938044007169],[-46.12943803441897,-11.70983596602188],[-46.12736066615575,-11.70984415020251],[-46.12377996521654,-11.71032930419935],[-46.12237045501809,-11.71027955738592],[-46.11958760923923,-11.70992617904845],[-46.11455493898116,-11.7099458072479],[-46.1118331831097,-11.71053917882208],[-46.10480741352628,-11.71130322443428],[-46.10041847349324,-11.71231291726642],[-46.09646232272831,-11.7136180721214],[-46.09257775665449,-11.7155507875691],[-46.08944678861343,-11.71755443382489],[-46.08544289656247,-11.72055062987276],[-46.08322769629025,-11.72240625688734],[-46.07784551345696,-11.7272094580293],[-46.07542771758659,-11.72974173642704],[-46.07445154560602,-11.73050425377964],[-46.07121339889083,-11.73388921549693],[-46.06913202078381,-11.7356896613268],[-46.06814012037545,-11.73626738098323],[-46.06382943212721,-11.7400339030773],[-46.05886745782234,-11.74251916509115],[-46.0584301220936,-11.74260657234366],[-46.04965792128879,-11.74838537550793],[-46.04857487862918,-11.74944655345986],[-46.04655190071182,-11.75224095611085],[-46.04292984483843,-11.75633778653121],[-46.04173943031125,-11.75826189605297],[-46.03623417282027,-11.75449686533447],[-46.03773632577732,-11.75000609175925],[-46.0384242352414,-11.74532651364642],[-46.03827704094595,-11.74060031997816],[-46.0372992572002,-11.73597110894528],[-46.03552063067419,-11.73157952538339],[-46.03299523208528,-11.727558988737],[-46.02979980992189,-11.72403164118576],[-46.02603145662631,-11.72110463880119],[-46.02180465836677,-11.71886689814097],[-46.01724781805038,-11.71738639683401],[-46.01307567112219,-11.71674632116077],[-46.00867091683409,-11.71487139646314],[-46.00400274801775,-11.71377866069286],[-45.99921296548113,-11.71350131003862],[-45.99444706217793,-11.71404777270446],[-45.98984980754391,-11.71540145269407],[-45.98556085357162,-11.71752123311229],[-45.98171049555435,-11.72034272380548],[-45.97841571582841,-11.72378021562932],[-45.97577663039747,-11.72772928222899],[-45.97387344627603,-11.73206995056548],[-45.97276402207842,-11.73667034414614],[-45.9724821062546,-11.74139068850971],[-45.97258624432057,-11.74309834968511],[-45.97075854794962,-11.74370456707607],[-45.95861098381553,-11.74712365473864],[-45.9548091858959,-11.74860867545609],[-45.95164452320621,-11.74505415401955],[-45.9479016258992,-11.7420950861802],[-45.94369420761923,-11.73982136255522],[-45.93915008318501,-11.73830205367985],[-45.93440728807011,-11.73758331317778],[-45.92960988852915,-11.73768697657833],[-45.92490360916574,-11.73860989821496],[-45.92043141020456,-11.74032404631158],[-45.91632914824663,-11.74277735342772],[-45.9127214518125,-11.7458952965747],[-45.90971793657536,-11.74958315921991],[-45.90740987503988,-11.75372890672849],[-45.90586742181827,-11.75820658816961],[-45.90513747898261,-11.76288016139925],[-45.90524226671467,-11.76760762542594],[-45.90617864319192,-11.77224533464334],[-45.90791819497076,-11.77665236389916],[-45.90957818519875,-11.77951553003243],[-45.90169019423494,-11.77435875690514],[-45.8911473556411,-11.77232696728122],[-45.88132312058018,-11.77428415576295],[-45.88238586738553,-11.76893216867325],[-45.88025711810592,-11.75855748039704],[-45.87426139180779,-11.74977508155803],[-45.86531162174986,-11.7439218008277],[-45.85477012606578,-11.74188856073632],[-45.84424132636314,-11.74398485139427],[-45.83532773764526,-11.74989164374587],[-45.83128043610438,-11.75500193260482],[-45.82906120565932,-11.75924064609134],[-45.8283260056546,-11.76106205093377],[-45.82792820848073,-11.76174220787544],[-45.82475741166739,-11.76403027353647],[-45.82196373009328,-11.7664481883275],[-45.81705161118686,-11.77307777019966],[-45.81623549202838,-11.77450584553492],[-45.81537315546671,-11.77560846059345],[-45.81469990019146,-11.77673909062524],[-45.81297973887823,-11.78015820317225],[-45.81177073506807,-11.78368491514369],[-45.81163106955145,-11.7846438230133],[-45.81102334870733,-11.78683580048122],[-45.80637133462454,-11.78964671606107],[-45.80370128067771,-11.79154067528107],[-45.80115347917786,-11.79355542514026],[-45.80014076995457,-11.79418237551318],[-45.7959726993393,-11.79789924695193],[-45.79469314555447,-11.79917005288746],[-45.79207384427534,-11.80218336109055],[-45.78901378023245,-11.80680951001538],[-45.78693153552131,-11.81097017089586],[-45.78660747335904,-11.81248124746807],[-45.78589386132084,-11.81363219459078],[-45.7853618479428,-11.81524570643767],[-45.78516244040648,-11.81649771499213],[-45.7843864402092,-11.81918463554762],[-45.78403174766381,-11.82141161725306],[-45.78352907888891,-11.82177271416905],[-45.78238943425377,-11.82308903706565],[-45.78180363967104,-11.82403442125855],[-45.78062596511327,-11.8254805501209],[-45.77485407158594,-11.82960779174466],[-45.77167597238272,-11.8331355155955],[-45.77097776710382,-11.83362514560169],[-45.77014030920039,-11.83454896335655],[-45.76910465083629,-11.83617822978118],[-45.76658596794397,-11.83948244430811],[-45.76589566141335,-11.84074719672121],[-45.76278756534226,-11.84166249566347],[-45.75547407963994,-11.84353127082023],[-45.75432114917277,-11.84419207191632],[-45.75211711922924,-11.84485501401281],[-45.75112181016131,-11.84537340605558],[-45.74980908023458,-11.84571467508753],[-45.74730562393093,-11.84689296322439],[-45.73926788367176,-11.84848974545639],[-45.73725630858398,-11.84982128517539],[-45.73621510890177,-11.85015758548993],[-45.73110479526479,-11.85332885062827],[-45.72874156577674,-11.85284971885413],[-45.72701751446919,-11.85282733799087],[-45.71648325740296,-11.85491921264851],[-45.70891138579986,-11.85957447579688],[-45.70800322908162,-11.86036021797981],[-45.70733806178965,-11.86115612238917],[-45.70665507898679,-11.86160808782948],[-45.70527865176391,-11.86359036254016],[-45.70024193913656,-11.86653367058145],[-45.69860527154066,-11.86788409070641],[-45.69751985453382,-11.86815001163438],[-45.69584161084715,-11.86911850803035],[-45.69270212045318,-11.87053953661983],[-45.68916882196032,-11.87249667388996],[-45.67842043832661,-11.87458786713948],[-45.6769172678972,-11.87548899983482],[-45.67114326923048,-11.87663662628923],[-45.66917526553635,-11.87762384301766],[-45.66771528121939,-11.87791345959633],[-45.66056676053365,-11.8826421445683],[-45.65567106759574,-11.88169489590329],[-45.65348746135892,-11.88212794075075],[-45.64813532305477,-11.88094935277791],[-45.64680466327529,-11.8808843089178],[-45.64613854702687,-11.88099875899541],[-45.64549726898453,-11.88087465085711],[-45.64421217256186,-11.87992626610597],[-45.64311366927477,-11.87933094166055],[-45.64031675102305,-11.8780114065034],[-45.6398271795854,-11.87791664686468],[-45.63740925882077,-11.87690393549237],[-45.62717795042995,-11.87498759941039],[-45.62629273416667,-11.8750852438183],[-45.61774862068489,-11.86948946055849],[-45.6128090660018,-11.86810085434434],[-45.60531677796832,-11.86319331239628],[-45.60444955118066,-11.86302533135809],[-45.60362656298394,-11.86257091981872],[-45.60238851342689,-11.86216002250025],[-45.59353397206531,-11.8607396659986],[-45.58968181479543,-11.86101444198735],[-45.58587140052696,-11.86175437543358],[-45.58362784044002,-11.86069851684495],[-45.58241976350074,-11.86046441375262],[-45.58027250107925,-11.85889204257354],[-45.57549632602152,-11.85655347799068],[-45.57468419381848,-11.85638269500613],[-45.5723923594372,-11.85470797375604],[-45.56764468021898,-11.85222315458626],[-45.56516583311839,-11.85135155977766],[-45.56120058811414,-11.85018511324602],[-45.55617389550571,-11.84707346507227],[-45.54966824684256,-11.84581198955099],[-45.54730051312729,-11.84493270599381],[-45.54546313050543,-11.84454745180235],[-45.54094981890533,-11.84196867076826],[-45.53724738848483,-11.84049908184565],[-45.52456442405636,-11.83822212040688],[-45.52383241950662,-11.83836695574681],[-45.51970870127526,-11.83756684593802],[-45.51822139954886,-11.8376688224459],[-45.51727105178971,-11.83722794899877],[-45.50672778616316,-11.83518188440847],[-45.50538986717109,-11.83543898759278],[-45.50287682300694,-11.83512245310384],[-45.49234111280854,-11.83720604690909],[-45.49155958832252,-11.83772240286357],[-45.49053629135087,-11.83802252764899],[-45.48932380429599,-11.83862409357828],[-45.48475946229323,-11.84188064820877],[-45.48387790345586,-11.84238851831975],[-45.48220396542433,-11.84370387263952],[-45.48093484279505,-11.84497961178071],[-45.47861485629397,-11.84700058329097],[-45.4778546326849,-11.84786967027389],[-45.47723293794605,-11.84769720961288],[-45.47239640844229,-11.84394381438297],[-45.4711380014016,-11.84318230366092],[-45.46721809377815,-11.84121625307723],[-45.46458634439967,-11.84022424751786],[-45.4548101866887,-11.83847453851385],[-45.44810269236906,-11.83930241843648],[-45.44613007607833,-11.83976628187891],[-45.44166056039012,-11.84117176920371],[-45.43610069190064,-11.84423659084293],[-45.43490973990836,-11.84508495643697],[-45.43154369061204,-11.84791485801504],[-45.42653969334933,-11.8552328015024],[-45.42027245905595,-11.85112154586977],[-45.40972923997637,-11.84907186752569],[-45.39919216407086,-11.85115204133925],[-45.39026499532888,-11.85704547707358],[-45.38761666614189,-11.86096123880968],[-45.38197558371538,-11.85986399526867],[-45.37973156826211,-11.86025121317318],[-45.38043158795711,-11.85675998531109],[-45.37929598431916,-11.85117635569618],[-45.37952254468543,-11.8508413840309],[-45.38057149207361,-11.845609775242],[-45.38352884121714,-11.84123710166767],[-45.38561078805544,-11.83085214618538],[-45.383499913466,-11.82047286680876],[-45.37751798871689,-11.81167931815801],[-45.37724904665887,-11.81150280224856],[-45.37774467494847,-11.80903069083778],[-45.37563428783889,-11.79865132285584],[-45.37419028133236,-11.79652835819021],[-45.37587141804522,-11.78814304989007],[-45.37376128515339,-11.77776364582872],[-45.36998113729234,-11.77220548432091],[-45.36902358525714,-11.76749471386259],[-45.36304331135917,-11.75870077972395],[-45.35410322929655,-11.75283095772284],[-45.34356420103925,-11.75077868100405],[-45.33303027990893,-11.75285631978512],[-45.32812110904546,-11.7559808102251],[-45.32628742487744,-11.75700322121808],[-45.32562128169231,-11.75714020455024],[-45.32443970996931,-11.75761850769393],[-45.32123858911859,-11.7591762478449],[-45.3191330618826,-11.76038096931622],[-45.31419297238866,-11.76401942430896],[-45.3127349981871,-11.76538834112332],[-45.31217465536176,-11.76615998191353],[-45.31073556267736,-11.76607258435528],[-45.30973179034879,-11.76582706035114],[-45.30847287052946,-11.76570878096178],[-45.30582892240181,-11.76558627637663],[-45.2997636457669,-11.76625927832922],[-45.29786405425351,-11.76672713216649],[-45.29517104643408,-11.76620223883442],[-45.28463613194145,-11.76827811282034],[-45.27570904740538,-11.77416797667552],[-45.26974869948056,-11.78297535566867],[-45.26910057647309,-11.78620180367967],[-45.26404920326353,-11.78719666879267],[-45.25512106387637,-11.79308590255941],[-45.25403739827665,-11.79468688321344],[-45.25124384529421,-11.79414200812997],[-45.24070750471359,-11.79621628345584],[-45.23177856476443,-11.80210479684774],[-45.2304888965862,-11.80400971348999],[-45.22946659388031,-11.80348942594564],[-45.22383743795495,-11.80189286911012],[-45.2134963387894,-11.79987571228911],[-45.21067766850158,-11.80043026172442],[-45.2106531855034,-11.80180898892244],[-45.21024404973799,-11.80322872145039],[-45.20974154295737,-11.80439163946489],[-45.20895984866422,-11.80459766864745],[-45.20794479719316,-11.8041500067245],[-45.20728677387843,-11.80326122724703],[-45.20667205222772,-11.80318837226655],[-45.20579286349427,-11.80397658356392],[-45.20461394785222,-11.80317853214209],[-45.20366654319574,-11.80340706013733],[-45.20245707516556,-11.80400722955843],[-45.20108269746121,-11.80446676525132],[-45.19987679308299,-11.80434444648753],[-45.19907120387725,-11.80459694646082],[-45.19734323979623,-11.80479839627397],[-45.19630015667096,-11.80523619620971],[-45.19577520254103,-11.80614261357428],[-45.19548102910723,-11.80821545552175],[-45.19485981922161,-11.80944769541264],[-45.19417006392199,-11.81019017173673],[-45.19269788391531,-11.81127846555469],[-45.19283414825986,-11.81242113061017],[-45.19306701251773,-11.81316805493862],[-45.19320061497407,-11.81484675098763],[-45.19285770831073,-11.81719902962437],[-45.19303526747051,-11.81955381893983],[-45.19258519000787,-11.81966817860435],[-45.1919255544336,-11.81910564418966],[-45.19060246127053,-11.81874965890662],[-45.18986640101334,-11.81928214480585],[-45.18894293461528,-11.81944082178213],[-45.18844856230626,-11.81894899755527],[-45.18821500777976,-11.81834190388379],[-45.18748545820401,-11.81756926390452],[-45.18687489879189,-11.81665736094154],[-45.18578828227832,-11.81632580499199],[-45.18339233913858,-11.81761932627123],[-45.18088451326058,-11.81763043750427],[-45.18064513118403,-11.81818862312769],[-45.17964846678301,-11.81878973302526],[-45.17935942539296,-11.81981380137956],[-45.17935486190531,-11.82072272419672],[-45.17849217156329,-11.8229093100785],[-45.17825043812026,-11.82393360779355],[-45.17774951630728,-11.82474688461888],[-45.17696703594818,-11.82509266098973],[-45.17611064660868,-11.82602073131574],[-45.17596201068596,-11.82734846330143],[-45.17609551725161,-11.82902716716126],[-45.17555019577738,-11.82925756643497],[-45.17493108030604,-11.83004695462432],[-45.17422073192966,-11.83016001340529],[-45.1726638419269,-11.82924345136389],[-45.17197609458871,-11.82956637167989],[-45.17112049842358,-11.83033128714249],[-45.17066768578791,-11.8309816435311],[-45.17044392304913,-11.83312472412618],[-45.16979900460945,-11.83433348779877],[-45.16931851633941,-11.83577611963439],[-45.1692191652233,-11.83670788306997],[-45.16967632778957,-11.8398797786555],[-45.16945561474063,-11.84141690948606],[-45.16966124736683,-11.84286290653708],[-45.17043966618024,-11.84333284883879],[-45.17057938829119,-11.84377635269059],[-45.1700299105979,-11.84482244043787],[-45.17042789132481,-11.84566341692666],[-45.17120620173296,-11.84615666257795],[-45.17157982196151,-11.84713735545366],[-45.17101727745867,-11.85077037454933],[-45.17041622789623,-11.85265523489895],[-45.16872394340037,-11.85509409055481],[-45.16755854380556,-11.85627698741778],[-45.16613817705802,-11.85640984514934],[-45.16514595229612,-11.85610198388126],[-45.16198604541906,-11.85398885642933],[-45.16090061349933,-11.85340084523817],[-45.15959903626285,-11.85344103117211],[-45.15850826761988,-11.85390176607602],[-45.15498055078874,-11.85432712331938],[-45.15388953238134,-11.8548344519092],[-45.15345982324558,-11.85557812079858],[-45.15291335682983,-11.85601822810294],[-45.15149202858952,-11.85633745781603],[-45.15035128471527,-11.85731065125157],[-45.14914074473253,-11.85805043014455],[-45.14743822030113,-11.85783219601661],[-45.14673473357478,-11.85659345754592],[-45.14688112994556,-11.85573185515638],[-45.14743023883617,-11.85477903443853],[-45.14672280829669,-11.85430938307594],[-45.14586946130767,-11.85460810926593],[-45.14432536579857,-11.85394329193462],[-45.14466213869792,-11.85560644529291],[-45.15063771185371,-11.86440501559956],[-45.15536731920199,-11.86751397226358],[-45.15626939680639,-11.87077280452183],[-45.15867181338389,-11.87449276649527],[-45.15884900769333,-11.87552481181434],[-45.15931208036794,-11.87683720116289],[-45.1597145163719,-11.87746910023172],[-45.15988848129162,-11.87832790176478],[-45.16058371008461,-11.87939714374962],[-45.16026502805395,-11.88129438754703],[-45.15996920384234,-11.88575927646136],[-45.15920448103886,-11.89050993675033],[-45.1589966133565,-11.89508988498258],[-45.15917833526667,-11.89827208034043],[-45.16116778512381,-11.90620713815736],[-45.16714500855632,-11.91500530728663],[-45.1760865767079,-11.92088092993907],[-45.18663103687907,-11.92293929554088],[-45.19717266809787,-11.92086695892749],[-45.2061061858514,-11.91497950532137],[-45.21207137690836,-11.90617345187419],[-45.21282857483297,-11.90240954990883],[-45.21774499086769,-11.90336873356097],[-45.21826745408629,-11.9039578049375],[-45.2272097292282,-11.90983179867088],[-45.23128959392805,-11.91062753895284],[-45.23737070237048,-11.91462164209549],[-45.24791534134351,-11.91667771104673],[-45.25845622447111,-11.91460309302609],[-45.27512154351663,-11.90378987026567],[-45.27901959090818,-11.89803216589177],[-45.28620547792354,-11.90275034058676],[-45.296749983761,-11.90480458665095],[-45.30728999851839,-11.90272815951764],[-45.30824108710937,-11.90210081068084],[-45.30889822059832,-11.90536262960377],[-45.31488011658198,-11.9141575752701],[-45.3238247371083,-11.9200284468902],[-45.32587290263118,-11.92042718419131],[-45.32801915607897,-11.92183578844257],[-45.3298947666915,-11.92871407771977],[-45.33021762356872,-11.92918865834566],[-45.33033025258884,-11.92969120637966],[-45.3331594080182,-11.93550488576282],[-45.33335614624772,-11.93622042583099],[-45.33387729422513,-11.93698970551194],[-45.33486559806554,-11.93999967808782],[-45.33556846269025,-11.94244052320285],[-45.33630147223313,-11.94604621252096],[-45.33604022757634,-11.94641664477663],[-45.33557189885752,-11.94672557918269],[-45.33269868387162,-11.95001055034602],[-45.32881451417298,-11.95652116476794],[-45.32672958354479,-11.96690569776265],[-45.32883961056984,-11.97728532375939],[-45.3348237792132,-11.98607974293811],[-45.34377121662655,-11.99194987603739],[-45.3543195691941,-11.99400184942856],[-45.36486251813858,-11.99192319648168],[-45.36634716673653,-11.99094376995581],[-45.3702499670101,-11.9973635879262],[-45.37288330768758,-12.00036196567716],[-45.3818320125067,-12.00623083960611],[-45.39238116807035,-12.00828135187905],[-45.39474442678661,-12.00781513461731],[-45.39662375439334,-12.00904746036739],[-45.40717311406306,-12.01109740744014],[-45.41771625497314,-12.00901675807845],[-45.42664766288119,-12.00312237146537],[-45.43210370016769,-11.99505656460875],[-45.43636161906915,-12.00130862806337],[-45.44030180955228,-12.00389151085907],[-45.44070709993851,-12.00469295213226],[-45.44563429267824,-12.01126349332303],[-45.45458486114634,-12.01712997138579],[-45.46513489864008,-12.01917770456483],[-45.47567782722948,-12.01709487543064],[-45.48460816559829,-12.0111986771067],[-45.49056619342213,-12.00238696374792],[-45.49264504842554,-11.99200143597047],[-45.49255108462244,-11.99154068002409],[-45.497371230976,-11.99416570150956],[-45.49883461357388,-11.9947377432059],[-45.49962369664863,-11.9957489943877],[-45.50698476827382,-12.00057196214146],[-45.51013786123602,-12.00292256735183],[-45.51423288651841,-12.0049609707422],[-45.51779314333463,-12.0056513042946],[-45.52122044152148,-12.00747583380568],[-45.52551429698134,-12.0088587540094],[-45.53307904614922,-12.00988597508743],[-45.53480830312472,-12.00954393089291],[-45.53567728953048,-12.00980011682391],[-45.54095312639546,-12.01055588897187],[-45.54626852551576,-12.01388020460723],[-45.55088927729228,-12.01535383848965],[-45.55267191090581,-12.01559576475902],[-45.55386359994352,-12.01630044142493],[-45.55478872046042,-12.01647968143148],[-45.55730028569347,-12.01799504288523],[-45.56174307791254,-12.01940820133786],[-45.56501162046032,-12.01983955308984],[-45.56701525017467,-12.02030632278227],[-45.56867933924667,-12.0203235369488],[-45.56942815257073,-12.02045689940634],[-45.57172881977311,-12.02051168195802],[-45.57623495450255,-12.01985899389472],[-45.57752928179917,-12.01999981859917],[-45.57973289858835,-12.02050141263551],[-45.58154942332962,-12.02147419002124],[-45.59210038472904,-12.02351708234769],[-45.5939038469575,-12.0231599781487],[-45.59667771782486,-12.02427015705283],[-45.59816272540155,-12.02545959056094],[-45.60019516958399,-12.02668813357299],[-45.60113320432583,-12.02770190355171],[-45.60501299641015,-12.03070473045428],[-45.60989366669458,-12.03366305583867],[-45.61287266618108,-12.03507264089416],[-45.61337136744636,-12.03516914565069],[-45.61496753923152,-12.03583703020603],[-45.61611013719517,-12.03602766250016],[-45.62034063481008,-12.03761451974878],[-45.62338569131799,-12.03845785568626],[-45.62811995192421,-12.03917399024271],[-45.63039007526999,-12.03965647058814],[-45.63141511564802,-12.03967292058335],[-45.63232566046856,-12.03949249967138],[-45.63307346656641,-12.03963715166479],[-45.63379049258008,-12.03958448731696],[-45.6353915153846,-12.040088556771],[-45.63861746103931,-12.04074561543838],[-45.64426484193755,-12.04138734217732],[-45.64543744619285,-12.04139360585899],[-45.64760025513326,-12.04092782888455],[-45.64966482456769,-12.04103585017058],[-45.65049159984405,-12.04090408197012],[-45.65153073405946,-12.04110959477975],[-45.65361295640015,-12.04112137564641],[-45.65720674474642,-12.04040896728545],[-45.66073533418862,-12.04080106446263],[-45.66465854483466,-12.04275751134628],[-45.66846087638805,-12.04377750660246],[-45.67223980618538,-12.04500369688101],[-45.67333531202807,-12.04516001350983],[-45.67773947697062,-12.05077337457753],[-45.68273095499442,-12.05464617101766],[-45.68307881806157,-12.05515583485987],[-45.68601604644134,-12.05745382187753],[-45.68681570543343,-12.05833176919682],[-45.69063894754584,-12.06145421936552],[-45.69303651750678,-12.0629912964504],[-45.6949680243678,-12.064041433983],[-45.69550422674301,-12.06466750965078],[-45.70446166016171,-12.07052561876719],[-45.7090953945874,-12.07194617329946],[-45.71074062722544,-12.0722147203018],[-45.71156382949265,-12.07252870546316],[-45.71364865317239,-12.07285433014762],[-45.71563809663332,-12.07378237452936],[-45.71634408677005,-12.07393897505672],[-45.71704569198275,-12.07439774725527],[-45.71952721100847,-12.0752679128286],[-45.72528282768066,-12.07691457214678],[-45.72656030151575,-12.07770036716252],[-45.73063726079671,-12.07981529850897],[-45.73277535665535,-12.08061465581457],[-45.73399443976386,-12.08140213856362],[-45.73802494840486,-12.08342801734061],[-45.74045983861066,-12.08428656297805],[-45.74116556899384,-12.08479467139408],[-45.74648304834192,-12.08779238947623],[-45.75054823399291,-12.08943883695113],[-45.7553225780562,-12.09088812104601],[-45.75736000174702,-12.09128892876303],[-45.75914913524973,-12.09215199103357],[-45.76002240342957,-12.09234363063877],[-45.76655409648964,-12.0957373286134],[-45.76831402750161,-12.09687889403114],[-45.77283048049331,-12.09924834759221],[-45.77639384722037,-12.10062016896838],[-45.77925944508863,-12.10203175385464],[-45.78070841720093,-12.10259163728222],[-45.78202999945811,-12.1033363960486],[-45.78456179727973,-12.1042219507678],[-45.78745624648413,-12.10566858465406],[-45.79136922990358,-12.10727868672198],[-45.79570205657818,-12.10863156867568],[-45.80265965915815,-12.11004664527389],[-45.80475994753705,-12.11033444284511],[-45.80867457347966,-12.11060376691954],[-45.81400525663369,-12.11219617164106],[-45.82169778404872,-12.11378289549779],[-45.83021688213067,-12.11628494171346],[-45.83330564072377,-12.1166980369933],[-45.83568185236925,-12.11721919203142],[-45.83972112373944,-12.11766603138855],[-45.84409867840618,-12.11964263267979],[-45.84525398897259,-12.1198683411473],[-45.84608831778072,-12.12037188389596],[-45.85025672008307,-12.12184417735665],[-45.8525332221151,-12.12220301818742],[-45.85924197116822,-12.12389173825806],[-45.8660668282525,-12.1248606708003],[-45.87066465146472,-12.12593441039826],[-45.87272747366746,-12.12657335197867],[-45.8746318961224,-12.12681484762566],[-45.87643040196215,-12.12727814961749],[-45.88395320309736,-12.12806763633827],[-45.88619077819958,-12.12809116839952],[-45.88704548661534,-12.12792478693873],[-45.88781224465611,-12.12805271605301],[-45.89237795629404,-12.12779170079098],[-45.89662781510582,-12.1271782903936],[-45.90062676321427,-12.12614506438733],[-45.90311138612447,-12.12565138580432],[-45.90714241851782,-12.12427301174041],[-45.90964158277218,-12.12307124333607],[-45.9144352285829,-12.12140007296983],[-45.91615821330089,-12.12174560544766],[-45.91838985158299,-12.12200082068742],[-45.92561636391156,-12.12226164537973],[-45.92759041603976,-12.12268116417103],[-45.93970670514241,-12.12424554631877],[-45.94214123517396,-12.1247903719687],[-45.94669986824571,-12.1261778689719],[-45.95061911338083,-12.12783451205407],[-45.95321324591424,-12.12873542023141],[-45.95706623853123,-12.12986415876398],[-45.95823502678108,-12.13002965529792],[-45.96022405907064,-12.1305932954715],[-45.96402198176161,-12.13124099401255],[-45.96879710392074,-12.13163930960607],[-45.97096427586998,-12.13163404821699],[-45.97688231871428,-12.1331206972499],[-45.97814684521993,-12.13325910446534],[-45.97949860084749,-12.13388995796862],[-45.98155904687923,-12.13449662206143],[-45.98433152162633,-12.1362408467379],[-45.98940853710067,-12.1377465792724],[-45.99156643632975,-12.13816908023304],[-45.99704700373792,-12.13869042617912],[-46.00059184937364,-12.1383291675202],[-46.00213268762352,-12.13860032043542],[-46.00586983421172,-12.13884213334775],[-46.01186205517031,-12.13877441883534],[-46.01808736724081,-12.13790456397347],[-46.0210140733536,-12.13706371895761],[-46.02314484363849,-12.13628598818776],[-46.03206589500872,-12.13037275916038],[-46.03800768577072,-12.12155034086767],[-46.04006584780492,-12.11116205762392],[-46.03986689626299,-12.11019704236361],[-46.05083987190869,-12.11492401758159],[-46.05304101280055,-12.11561607066247],[-46.06062504621421,-12.11881338466383],[-46.06541795504803,-12.12026063721186],[-46.06747279087071,-12.12069967939343],[-46.07011322293845,-12.12097858014641],[-46.0722825436939,-12.12199395387997],[-46.07573485509226,-12.12312985056267],[-46.07786978078199,-12.12365148805203],[-46.0839838322912,-12.1255437412801],[-46.08528897961418,-12.12574329316559],[-46.08850036151584,-12.12657937391103],[-46.0933879594176,-12.12823620042144],[-46.09678283839507,-12.12899700486485],[-46.10015948740165,-12.12933571993948],[-46.10111908270562,-12.12954543299203],[-46.10869617872582,-12.12968213779046],[-46.11212054028856,-12.12945820878401],[-46.113402551626,-12.12929501128387],[-46.12051879062117,-12.12741175869042],[-46.1258597122742,-12.12489626336718],[-46.12729923075195,-12.12438667628919],[-46.12789332082906,-12.12399256668123],[-46.12997267249051,-12.12313572595982],[-46.13094423503248,-12.12244163737484],[-46.13393308443061,-12.12074723674971],[-46.13754524076445,-12.11773186802444],[-46.14348312180948,-12.10890750260304],[-46.14553708263583,-12.09851878740728],[-46.14339487015355,-12.08814735519203],[-46.13738302459955,-12.0793720374054],[-46.13152234839036,-12.07555253101615],[-46.1274686213503,-12.06963461616722],[-46.12415943487688,-12.06747772630566],[-46.12377667634405,-12.0656236317124],[-46.11776600049215,-12.05684777423602],[-46.10880106501434,-12.05100356676921],[-46.09994358631755,-12.04930586551475],[-46.09856042755605,-12.04260194813042],[-46.09255110209589,-12.03382541592301],[-46.08731925023328,-12.02982116850966],[-46.07942382180622,-12.02585555519348],[-46.08048363915596,-12.02428087713889],[-46.08226818833465,-12.01526437323126],[-46.08371973699447,-12.01642281269606],[-46.08594904678066,-12.0176873372622],[-46.08760837481866,-12.01889094149733],[-46.08986649506937,-12.0200092220527],[-46.09501950629282,-12.02311438021381],[-46.10046356300182,-12.02468775886045],[-46.10269005478875,-12.02498823796168],[-46.11156023021704,-12.02758435514962],[-46.11771642011703,-12.02908708584152],[-46.12138047323971,-12.03022137501795],[-46.12336588719185,-12.03115340601135],[-46.12532905287608,-12.04066457591013],[-46.13133955093099,-12.04944029040342],[-46.14030485263088,-12.05528373459022],[-46.15085985415083,-12.05730510867669],[-46.16139721009412,-12.05519663204061],[-46.17031229695627,-12.04927942666146],[-46.17207816399981,-12.04644676722922],[-46.17638703135658,-12.04004022539415],[-46.17690531323112,-12.0387031184068],[-46.17799692839141,-12.03472047847069],[-46.17824280467363,-12.03250327756996],[-46.17855483372964,-12.03124956250223],[-46.17880951905753,-12.0271661886293],[-46.17877642935133,-12.02564857170587],[-46.17800194890697,-12.01922657268001],[-46.17750797077245,-12.01753236725978],[-46.17718155753411,-12.01534853812864],[-46.17593801565209,-12.01126768598119],[-46.17549395870744,-12.01000318664952],[-46.17504574685367,-12.00926082653709],[-46.1748634769123,-12.00837846311022],[-46.17224578903893,-12.00362523773125],[-46.17049833253831,-12.00133213932535],[-46.16871454817672,-11.99837382175419],[-46.16515010549624,-11.99409232634656],[-46.16092131566776,-11.99036983573374],[-46.15882108842393,-11.98895114170678],[-46.15559246565226,-11.98642260326536],[-46.15016295175851,-11.9834947212322],[-46.1495604922775,-11.98337930762652],[-46.14205175131342,-11.97987386418326],[-46.14130298161427,-11.97973039621724],[-46.14073946824225,-11.97938300316756],[-46.13948102730271,-11.97894806033671],[-46.13295784977898,-11.97694347672988],[-46.12570745009388,-11.97517052018717],[-46.12371909944339,-11.97449753209988],[-46.12020235868073,-11.97356202793284],[-46.11890691714326,-11.97307856769663],[-46.11602757033259,-11.97240572411289],[-46.11335610135333,-11.97035006569128],[-46.1108327961005,-11.9687812155811],[-46.1089126340395,-11.96682528646336],[-46.10312002732123,-11.96180306788574],[-46.10192278616163,-11.95994460428275],[-46.09929387112211,-11.95702569061127],[-46.0934128823193,-11.95264890003212],[-46.09043070519397,-11.95083181445268],[-46.08876010975679,-11.94947869242433],[-46.08613886533164,-11.94787380599473],[-46.0840822900657,-11.94626574502285],[-46.07864870828333,-11.94314230113422],[-46.07765269797555,-11.94271138514613],[-46.07687541053976,-11.94255220935036],[-46.07573934630634,-11.9419662189372],[-46.07209225462074,-11.94063403260911],[-46.06815194256681,-11.93778115683296],[-46.06738393832433,-11.93680018439956],[-46.06639452033286,-11.93595525925853],[-46.06558802834474,-11.93546657458384],[-46.06147847951259,-11.93217600605342],[-46.054971698071,-11.92822197846444],[-46.05133479898786,-11.92657829700527],[-46.04560954070029,-11.92284196741575],[-46.04354263070584,-11.92213181564928],[-46.04263761428023,-11.92149989538331],[-46.04224373614463,-11.9209680779456],[-46.04085394828604,-11.91979109027394],[-46.04040262472405,-11.91913130801755],[-46.03479113736849,-11.91454626900022],[-46.03240145542917,-11.91197882108596],[-46.02775680769941,-11.90832814169663],[-46.02639462762495,-11.9074767289954],[-46.02429387230259,-11.90640683668764],[-46.02126624164482,-11.90413777243613],[-46.0198334784812,-11.90333115767719],[-46.01784280156059,-11.90237402810897],[-46.01411590194591,-11.90031254257726],[-46.01331892362732,-11.90015939482052],[-46.01272403962246,-11.8997934120738],[-46.01108888732347,-11.89924729806114],[-46.00778743707141,-11.89734622557871],[-46.00520604298329,-11.89436169596061],[-46.00147678698338,-11.88869264801117],[-46.00133223602452,-11.88799016869223],[-45.99532970997537,-11.87921091388876],[-45.99356465175031,-11.87770214872562],[-45.9949950092501,-11.87719622000224],[-45.99869349555895,-11.87535730651764],[-46.00148878137942,-11.87326242306434],[-46.00435010067031,-11.8740669736771],[-46.01148527328954,-11.87496676971911],[-46.01236761056317,-11.87479062341062],[-46.01312273338068,-11.87491290947009],[-46.01566897743022,-11.8748203525979],[-46.01765926162312,-11.87446895701115],[-46.01941894947284,-11.8746720106374],[-46.02067750558413,-11.87469360081759],[-46.02211434232023,-11.87442220201025],[-46.02334828931027,-11.87461171249148],[-46.02502894328454,-11.8744795763018],[-46.03347052785048,-11.87246223638245],[-46.03759404350918,-11.87038941347808],[-46.03864820278483,-11.8696001707307],[-46.04776065899111,-11.86992576492668],[-46.0493266531182,-11.86965110980186],[-46.05082557038399,-11.86989056484391],[-46.05220254734317,-11.86979909320193],[-46.0539053646682,-11.86940300809456],[-46.0563676813353,-11.86998974378337],[-46.05790096848332,-11.87093426824126],[-46.06020794529751,-11.87284771910264],[-46.06145315700825,-11.8737199405369],[-46.06697253556928,-11.8767146553962],[-46.07158716703377,-11.87833882100349],[-46.07402333284132,-11.8789181927285],[-46.07796888218136,-11.88130639367883],[-46.08265988584447,-11.88502443047696],[-46.08402200753298,-11.88587556784194],[-46.08833642963555,-11.88807195781122],[-46.08900618937592,-11.88820048291351],[-46.0904278839329,-11.88885653077681],[-46.09190070910774,-11.88974798099163],[-46.09604137352424,-11.89183649963409],[-46.09922155865505,-11.89290137227383],[-46.10049845426546,-11.89324496154772],[-46.10728755251398,-11.89419999206744],[-46.10873274125044,-11.89422424705901],[-46.10950950008034,-11.89407726235516],[-46.11026053636628,-11.89420813842619],[-46.11266721009364,-11.89404142264045],[-46.11556390218986,-11.89410922418158],[-46.11612930681258,-11.89400223838942],[-46.11669707244762,-11.89410532131728],[-46.12007759842322,-11.89400007550234],[-46.12134764015028,-11.89372132505691],[-46.12600885656541,-11.89311151717295],[-46.13866035328662,-11.89485843909945],[-46.14039512272851,-11.89499521026401],[-46.14533880402782,-11.89751623375913],[-46.14945528320143,-11.8990187561294],[-46.15270814056444,-11.89964030389596],[-46.15568777615185,-11.90005084623731],[-46.15898978010277,-11.90003729955086]]]}},{"type":"Feature","properties":{"id":"ID_00002","name":"APA de São Desidério","descriptio":"<html xmlns:fo=\"http://www.w3.org/1999/XSL/Format\" xmlns:msxsl=\"urn:schemas-microsoft-com:xslt\">\n\n<head>\n\n<META http-equiv=\"Content-Type\" content=\"text/html\">\n\n<meta http-equiv=\"content-type\" content=\"text/html; charset=UTF-8\">\n\n</head>\n\n<body style=\"mar","timestamp":"","begin":"","end":"","altitudemo":"clampToGround","tessellate":-1,"extrude":0,"visibility":-1,"draworder":null,"icon":"","snippet":""},"geometry":{"type":"Polygon","coordinates":[[[-44.86924900886432,-12.35685048730638],[-44.86647457614622,-12.35552117906326],[-44.86562633242615,-12.35541042485568],[-44.85763144724427,-12.35289093195851],[-44.85612553540792,-12.35291880228124],[-44.85569460014804,-12.35305502377529],[-44.85350565400744,-12.35469878792973],[-44.85302110568886,-12.35483338056963],[-44.85283297370339,-12.35521344035562],[-44.85084325393471,-12.35589430581927],[-44.85094955879505,-12.36075557300643],[-44.85307768464407,-12.3664066216333],[-44.85389169356938,-12.36755730162473],[-44.85397128983331,-12.36787839555686],[-44.85381907196823,-12.36937275789714],[-44.85356090726827,-12.37038007674326],[-44.85336032184901,-12.3706123581762],[-44.85278349700169,-12.3707873193245],[-44.85189541995256,-12.37129909793322],[-44.85047219777023,-12.3736109344269],[-44.84811461792297,-12.37535114896167],[-44.84772230270013,-12.37598344394779],[-44.84740753539818,-12.37683088463835],[-44.84729539266107,-12.37805921326897],[-44.84568371295221,-12.3806865239969],[-44.84219253672986,-12.38171233445281],[-44.84115032584875,-12.38456197273217],[-44.83735596718015,-12.38947373094669],[-44.83654338008238,-12.38989724164207],[-44.83640934291984,-12.39041009232964],[-44.83683213280401,-12.39107627035649],[-44.83806701783103,-12.39217506053567],[-44.84849799919029,-12.38998904949938],[-44.85150270573495,-12.39082889337579],[-44.84375759797429,-12.40005704810496],[-44.84280064970672,-12.40215780098791],[-44.84262236228037,-12.40357761506773],[-44.84293781481377,-12.40412054264518],[-44.84375363685386,-12.40471879645571],[-44.84445411557791,-12.40498365374809],[-44.84487949346403,-12.40545499921151],[-44.84588733554075,-12.40595228675775],[-44.84694338177052,-12.40683007593581],[-44.84755834683821,-12.40699049860191],[-44.84789711250746,-12.40740458036944],[-44.84795953795942,-12.40778036290845],[-44.84770130439321,-12.40863359338746],[-44.84830836228678,-12.41010464819898],[-44.84896297463029,-12.41049194827656],[-44.85000358708705,-12.41157887057401],[-44.85126024414411,-12.41327965156865],[-44.85147592391332,-12.41479872524119],[-44.85107122332774,-12.41661633393479],[-44.85159040035276,-12.41687302928361],[-44.85353004988371,-12.41726027139297],[-44.85496868492568,-12.4180034668803],[-44.85549580418661,-12.41761129512712],[-44.8562142331802,-12.41730648876528],[-44.85616007141623,-12.41677888960327],[-44.85664733900239,-12.41660563219419],[-44.85719461245809,-12.41659873702885],[-44.85769656587454,-12.41676528061805],[-44.85893718984405,-12.41749650351689],[-44.8599702403139,-12.41754242680157],[-44.86037293817429,-12.41730180202014],[-44.86010866986324,-12.41695957124055],[-44.86000603523303,-12.41654082804588],[-44.86021588189553,-12.41617167972383],[-44.86113755203501,-12.41596394601035],[-44.86168334560526,-12.41521719667069],[-44.86260057857548,-12.41486249114471],[-44.86296420255274,-12.41575006108221],[-44.86345948564919,-12.41620030686841],[-44.863234180213,-12.4166892729707],[-44.86297188728853,-12.41687732177322],[-44.86282984291146,-12.41768412555953],[-44.86308622070381,-12.41939107687749],[-44.86355047466602,-12.41942097078889],[-44.86393938912507,-12.41914714355947],[-44.86468735124875,-12.41891005696567],[-44.86484557833193,-12.41925314985187],[-44.86619648535542,-12.41864088344793],[-44.86643351822791,-12.41840326393043],[-44.86681293543877,-12.41850511329444],[-44.86722119488327,-12.41823168669039],[-44.86759776169214,-12.41816135021102],[-44.86849198264149,-12.41852734269152],[-44.86998435049702,-12.41995286195948],[-44.87037276398552,-12.42064422715038],[-44.8705350496224,-12.42151048723059],[-44.87114847793776,-12.42200002748268],[-44.87169655796355,-12.42194198112446],[-44.87214070075338,-12.42210484979605],[-44.87208038715162,-12.42161418253118],[-44.87246956285804,-12.42118164580706],[-44.87391154335,-12.42123603545298],[-44.87462050434925,-12.42139513251254],[-44.87577631218042,-12.42218856263503],[-44.87665329991277,-12.42218160428275],[-44.87795796375847,-12.42188409338671],[-44.87889919056454,-12.42258610794738],[-44.87935938608712,-12.42314949945966],[-44.87953211122889,-12.42380621351582],[-44.87924099948101,-12.42422145837728],[-44.87888913478917,-12.42599192931124],[-44.87889025089015,-12.42669814514033],[-44.87833760114467,-12.42740492516823],[-44.87889491445456,-12.42789393188441],[-44.87950328829722,-12.42783854778172],[-44.88038689999293,-12.42691242922671],[-44.88116430407343,-12.42685715275469],[-44.88188880064411,-12.4271846756395],[-44.88266722697454,-12.42794490617585],[-44.88283341361098,-12.42865007891792],[-44.88322222505055,-12.42946428567903],[-44.88394645437302,-12.43055057604844],[-44.88483528069055,-12.43098444121839],[-44.88572464123374,-12.43071336767362],[-44.88661575682957,-12.42940899078961],[-44.88711654912656,-12.42908296128573],[-44.88767181606217,-12.42940964840648],[-44.88778376389997,-12.42989835449112],[-44.88934270984382,-12.43299600716127],[-44.88933441180659,-12.43396784119278],[-44.89060132957823,-12.43461114393007],[-44.89142615778312,-12.43433653051942],[-44.89171683050653,-12.43396479562392],[-44.8923895184365,-12.43369660771246],[-44.89439620353098,-12.43342741218892],[-44.89634563872568,-12.43353688881745],[-44.89746673178617,-12.4338106233437],[-44.9050778821577,-12.43844587963699],[-44.9061270668367,-12.43822424240458],[-44.90769958496085,-12.44099998474111],[-44.91112299128265,-12.44514922749112],[-44.91096993463295,-12.44568849616395],[-44.91118703619794,-12.44622659891751],[-44.91106649857821,-12.44663012132877],[-44.91142678626534,-12.44741732217467],[-44.91121970431856,-12.44863903393301],[-44.91185423479511,-12.44886941862087],[-44.9121904689187,-12.44880046524121],[-44.91355301145821,-12.44927743036694],[-44.91415452290327,-12.4491898892899],[-44.91459373419455,-12.44956603867469],[-44.91502505009737,-12.45039602322029],[-44.91560061149043,-12.45067052443189],[-44.91610186757139,-12.45064146958458],[-44.91710740184507,-12.45138047478796],[-44.9175545676986,-12.45199456734213],[-44.91828639899264,-12.45253720625028],[-44.91888417671323,-12.45259284798866],[-44.93056981563868,-12.44983931865172],[-44.93082053474011,-12.45020764051291],[-44.93103927401135,-12.45117068170206],[-44.93122597521518,-12.45148034236918],[-44.93150034704107,-12.45155335914565],[-44.93196920841351,-12.45143642423393],[-44.93193087222771,-12.45199383207568],[-44.9322404113929,-12.45230857568775],[-44.93310417788594,-12.45220291779815],[-44.9331540096552,-12.45253877128664],[-44.9328430177575,-12.4530919745352],[-44.93316025216629,-12.45465616142893],[-44.93227046556629,-12.45537912295416],[-44.93197801108611,-12.45611919442357],[-44.93229864134596,-12.45675509016397],[-44.93189136577514,-12.45733510822589],[-44.93159226663436,-12.45858337960212],[-44.9317874457572,-12.45884569458558],[-44.9319568165983,-12.45881751355372],[-44.93207208129569,-12.45896117190077],[-44.93208358738166,-12.45925615695486],[-44.9312196043584,-12.46006064043857],[-44.93112960033856,-12.46066533624505],[-44.93066971452821,-12.46112647450441],[-44.93058082283582,-12.46140962674999],[-44.93072653636381,-12.46169197278798],[-44.9311261424324,-12.46170008128906],[-44.93133933870507,-12.46188093270023],[-44.93148082891211,-12.46253006959133],[-44.93186806687419,-12.46304460980672],[-44.93180301814233,-12.46363722240863],[-44.9320375472789,-12.46401631798256],[-44.93205940341121,-12.46442456708665],[-44.93122028323625,-12.46540441762995],[-44.93067859028832,-12.46510659890506],[-44.93003100735225,-12.46546229647276],[-44.92989528456601,-12.46539583014156],[-44.92972855714618,-12.46475143161881],[-44.92921137264204,-12.46464930013764],[-44.92908526217931,-12.46479811184434],[-44.92922546047801,-12.46517069432206],[-44.92870748528352,-12.46506410292711],[-44.92851334799533,-12.46532269759033],[-44.92827709625183,-12.46528423682485],[-44.9283220596817,-12.46562771843567],[-44.92811453334531,-12.46594624121263],[-44.92866381292643,-12.46679242204044],[-44.92835362273722,-12.4669233573791],[-44.92830177717932,-12.46709017344708],[-44.92868014027089,-12.46720915456621],[-44.92874931008957,-12.46734422031488],[-44.92859294705588,-12.46747446076603],[-44.92857696740941,-12.46796217674956],[-44.92914727986987,-12.46855557073363],[-44.9291653878277,-12.46882435429047],[-44.92898850636659,-12.4698847738355],[-44.92883359876776,-12.47011574664498],[-44.92851895232148,-12.46997802827583],[-44.92841650023874,-12.47011137756801],[-44.92853467572385,-12.4708223503195],[-44.92844707918403,-12.47115198974795],[-44.9278456374558,-12.47163256330821],[-44.92851580377641,-12.47243786932056],[-44.92838211267752,-12.47285835193106],[-44.92859318945997,-12.47364641957427],[-44.92896471089361,-12.47402844467694],[-44.92906861374338,-12.4743491059429],[-44.92954416884685,-12.47475898346022],[-44.92971481389677,-12.47522523136526],[-44.92976544844057,-12.47543966158252],[-44.92952623216578,-12.47620645487721],[-44.93007236366733,-12.47688825233682],[-44.93009000097656,-12.47735697291241],[-44.92973244235205,-12.47755894010428],[-44.92966530087449,-12.47789320936299],[-44.93024461530632,-12.47824220268197],[-44.93022775834527,-12.47842560711235],[-44.92978538554188,-12.47837626072264],[-44.92970139025007,-12.47864263272741],[-44.93021147151029,-12.4790414334599],[-44.93029658361474,-12.4793241676478],[-44.93016064280773,-12.47935472346892],[-44.93017776166763,-12.47957149013306],[-44.9307225032983,-12.4797936647982],[-44.93084185636179,-12.48001212714892],[-44.93080794084612,-12.48044038863447],[-44.93135226221055,-12.48040218981541],[-44.93131790405663,-12.4805540343382],[-44.93089181666453,-12.48159872102845],[-44.93033141696922,-12.48181641831597],[-44.92939246950637,-12.48189213662036],[-44.92823629382843,-12.48242852522531],[-44.92811576574611,-12.48284321564573],[-44.92823620504515,-12.48369216662138],[-44.9285781256831,-12.48384235695655],[-44.92928886406752,-12.48350504650549],[-44.92976847146006,-12.48406409124821],[-44.92978343359538,-12.48439061359693],[-44.92885353956334,-12.48494318130726],[-44.92898143698161,-12.48546019608881],[-44.92885059702688,-12.48558845517609],[-44.92837371075736,-12.48565593550906],[-44.92826771930563,-12.4858868809709],[-44.92830416462573,-12.48631737906998],[-44.92802839598641,-12.48640069350932],[-44.92772533728993,-12.4862488313205],[-44.92754282596537,-12.48656272684939],[-44.92677334340053,-12.48653955971394],[-44.92662216372677,-12.48674150250426],[-44.92630968805931,-12.48674649469246],[-44.92640289649458,-12.48715191486944],[-44.92627301494553,-12.48732315790014],[-44.92549152904019,-12.48717130284443],[-44.92519446548442,-12.48751486296855],[-44.925114773874,-12.48784305813155],[-44.92467037500337,-12.48779064027253],[-44.92443686147853,-12.48790808601527],[-44.92423337140368,-12.48833694325479],[-44.92401201398104,-12.48848296079625],[-44.92396101378824,-12.48887871539929],[-44.92375738558628,-12.48891658152013],[-44.92360346328088,-12.48868418914803],[-44.92306196008086,-12.48936676209992],[-44.92224954009942,-12.49259757111785],[-44.92219914731987,-12.49244292630698],[-44.92208395058267,-12.49247806985861],[-44.92213434330935,-12.49263271458931],[-44.9218895413859,-12.49298416983055],[-44.92193273141989,-12.49323722277537],[-44.92157995005695,-12.49311771613342],[-44.92111915203734,-12.49374987807653],[-44.92031276551673,-12.49414349593672],[-44.92000318269982,-12.49391854329446],[-44.91977278625619,-12.49402397413749],[-44.91987356954495,-12.49445276909443],[-44.91963901910903,-12.49563039057637],[-44.91977208306228,-12.49574299087973],[-44.92008951729733,-12.49564116237239],[-44.92013270448372,-12.49591530848489],[-44.92032760098719,-12.49593386960044],[-44.92062708923994,-12.49625674721499],[-44.92052102582142,-12.49672301357473],[-44.92019230975211,-12.49716061188546],[-44.9202051041871,-12.49750236393254],[-44.91985077821957,-12.49778575418721],[-44.92011620256864,-12.49848943962887],[-44.93146887901713,-12.49923179119138],[-44.93465476635416,-12.50036703440483],[-44.93825198199359,-12.4992615169606],[-44.93888002632207,-12.50044866966793],[-44.95197193923337,-12.49559097887391],[-44.95620718553437,-12.489335804105],[-44.95443547263231,-12.48306157368089],[-44.95288312097385,-12.47686298584067],[-44.95240931109401,-12.47586335019072],[-44.95308878391382,-12.47434724297201],[-44.95334543282459,-12.47342832494024],[-44.95331918830473,-12.47210718607692],[-44.95314797024899,-12.47077146866351],[-44.95221683663684,-12.46812695870811],[-44.9530291850164,-12.46719331130443],[-44.95392219173131,-12.46672538443528],[-44.95550446850394,-12.4665240097712],[-44.9531316730088,-12.46342555976952],[-44.95233420079022,-12.46261464192628],[-44.95145529362311,-12.46211427667685],[-44.96761264367632,-12.45776102279319],[-44.97325734526627,-12.45578341059828],[-44.978730331431,-12.45772395455336],[-44.98139625433341,-12.45710472512176],[-44.98359392134299,-12.45676415029133],[-44.99042380284693,-12.45729644490954],[-44.99190076560961,-12.45975343783084],[-44.99431126029705,-12.46119247912614],[-44.99476311957477,-12.46178212883791],[-44.99519924618645,-12.4620006490044],[-44.99592683264165,-12.46270596089682],[-44.99732616312239,-12.46316095567453],[-44.99871032692327,-12.46318279970426],[-44.99906207371988,-12.46341787834262],[-44.99925415655503,-12.46310803954554],[-44.98401241473739,-12.41714412395132],[-44.98220588633053,-12.41534140205467],[-44.98083022308624,-12.41475794274967],[-44.97958826092734,-12.41441532805988],[-44.97690039492763,-12.41574094043487],[-44.97637808127713,-12.41570149787792],[-44.97579310504634,-12.41546842102927],[-44.97467390011295,-12.41411038669221],[-44.97374412184887,-12.41329405784678],[-44.97279532456452,-12.41274271836573],[-44.95843975950939,-12.40903180000078],[-44.95308587802349,-12.40928869347195],[-44.95185796821263,-12.4084098341411],[-44.95316092707149,-12.40622949960921],[-44.95288020531179,-12.40537951454842],[-44.95260525863524,-12.40513173360013],[-44.95222696014832,-12.40504677740273],[-44.95112639059453,-12.40418585636729],[-44.9495510484815,-12.40446926261511],[-44.9487614363231,-12.40490942883842],[-44.94734292556492,-12.40378542302572],[-44.94456611676581,-12.40107803462685],[-44.94217357568533,-12.39972254564731],[-44.9415105440766,-12.399471538136],[-44.94119563351106,-12.39950595491384],[-44.94002015749389,-12.39883470531065],[-44.93883821797743,-12.39762852413025],[-44.93729972839353,-12.39559936523438],[-44.9338127017252,-12.39478856398909],[-44.93297601420031,-12.39429311569359],[-44.93296590804836,-12.39372858736901],[-44.93345517893542,-12.39195424042802],[-44.93302369982253,-12.39112624033648],[-44.93324065732674,-12.39011935453095],[-44.93418533109576,-12.38810106687479],[-44.93487075172493,-12.38738215189285],[-44.9349670023971,-12.38665953468326],[-44.93450434600884,-12.38665487632186],[-44.93301116004687,-12.38612523127825],[-44.92732811653912,-12.38292822050352],[-44.923999786377,-12.38249969482406],[-44.92158935766165,-12.38297206031719],[-44.92039789203626,-12.38237198240715],[-44.91911616740638,-12.38193022284569],[-44.91724676894297,-12.38151633569275],[-44.91660112884104,-12.38153971724622],[-44.91498067759133,-12.38088856509964],[-44.90907472759112,-12.38236743242693],[-44.8993730280075,-12.38279154416753],[-44.89570083029589,-12.38199245145272],[-44.89359999999657,-12.3730999999945],[-44.88577658322116,-12.37149605802813],[-44.88553285166331,-12.3710049710974],[-44.88022673107803,-12.36613037560398],[-44.87002595479601,-12.35777538331427],[-44.86924900886432,-12.35685048730638]]]}}],"metadata":{"fonte":"Unidades de Conservacao","regiao":"Oeste da Bahia","feicoes":3,"tolerancia_graus":8e-05}}